{"type": "FeatureCollection", "crs": {"type": "name", "properties": {"name": "EPSG:25832"}}, "features": [{"type": "Feature", "geometry": {"type": "Polygon", "coordinates": [[[699424.8, 5486451.8], [699426.5, 5486454.3], [699429.3, 5486452.3], [699427.5, 5486449.8], [699424.8, 5486451.8]]]}, "properties": {"id": "B000_00", "block": "B000", "kachel": "699_5486", "klasse": "gartenhaus", "sicher": false, "notiz": "kleiner Bau mit grünem Dach an Mehrfamilienhaus, evtl. Müll-/Radhaus", "flaeche": 10.4}}, {"type": "Feature", "geometry": {"type": "Polygon", "coordinates": [[[698958.1, 5486087.0], [698958.0918140353, 5486086.833370862], [698958.0673349767, 5486086.6683464525], [698958.0267985708, 5486086.506516049], [698957.9705952053, 5486086.349438165], [698957.8992661494, 5486086.198625548], [698957.8134983409, 5486086.055530604], [698957.7141177708, 5486085.9215314165], [698957.602081528, 5486085.797918472], [698957.4784685831, 5486085.685882229], [698957.3444693962, 5486085.586501659], [698957.2013744527, 5486085.5007338505], [698957.050561835, 5486085.429404795], [698956.8934839513, 5486085.373201429], [698956.7316535475, 5486085.332665023], [698956.5666291385, 5486085.308185965], [698956.4, 5486085.3], [698956.2333708615, 5486085.308185965], [698956.0683464526, 5486085.332665023], [698955.9065160487, 5486085.373201429], [698955.749438165, 5486085.429404795], [698955.5986255474, 5486085.5007338505], [698955.4555306039, 5486085.586501659], [698955.321531417, 5486085.685882229], [698955.197918472, 5486085.797918472], [698955.0858822293, 5486085.9215314165], [698954.9865016592, 5486086.055530604], [698954.9007338507, 5486086.198625548], [698954.8294047947, 5486086.349438165], [698954.7732014293, 5486086.506516049], [698954.7326650233, 5486086.6683464525], [698954.7081859647, 5486086.833370862], [698954.7000000001, 5486087.0], [698954.7081859647, 5486087.166629138], [698954.7326650233, 5486087.3316535475], [698954.7732014293, 5486087.493483951], [698954.8294047947, 5486087.650561835], [698954.9007338507, 5486087.801374452], [698954.9865016592, 5486087.944469396], [698955.0858822293, 5486088.0784685835], [698955.197918472, 5486088.202081528], [698955.321531417, 5486088.314117771], [698955.4555306039, 5486088.413498341], [698955.5986255474, 5486088.4992661495], [698955.749438165, 5486088.570595205], [698955.9065160487, 5486088.626798571], [698956.0683464526, 5486088.667334977], [698956.2333708615, 5486088.691814035], [698956.4, 5486088.7], [698956.5666291385, 5486088.691814035], [698956.7316535475, 5486088.667334977], [698956.8934839513, 5486088.626798571], [698957.050561835, 5486088.570595205], [698957.2013744527, 5486088.4992661495], [698957.3444693962, 5486088.413498341], [698957.4784685831, 5486088.314117771], [698957.602081528, 5486088.202081528], [698957.7141177708, 5486088.0784685835], [698957.8134983409, 5486087.944469396], [698957.8992661494, 5486087.801374452], [698957.9705952053, 5486087.650561835], [698958.0267985708, 5486087.493483951], [698958.0673349767, 5486087.3316535475], [698958.0918140353, 5486087.166629138], [698958.1, 5486087.0]]]}, "properties": {"id": "B001_00", "block": "B001", "kachel": "698_5486", "klasse": "trampolin", "sicher": true, "notiz": "dunkle Sprungmatte, im Laser 2025 nicht vorhanden", "flaeche": 9.1}}, {"type": "Feature", "geometry": {"type": "Polygon", "coordinates": [[[698836.9, 5487260.8], [698836.8922955628, 5487260.643172575], [698836.8692564487, 5487260.487855485], [698836.8311045372, 5487260.335544516], [698836.778207252, 5487260.187706508], [698836.711074023, 5487260.045765221], [698836.6303513797, 5487259.911087627], [698836.5368167254, 5487259.784970745], [698836.43137085, 5487259.66862915], [698836.3150292548, 5487259.563183274], [698836.1889123729, 5487259.46964862], [698836.054234779, 5487259.388925977], [698835.9122934919, 5487259.321792748], [698835.7644554836, 5487259.268895463], [698835.6121445153, 5487259.230743552], [698835.4568274246, 5487259.207704437], [698835.3, 5487259.2], [698835.1431725755, 5487259.207704437], [698834.9878554848, 5487259.230743552], [698834.8355445164, 5487259.268895463], [698834.6877065082, 5487259.321792748], [698834.5457652211, 5487259.388925977], [698834.4110876272, 5487259.46964862], [698834.2849707453, 5487259.563183274], [698834.1686291501, 5487259.66862915], [698834.0631832747, 5487259.784970745], [698833.9696486203, 5487259.911087627], [698833.888925977, 5487260.045765221], [698833.8217927481, 5487260.187706508], [698833.7688954629, 5487260.335544516], [698833.7307435514, 5487260.487855485], [698833.7077044373, 5487260.643172575], [698833.7000000001, 5487260.8], [698833.7077044373, 5487260.9568274245], [698833.7307435514, 5487261.112144515], [698833.7688954629, 5487261.264455483], [698833.8217927481, 5487261.412293492], [698833.888925977, 5487261.5542347785], [698833.9696486203, 5487261.688912373], [698834.0631832747, 5487261.815029254], [698834.1686291501, 5487261.93137085], [698834.2849707453, 5487262.0368167255], [698834.4110876272, 5487262.1303513795], [698834.5457652211, 5487262.211074023], [698834.6877065082, 5487262.278207252], [698834.8355445164, 5487262.331104537], [698834.9878554848, 5487262.369256448], [698835.1431725755, 5487262.392295563], [698835.3, 5487262.399999999], [698835.4568274246, 5487262.392295563], [698835.6121445153, 5487262.369256448], [698835.7644554836, 5487262.331104537], [698835.9122934919, 5487262.278207252], [698836.054234779, 5487262.211074023], [698836.1889123729, 5487262.1303513795], [698836.3150292548, 5487262.0368167255], [698836.43137085, 5487261.93137085], [698836.5368167254, 5487261.815029254], [698836.6303513797, 5487261.688912373], [698836.711074023, 5487261.5542347785], [698836.778207252, 5487261.412293492], [698836.8311045372, 5487261.264455483], [698836.8692564487, 5487261.112144515], [698836.8922955628, 5487260.9568274245], [698836.9, 5487260.8]]]}, "properties": {"id": "B003_00", "block": "B003", "kachel": "698_5487", "klasse": "trampolin", "sicher": true, "notiz": "Ring auch im Laser 2025", "flaeche": 8.0}}, {"type": "Feature", "geometry": {"type": "Polygon", "coordinates": [[[699783.0, 5486031.0], [699786.0, 5486031.5], [699786.0, 5486034.0], [699783.5, 5486034.5], [699783.0, 5486031.0]]]}, "properties": {"id": "B004_00", "block": "B004", "kachel": "699_5486", "klasse": "pool", "sicher": false, "notiz": "blaue Fläche, evtl. Plane oder Planschbecken", "flaeche": 8.2}}, {"type": "Feature", "geometry": {"type": "Polygon", "coordinates": [[[698906.3, 5486933.6], [698906.2889248714, 5486933.374560577], [698906.2558061449, 5486933.151292259], [698906.2009627721, 5486932.932345242], [698906.1249229248, 5486932.7198281055], [698906.028418908, 5486932.515787505], [698905.9123801083, 5486932.322188464], [698905.7779240428, 5486932.140895446], [698905.6263455967, 5486931.973654403], [698905.4591045536, 5486931.8220759565], [698905.277811536, 5486931.687619891], [698905.0842124947, 5486931.571581092], [698904.8801718944, 5486931.475077075], [698904.6676547577, 5486931.399037227], [698904.4487077406, 5486931.344193854], [698904.2254394228, 5486931.311075129], [698904.0, 5486931.3], [698903.7745605772, 5486931.311075129], [698903.5512922594, 5486931.344193854], [698903.3323452423, 5486931.399037227], [698903.1198281056, 5486931.475077075], [698902.9157875053, 5486931.571581092], [698902.722188464, 5486931.687619891], [698902.5408954464, 5486931.8220759565], [698902.3736544033, 5486931.973654403], [698902.2220759572, 5486932.140895446], [698902.0876198917, 5486932.322188464], [698901.971581092, 5486932.515787505], [698901.8750770752, 5486932.7198281055], [698901.7990372279, 5486932.932345242], [698901.7441938551, 5486933.151292259], [698901.7110751286, 5486933.374560577], [698901.7, 5486933.6], [698901.7110751286, 5486933.825439422], [698901.7441938551, 5486934.04870774], [698901.7990372279, 5486934.267654757], [698901.8750770752, 5486934.480171894], [698901.971581092, 5486934.684212495], [698902.0876198917, 5486934.877811535], [698902.2220759572, 5486935.059104553], [698902.3736544033, 5486935.226345596], [698902.5408954464, 5486935.377924043], [698902.722188464, 5486935.512380108], [698902.9157875053, 5486935.6284189075], [698903.1198281056, 5486935.724922924], [698903.3323452423, 5486935.800962772], [698903.5512922594, 5486935.855806145], [698903.7745605772, 5486935.888924871], [698904.0, 5486935.899999999], [698904.2254394228, 5486935.888924871], [698904.4487077406, 5486935.855806145], [698904.6676547577, 5486935.800962772], [698904.8801718944, 5486935.724922924], [698905.0842124947, 5486935.6284189075], [698905.277811536, 5486935.512380108], [698905.4591045536, 5486935.377924043], [698905.6263455967, 5486935.226345596], [698905.7779240428, 5486935.059104553], [698905.9123801083, 5486934.877811535], [698906.028418908, 5486934.684212495], [698906.1249229248, 5486934.480171894], [698906.2009627721, 5486934.267654757], [698906.2558061449, 5486934.04870774], [698906.2889248714, 5486933.825439422], [698906.3, 5486933.6]]]}, "properties": {"id": "B005_00", "block": "B005", "kachel": "698_5486", "klasse": "trampolin", "sicher": true, "notiz": "", "flaeche": 16.6}}, {"type": "Feature", "geometry": {"type": "Polygon", "coordinates": [[[698921.5, 5486943.8], [698927.5, 5486943.8], [698927.5, 5486950.0], [698921.5, 5486950.0], [698921.5, 5486943.8]]]}, "properties": {"id": "B005_01", "block": "B005", "kachel": "698_5486", "klasse": "carport_garage", "sicher": true, "notiz": "Garage an der Zufahrt, nicht im Hausumring (keine Zielklasse)", "flaeche": 37.2}}, {"type": "Feature", "geometry": {"type": "Polygon", "coordinates": [[[698187.752536558, 5486784.241369812], [698187.338426086, 5486785.786851133], [698184.247463442, 5486784.958630189], [698184.661573914, 5486783.413148868], [698187.752536558, 5486784.241369812]]]}, "properties": {"id": "B007_00", "block": "B007", "kachel": "698_5486", "klasse": "gewaechshaus", "sicher": false, "notiz": "helles längliches Objekt im Garten, evtl. Frühbeet/Folientunnel", "flaeche": 5.1}}, {"type": "Feature", "geometry": {"type": "Polygon", "coordinates": [[[698114.2438441033, 5487019.323441953], [698114.5401736286, 5487022.7105039265], [698110.3561558968, 5487023.076558046], [698110.0598263713, 5487019.689496073], [698114.2438441033, 5487019.323441953]]]}, "properties": {"id": "B010_00", "block": "B010", "kachel": "698_5487", "klasse": "gartenhaus", "sicher": true, "notiz": "Schuppen im Garten, Laser 2–2,5 m", "flaeche": 14.3}}, {"type": "Feature", "geometry": {"type": "Polygon", "coordinates": [[[698125.2312506493, 5487029.47991978], [698126.2665268297, 5487033.343623086], [698123.3687493508, 5487034.1200802205], [698122.3334731704, 5487030.256376915], [698125.2312506493, 5487029.47991978]]]}, "properties": {"id": "B010_01", "block": "B010", "kachel": "698_5487", "klasse": "gartenhaus", "sicher": false, "notiz": "weißer Pavillon/Zelt, im Laser 2025 nicht vorhanden", "flaeche": 12.0}}, {"type": "Feature", "geometry": {"type": "Polygon", "coordinates": [[[698141.4900748135, 5487027.829041521], [698141.9415600753, 5487030.389541678], [698137.5099251865, 5487031.170958478], [698137.0584399247, 5487028.610458321], [698141.4900748135, 5487027.829041521]]]}, "properties": {"id": "B010_02", "block": "B010", "kachel": "698_5487", "klasse": "gartenhaus", "sicher": false, "notiz": "graues Dach unter Bewuchs", "flaeche": 11.7}}, {"type": "Feature", "geometry": {"type": "Polygon", "coordinates": [[[699209.15, 5486785.2], [699209.1410917444, 5486785.01866829], [699209.1144527688, 5486784.839082904], [699209.0703396212, 5486784.662973347], [699209.0091771352, 5486784.492035651], [699208.9315543391, 5486784.327916037], [699208.8382187828, 5486784.1721950695], [699208.7300693388, 5486784.026372424], [699208.6081475453, 5486783.891852455], [699208.4736275758, 5486783.769930662], [699208.3278049311, 5486783.661781217], [699208.1720839632, 5486783.568445661], [699208.0079643499, 5486783.490822865], [699207.837026653, 5486783.429660379], [699207.6609170957, 5486783.385547232], [699207.4813317097, 5486783.358908256], [699207.3, 5486783.350000001], [699207.1186682904, 5486783.358908256], [699206.9390829044, 5486783.385547232], [699206.7629733471, 5486783.429660379], [699206.5920356502, 5486783.490822865], [699206.4279160369, 5486783.568445661], [699206.272195069, 5486783.661781217], [699206.1263724243, 5486783.769930662], [699205.9918524548, 5486783.891852455], [699205.8699306613, 5486784.026372424], [699205.7617812173, 5486784.1721950695], [699205.668445661, 5486784.327916037], [699205.5908228649, 5486784.492035651], [699205.5296603789, 5486784.662973347], [699205.4855472313, 5486784.839082904], [699205.4589082557, 5486785.01866829], [699205.4500000001, 5486785.2], [699205.4589082557, 5486785.38133171], [699205.4855472313, 5486785.560917096], [699205.5296603789, 5486785.737026653], [699205.5908228649, 5486785.90796435], [699205.668445661, 5486786.072083963], [699205.7617812173, 5486786.227804931], [699205.8699306613, 5486786.373627576], [699205.9918524548, 5486786.508147545], [699206.1263724243, 5486786.630069339], [699206.272195069, 5486786.738218783], [699206.4279160369, 5486786.831554339], [699206.5920356502, 5486786.909177136], [699206.7629733471, 5486786.970339621], [699206.9390829044, 5486787.0144527685], [699207.1186682904, 5486787.041091745], [699207.3, 5486787.05], [699207.4813317097, 5486787.041091745], [699207.6609170957, 5486787.0144527685], [699207.837026653, 5486786.970339621], [699208.0079643499, 5486786.909177136], [699208.1720839632, 5486786.831554339], [699208.3278049311, 5486786.738218783], [699208.4736275758, 5486786.630069339], [699208.6081475453, 5486786.508147545], [699208.7300693388, 5486786.373627576], [699208.8382187828, 5486786.227804931], [699208.9315543391, 5486786.072083963], [699209.0091771352, 5486785.90796435], [699209.0703396212, 5486785.737026653], [699209.1144527688, 5486785.560917096], [699209.1410917444, 5486785.38133171], [699209.15, 5486785.2]]]}, "properties": {"id": "B011_00", "block": "B011", "kachel": "699_5486", "klasse": "pool", "sicher": true, "notiz": "Aufstellpool, im Laser 2025 nicht vorhanden", "flaeche": 10.7}}, {"type": "Feature", "geometry": {"type": "Polygon", "coordinates": [[[699290.533595294, 5486744.953502924], [699291.7648678098, 5486748.336396359], [699287.0664047061, 5486750.046497076], [699285.8351321903, 5486746.663603641], [699290.533595294, 5486744.953502924]]]}, "properties": {"id": "B011_01", "block": "B011", "kachel": "699_5486", "klasse": "carport_garage", "sicher": false, "notiz": "Anbau/Garage am Haus, nicht im Hausumring", "flaeche": 18.0}}, {"type": "Feature", "geometry": {"type": "Polygon", "coordinates": [[[699263.5, 5486716.0], [699268.5, 5486715.5], [699269.0, 5486721.0], [699264.0, 5486722.0], [699263.5, 5486716.0]]]}, "properties": {"id": "B011_02", "block": "B011", "kachel": "699_5486", "klasse": "gartenhaus", "sicher": false, "notiz": "nur im Laser 2025 (2–3 m), im DOP 2023 nicht vorhanden", "flaeche": 29.1}}, {"type": "Feature", "geometry": {"type": "Polygon", "coordinates": [[[699924.6140607987, 5486291.509845477], [699925.7085252572, 5486294.5168618625], [699921.3859392013, 5486296.090154522], [699920.2914747428, 5486293.083138136], [699924.6140607987, 5486291.509845477]]]}, "properties": {"id": "B012_00", "block": "B012", "kachel": "699_5486", "klasse": "gartenhaus", "sicher": true, "notiz": "weißes Dach, Laser ~1,7 m", "flaeche": 14.7}}, {"type": "Feature", "geometry": {"type": "Polygon", "coordinates": [[[699921.480227679, 5486284.133612393], [699923.012316565, 5486285.419187613], [699920.1197723215, 5486288.8663876075], [699918.5876834355, 5486287.580812387], [699921.480227679, 5486284.133612393]]]}, "properties": {"id": "B012_01", "block": "B012", "kachel": "699_5486", "klasse": "gewaechshaus", "sicher": false, "notiz": "weißes längliches Objekt, evtl. Gewächshaus oder Anhänger", "flaeche": 9.0}}, {"type": "Feature", "geometry": {"type": "Polygon", "coordinates": [[[699237.6, 5486247.6], [699237.589887926, 5486247.394164005], [699237.5596490889, 5486247.190310324], [699237.509574705, 5486246.990402177], [699237.4401470183, 5486246.796364792], [699237.3520346552, 5486246.6100668525], [699237.2460861858, 5486246.4333025105], [699237.1233219521, 5486246.267774103], [699236.9849242405, 5486246.11507576], [699236.8322258968, 5486245.976678047], [699236.6666974893, 5486245.853913814], [699236.4899331473, 5486245.747965344], [699236.3036352079, 5486245.659852982], [699236.1095978222, 5486245.590425295], [699235.9096896762, 5486245.540350911], [699235.7058359947, 5486245.510112073], [699235.5, 5486245.5], [699235.2941640053, 5486245.510112073], [699235.0903103238, 5486245.540350911], [699234.8904021778, 5486245.590425295], [699234.6963647921, 5486245.659852982], [699234.5100668527, 5486245.747965344], [699234.3333025107, 5486245.853913814], [699234.1677741032, 5486245.976678047], [699234.0150757595, 5486246.11507576], [699233.8766780479, 5486246.267774103], [699233.7539138142, 5486246.4333025105], [699233.6479653448, 5486246.6100668525], [699233.5598529817, 5486246.796364792], [699233.490425295, 5486246.990402177], [699233.4403509111, 5486247.190310324], [699233.410112074, 5486247.394164005], [699233.4, 5486247.6], [699233.410112074, 5486247.805835994], [699233.4403509111, 5486248.009689676], [699233.490425295, 5486248.209597822], [699233.5598529817, 5486248.403635208], [699233.6479653448, 5486248.589933147], [699233.7539138142, 5486248.766697489], [699233.8766780479, 5486248.932225896], [699234.0150757595, 5486249.08492424], [699234.1677741032, 5486249.223321952], [699234.3333025107, 5486249.346086185], [699234.5100668527, 5486249.452034655], [699234.6963647921, 5486249.540147018], [699234.8904021778, 5486249.609574704], [699235.0903103238, 5486249.659649088], [699235.2941640053, 5486249.689887926], [699235.5, 5486249.699999999], [699235.7058359947, 5486249.689887926], [699235.9096896762, 5486249.659649088], [699236.1095978222, 5486249.609574704], [699236.3036352079, 5486249.540147018], [699236.4899331473, 5486249.452034655], [699236.6666974893, 5486249.346086185], [699236.8322258968, 5486249.223321952], [699236.9849242405, 5486249.08492424], [699237.1233219521, 5486248.932225896], [699237.2460861858, 5486248.766697489], [699237.3520346552, 5486248.589933147], [699237.4401470183, 5486248.403635208], [699237.509574705, 5486248.209597822], [699237.5596490889, 5486248.009689676], [699237.589887926, 5486247.805835994], [699237.6, 5486247.6]]]}, "properties": {"id": "B015_00", "block": "B015", "kachel": "699_5486", "klasse": "pool", "sicher": true, "notiz": "runder Aufstellpool, Laser ohne Echo (Wasser)", "flaeche": 13.8}}, {"type": "Feature", "geometry": {"type": "Polygon", "coordinates": [[[698118.75, 5486981.0], [698118.75, 5486983.6], [698115.8500000001, 5486983.6], [698115.8500000001, 5486981.0], [698118.75, 5486981.0]]]}, "properties": {"id": "B016_00", "block": "B016", "kachel": "698_5486", "klasse": "gartenhaus", "sicher": true, "notiz": "kleiner Schuppen, Laser ~2 m", "flaeche": 7.5}}, {"type": "Feature", "geometry": {"type": "Polygon", "coordinates": [[[698150.7687696444, 5486974.364019712], [698151.3765382664, 5486977.810846848], [698147.8312303557, 5486978.435980288], [698147.2234617337, 5486974.989153152], [698150.7687696444, 5486974.364019712]]]}, "properties": {"id": "B016_01", "block": "B016", "kachel": "698_5486", "klasse": "gartenhaus", "sicher": true, "notiz": "rotes Dach, Laser ~2 m", "flaeche": 12.6}}, {"type": "Feature", "geometry": {"type": "Polygon", "coordinates": [[[698164.3154346277, 5486912.250209756], [698165.4801203306, 5486916.596875975], [698159.6845653728, 5486918.149790245], [698158.5198796699, 5486913.803124026], [698164.3154346277, 5486912.250209756]]]}, "properties": {"id": "B016_02", "block": "B016", "kachel": "698_5486", "klasse": "gartenhaus", "sicher": false, "notiz": "blaues Dach neben Gärtnerei-Gewächshäusern", "flaeche": 27.0}}, {"type": "Feature", "geometry": {"type": "Polygon", "coordinates": [[[698170.8735571583, 5486911.376442842], [698168.6235571583, 5486915.273557159], [698164.7264428413, 5486913.023557159], [698166.9764428413, 5486909.126442842], [698170.8735571583, 5486911.376442842]]]}, "properties": {"id": "B016_03", "block": "B016", "kachel": "698_5486", "klasse": "gewaechshaus", "sicher": false, "notiz": "weißes Dach an der Gärtnerei, Gewächshaus oder Schuppen", "flaeche": 20.2}}, {"type": "Feature", "geometry": {"type": "Polygon", "coordinates": [[[698057.0150635089, 5487321.431346652], [698054.9150635093, 5487325.068653347], [698050.5849364907, 5487322.568653347], [698052.6849364904, 5487318.931346652], [698057.0150635089, 5487321.431346652]]]}, "properties": {"id": "B017_00", "block": "B017", "kachel": "698_5487", "klasse": "gartenhaus", "sicher": true, "notiz": "helles Dach, Laser ~2,5 m", "flaeche": 21.0}}, {"type": "Feature", "geometry": {"type": "Polygon", "coordinates": [[[698046.0978225644, 5487354.010964303], [698045.3453782494, 5487356.078288068], [698042.9021774353, 5487355.189035696], [698043.6546217501, 5487353.121711931], [698046.0978225644, 5487354.010964303]]]}, "properties": {"id": "B017_01", "block": "B017", "kachel": "698_5487", "klasse": "gartenhaus", "sicher": false, "notiz": "kleines braunes Dach, im Laser 2025 nicht vorhanden", "flaeche": 5.7}}, {"type": "Feature", "geometry": {"type": "Polygon", "coordinates": [[[698034.7, 5487584.3], [698034.6918140353, 5487584.133370861], [698034.6673349767, 5487583.968346452], [698034.6267985707, 5487583.8065160485], [698034.5705952053, 5487583.649438165], [698034.4992661494, 5487583.498625548], [698034.4134983409, 5487583.355530604], [698034.3141177708, 5487583.221531416], [698034.202081528, 5487583.097918472], [698034.0784685831, 5487582.985882229], [698033.9444693961, 5487582.886501659], [698033.8013744527, 5487582.80073385], [698033.650561835, 5487582.729404795], [698033.4934839513, 5487582.673201429], [698033.3316535475, 5487582.632665023], [698033.1666291385, 5487582.608185965], [698033.0, 5487582.6], [698032.8333708615, 5487582.608185965], [698032.6683464525, 5487582.632665023], [698032.5065160487, 5487582.673201429], [698032.349438165, 5487582.729404795], [698032.1986255473, 5487582.80073385], [698032.0555306039, 5487582.886501659], [698031.9215314169, 5487582.985882229], [698031.797918472, 5487583.097918472], [698031.6858822292, 5487583.221531416], [698031.5865016591, 5487583.355530604], [698031.5007338506, 5487583.498625548], [698031.4294047947, 5487583.649438165], [698031.3732014293, 5487583.8065160485], [698031.3326650233, 5487583.968346452], [698031.3081859647, 5487584.133370861], [698031.3, 5487584.3], [698031.3081859647, 5487584.466629138], [698031.3326650233, 5487584.631653547], [698031.3732014293, 5487584.793483951], [698031.4294047947, 5487584.9505618345], [698031.5007338506, 5487585.101374452], [698031.5865016591, 5487585.244469396], [698031.6858822292, 5487585.378468583], [698031.797918472, 5487585.502081527], [698031.9215314169, 5487585.61411777], [698032.0555306039, 5487585.713498341], [698032.1986255473, 5487585.799266149], [698032.349438165, 5487585.870595205], [698032.5065160487, 5487585.926798571], [698032.6683464525, 5487585.967334976], [698032.8333708615, 5487585.991814035], [698033.0, 5487586.0], [698033.1666291385, 5487585.991814035], [698033.3316535475, 5487585.967334976], [698033.4934839513, 5487585.926798571], [698033.650561835, 5487585.870595205], [698033.8013744527, 5487585.799266149], [698033.9444693961, 5487585.713498341], [698034.0784685831, 5487585.61411777], [698034.202081528, 5487585.502081527], [698034.3141177708, 5487585.378468583], [698034.4134983409, 5487585.244469396], [698034.4992661494, 5487585.101374452], [698034.5705952053, 5487584.9505618345], [698034.6267985707, 5487584.793483951], [698034.6673349767, 5487584.631653547], [698034.6918140353, 5487584.466629138], [698034.7, 5487584.3]]]}, "properties": {"id": "B018_00", "block": "B018", "kachel": "698_5487", "klasse": "trampolin", "sicher": true, "notiz": "Rahmen und dunkle Matte", "flaeche": 9.1}}, {"type": "Feature", "geometry": {"type": "Polygon", "coordinates": [[[698029.7000000001, 5487584.6], [698029.695666254, 5487584.511784573], [698029.6827067524, 5487584.42441871], [698029.6612463022, 5487584.33874379], [698029.6314915793, 5487584.2555849105], [698029.5937291379, 5487584.175742936], [698029.5483226511, 5487584.09998679], [698029.4957094081, 5487584.029046044], [698029.4363961031, 5487583.963603897], [698029.3709539558, 5487583.904290591], [698029.3000132098, 5487583.851677349], [698029.2242570632, 5487583.806270862], [698029.1444150892, 5487583.76850842], [698029.0612562096, 5487583.738753698], [698028.9755812899, 5487583.717293248], [698028.8882154264, 5487583.704333746], [698028.8, 5487583.699999999], [698028.7117845737, 5487583.704333746], [698028.6244187102, 5487583.717293248], [698028.5387437905, 5487583.738753698], [698028.4555849109, 5487583.76850842], [698028.3757429369, 5487583.806270862], [698028.2999867903, 5487583.851677349], [698028.2290460443, 5487583.904290591], [698028.163603897, 5487583.963603897], [698028.104290592, 5487584.029046044], [698028.051677349, 5487584.09998679], [698028.0062708622, 5487584.175742936], [698027.9685084207, 5487584.2555849105], [698027.9387536979, 5487584.33874379], [698027.9172932477, 5487584.42441871], [698027.9043337461, 5487584.511784573], [698027.9, 5487584.6], [698027.9043337461, 5487584.688215426], [698027.9172932477, 5487584.775581289], [698027.9387536979, 5487584.861256209], [698027.9685084207, 5487584.944415089], [698028.0062708622, 5487585.024257063], [698028.051677349, 5487585.1000132095], [698028.104290592, 5487585.1709539555], [698028.163603897, 5487585.236396102], [698028.2290460443, 5487585.295709408], [698028.2999867903, 5487585.34832265], [698028.3757429369, 5487585.393729137], [698028.4555849109, 5487585.431491579], [698028.5387437905, 5487585.461246301], [698028.6244187102, 5487585.482706752], [698028.7117845737, 5487585.495666253], [698028.8, 5487585.5], [698028.8882154264, 5487585.495666253], [698028.9755812899, 5487585.482706752], [698029.0612562096, 5487585.461246301], [698029.1444150892, 5487585.431491579], [698029.2242570632, 5487585.393729137], [698029.3000132098, 5487585.34832265], [698029.3709539558, 5487585.295709408], [698029.4363961031, 5487585.236396102], [698029.4957094081, 5487585.1709539555], [698029.5483226511, 5487585.1000132095], [698029.5937291379, 5487585.024257063], [698029.6314915793, 5487584.944415089], [698029.6612463022, 5487584.861256209], [698029.6827067524, 5487584.775581289], [698029.695666254, 5487584.688215426], [698029.7000000001, 5487584.6]]]}, "properties": {"id": "B018_01", "block": "B018", "kachel": "698_5487", "klasse": "pool", "sicher": false, "notiz": "kleiner runder Ring, Planschbecken oder Feuerschale", "flaeche": 2.5}}, {"type": "Feature", "geometry": {"type": "Polygon", "coordinates": [[[698092.5, 5487550.3], [698092.4918140353, 5487550.133370861], [698092.4673349768, 5487549.968346452], [698092.4267985708, 5487549.8065160485], [698092.3705952053, 5487549.649438165], [698092.2992661494, 5487549.498625548], [698092.2134983409, 5487549.355530604], [698092.1141177708, 5487549.221531416], [698092.0020815281, 5487549.097918472], [698091.8784685831, 5487548.985882229], [698091.7444693962, 5487548.886501659], [698091.6013744527, 5487548.80073385], [698091.4505618351, 5487548.729404795], [698091.2934839514, 5487548.673201429], [698091.1316535475, 5487548.632665023], [698090.9666291386, 5487548.608185965], [698090.8, 5487548.6], [698090.6333708615, 5487548.608185965], [698090.4683464526, 5487548.632665023], [698090.3065160487, 5487548.673201429], [698090.149438165, 5487548.729404795], [698089.9986255474, 5487548.80073385], [698089.8555306039, 5487548.886501659], [698089.721531417, 5487548.985882229], [698089.597918472, 5487549.097918472], [698089.4858822293, 5487549.221531416], [698089.3865016592, 5487549.355530604], [698089.3007338507, 5487549.498625548], [698089.2294047948, 5487549.649438165], [698089.1732014293, 5487549.8065160485], [698089.1326650233, 5487549.968346452], [698089.1081859648, 5487550.133370861], [698089.1000000001, 5487550.3], [698089.1081859648, 5487550.466629138], [698089.1326650233, 5487550.631653547], [698089.1732014293, 5487550.793483951], [698089.2294047948, 5487550.9505618345], [698089.3007338507, 5487551.101374452], [698089.3865016592, 5487551.244469396], [698089.4858822293, 5487551.378468583], [698089.597918472, 5487551.502081527], [698089.721531417, 5487551.61411777], [698089.8555306039, 5487551.713498341], [698089.9986255474, 5487551.799266149], [698090.149438165, 5487551.870595205], [698090.3065160487, 5487551.926798571], [698090.4683464526, 5487551.967334976], [698090.6333708615, 5487551.991814035], [698090.8, 5487552.0], [698090.9666291386, 5487551.991814035], [698091.1316535475, 5487551.967334976], [698091.2934839514, 5487551.926798571], [698091.4505618351, 5487551.870595205], [698091.6013744527, 5487551.799266149], [698091.7444693962, 5487551.713498341], [698091.8784685831, 5487551.61411777], [698092.0020815281, 5487551.502081527], [698092.1141177708, 5487551.378468583], [698092.2134983409, 5487551.244469396], [698092.2992661494, 5487551.101374452], [698092.3705952053, 5487550.9505618345], [698092.4267985708, 5487550.793483951], [698092.4673349768, 5487550.631653547], [698092.4918140353, 5487550.466629138], [698092.5, 5487550.3]]]}, "properties": {"id": "B018_02", "block": "B018", "kachel": "698_5487", "klasse": "pool", "sicher": false, "notiz": "weißes rundes Objekt: abgedeckter Pool oder Schirm", "flaeche": 9.1}}, {"type": "Feature", "geometry": {"type": "Polygon", "coordinates": [[[698026.8580098297, 5487566.299886077], [698028.5484828767, 5487569.925117224], [698024.7419901714, 5487571.700113923], [698023.0515171243, 5487568.074882776], [698026.8580098297, 5487566.299886077]]]}, "properties": {"id": "B018_03", "block": "B018", "kachel": "698_5487", "klasse": "gartenhaus", "sicher": true, "notiz": "türkises Dach, Laser ~2 m", "flaeche": 16.8}}, {"type": "Feature", "geometry": {"type": "Polygon", "coordinates": [[[698019.0655444567, 5487563.252756813], [698020.7655444569, 5487566.197243187], [698017.7344555436, 5487567.947243187], [698016.0344555434, 5487565.002756813], [698019.0655444567, 5487563.252756813]]]}, "properties": {"id": "B018_04", "block": "B018", "kachel": "698_5487", "klasse": "gartenhaus", "sicher": true, "notiz": "weißes Dach, Laser ~2 m", "flaeche": 11.9}}, {"type": "Feature", "geometry": {"type": "Polygon", "coordinates": [[[698057.7999999999, 5487562.2], [698057.7894063987, 5487561.984362291], [698057.7577276168, 5487561.770801292], [698057.7052687386, 5487561.561373711], [698057.6325349715, 5487561.358096449], [698057.5402267815, 5487561.16292718], [698057.4292331471, 5487560.977745487], [698057.3006229973, 5487560.804334775], [698057.1556349186, 5487560.644365082], [698056.9956652251, 5487560.499377003], [698056.8222545126, 5487560.370766853], [698056.637072821, 5487560.259773219], [698056.4419035512, 5487560.167465028], [698056.2386262899, 5487560.094731262], [698056.0291987084, 5487560.042272383], [698055.8156377088, 5487560.0105936015], [698055.6, 5487560.0], [698055.3843622912, 5487560.0105936015], [698055.1708012916, 5487560.042272383], [698054.9613737101, 5487560.094731262], [698054.7580964487, 5487560.167465028], [698054.5629271789, 5487560.259773219], [698054.3777454874, 5487560.370766853], [698054.2043347749, 5487560.499377003], [698054.0443650814, 5487560.644365082], [698053.8993770026, 5487560.804334775], [698053.7707668529, 5487560.977745487], [698053.6597732184, 5487561.16292718], [698053.5674650285, 5487561.358096449], [698053.4947312614, 5487561.561373711], [698053.4422723831, 5487561.770801292], [698053.4105936013, 5487561.984362291], [698053.4, 5487562.2], [698053.4105936013, 5487562.415637709], [698053.4422723831, 5487562.629198709], [698053.4947312614, 5487562.83862629], [698053.5674650285, 5487563.041903552], [698053.6597732184, 5487563.237072821], [698053.7707668529, 5487563.422254513], [698053.8993770026, 5487563.595665226], [698054.0443650814, 5487563.755634919], [698054.2043347749, 5487563.900622997], [698054.3777454874, 5487564.029233147], [698054.5629271789, 5487564.140226781], [698054.7580964487, 5487564.232534972], [698054.9613737101, 5487564.305268738], [698055.1708012916, 5487564.357727617], [698055.3843622912, 5487564.389406399], [698055.6, 5487564.4], [698055.8156377088, 5487564.389406399], [698056.0291987084, 5487564.357727617], [698056.2386262899, 5487564.305268738], [698056.4419035512, 5487564.232534972], [698056.637072821, 5487564.140226781], [698056.8222545126, 5487564.029233147], [698056.9956652251, 5487563.900622997], [698057.1556349186, 5487563.755634919], [698057.3006229973, 5487563.595665226], [698057.4292331471, 5487563.422254513], [698057.5402267815, 5487563.237072821], [698057.6325349715, 5487563.041903552], [698057.7052687386, 5487562.83862629], [698057.7577276168, 5487562.629198709], [698057.7894063987, 5487562.415637709], [698057.7999999999, 5487562.2]]]}, "properties": {"id": "B018_05", "block": "B018", "kachel": "698_5487", "klasse": "trampolin", "sicher": false, "notiz": "dunkle runde Fläche mit Rand: Trampolin oder Pool", "flaeche": 15.2}}, {"type": "Feature", "geometry": {"type": "Polygon", "coordinates": [[[698044.5, 5486577.0], [698049.0, 5486580.3], [698052.3, 5486578.5], [698051.5, 5486574.5], [698046.5, 5486574.0], [698044.5, 5486577.0]]]}, "properties": {"id": "B019_00", "block": "B019", "kachel": "698_5486", "klasse": "gartenhaus", "sicher": false, "notiz": "dunkles Dach unter Bäumen, Laser 2–2,5 m, evtl. Garage", "flaeche": 32.5}}, {"type": "Feature", "geometry": {"type": "Polygon", "coordinates": [[[698240.9, 5486364.6], [698240.8903694534, 5486364.403965719], [698240.8615705608, 5486364.209819356], [698240.8138806715, 5486364.019430645], [698240.747759065, 5486363.834633135], [698240.6638425287, 5486363.657206526], [698240.5629392246, 5486363.488859533], [698240.4460209068, 5486363.331213431], [698240.3142135624, 5486363.185786437], [698240.1687865683, 5486363.053979093], [698240.0111404661, 5486362.937060775], [698239.8427934736, 5486362.836157471], [698239.6653668648, 5486362.752240934], [698239.4805693545, 5486362.686119328], [698239.290180644, 5486362.638429439], [698239.0960342807, 5486362.6096305465], [698238.9, 5486362.6], [698238.7039657193, 5486362.6096305465], [698238.509819356, 5486362.638429439], [698238.3194306456, 5486362.686119328], [698238.1346331353, 5486362.752240934], [698237.9572065264, 5486362.836157471], [698237.788859534, 5486362.937060775], [698237.6312134317, 5486363.053979093], [698237.4857864376, 5486363.185786437], [698237.3539790933, 5486363.331213431], [698237.2370607754, 5486363.488859533], [698237.1361574713, 5486363.657206526], [698237.052240935, 5486363.834633135], [698236.9861193285, 5486364.019430645], [698236.9384294392, 5486364.209819356], [698236.9096305467, 5486364.403965719], [698236.9, 5486364.6], [698236.9096305467, 5486364.79603428], [698236.9384294392, 5486364.990180643], [698236.9861193285, 5486365.180569354], [698237.052240935, 5486365.365366864], [698237.1361574713, 5486365.542793473], [698237.2370607754, 5486365.711140466], [698237.3539790933, 5486365.868786568], [698237.4857864376, 5486366.014213562], [698237.6312134317, 5486366.146020906], [698237.788859534, 5486366.262939224], [698237.9572065264, 5486366.363842528], [698238.1346331353, 5486366.447759065], [698238.3194306456, 5486366.513880671], [698238.509819356, 5486366.561570561], [698238.7039657193, 5486366.590369453], [698238.9, 5486366.6], [698239.0960342807, 5486366.590369453], [698239.290180644, 5486366.561570561], [698239.4805693545, 5486366.513880671], [698239.6653668648, 5486366.447759065], [698239.8427934736, 5486366.363842528], [698240.0111404661, 5486366.262939224], [698240.1687865683, 5486366.146020906], [698240.3142135624, 5486366.014213562], [698240.4460209068, 5486365.868786568], [698240.5629392246, 5486365.711140466], [698240.6638425287, 5486365.542793473], [698240.747759065, 5486365.365366864], [698240.8138806715, 5486365.180569354], [698240.8615705608, 5486364.990180643], [698240.8903694534, 5486364.79603428], [698240.9, 5486364.6]]]}, "properties": {"id": "B020_00", "block": "B020", "kachel": "698_5486", "klasse": "trampolin", "sicher": false, "notiz": "Ring mit hellem Zentrum, im Laser niedriger Ring: Trampolin oder rundes Beet", "flaeche": 12.5}}, {"type": "Feature", "geometry": {"type": "Polygon", "coordinates": [[[698292.2000000001, 5486332.100000001], [698292.2000000001, 5486334.7], [698287.4, 5486334.7], [698287.4, 5486332.100000001], [698292.2000000001, 5486332.100000001]]]}, "properties": {"id": "B020_01", "block": "B020", "kachel": "698_5486", "klasse": "gartenhaus", "sicher": false, "notiz": "weiß-rotes Objekt, Gartenhaus oder Wohnwagen", "flaeche": 12.5}}, {"type": "Feature", "geometry": {"type": "Polygon", "coordinates": [[[698179.351037557, 5487839.388199126], [698179.6299359335, 5487842.576022159], [698174.648962443, 5487843.011800873], [698174.3700640665, 5487839.82397784], [698179.351037557, 5487839.388199126]]]}, "properties": {"id": "B022_00", "block": "B022", "kachel": "698_5487", "klasse": "gartenhaus", "sicher": true, "notiz": "hellblaues Dach, Laser ~2 m", "flaeche": 16.0}}, {"type": "Feature", "geometry": {"type": "Polygon", "coordinates": [[[698126.356199171, 5487829.928624845], [698125.5921471893, 5487834.261778959], [698122.243800829, 5487833.671375155], [698123.0078528108, 5487829.3382210415], [698126.356199171, 5487829.928624845]]]}, "properties": {"id": "B022_01", "block": "B022", "kachel": "698_5487", "klasse": "gartenhaus", "sicher": true, "notiz": "weißes Dach, Laser ~2 m", "flaeche": 15.0}}, {"type": "Feature", "geometry": {"type": "Polygon", "coordinates": [[[698140.8245079849, 5487839.790856761], [698140.1299152742, 5487843.730087773], [698137.1754920151, 5487843.20914324], [698137.8700847258, 5487839.269912228], [698140.8245079849, 5487839.790856761]]]}, "properties": {"id": "B022_02", "block": "B022", "kachel": "698_5487", "klasse": "gartenhaus", "sicher": false, "notiz": "hellgraues kleines Objekt, im Laser kaum erhöht", "flaeche": 12.0}}, {"type": "Feature", "geometry": {"type": "Polygon", "coordinates": [[[699009.6000000001, 5486822.6], [699009.591332508, 5486822.4235691475], [699009.5654135047, 5486822.24883742], [699009.5224926043, 5486822.0774875805], [699009.4629831585, 5486821.911169821], [699009.3874582759, 5486821.751485873], [699009.2966453022, 5486821.59997358], [699009.1914188161, 5486821.458092088], [699009.0727922062, 5486821.3272077935], [699008.9419079116, 5486821.208581184], [699008.8000264195, 5486821.103354697], [699008.6485141263, 5486821.012541723], [699008.4888301783, 5486820.937016841], [699008.3225124191, 5486820.877507395], [699008.1511625797, 5486820.834586495], [699007.9764308527, 5486820.808667491], [699007.8, 5486820.8], [699007.6235691474, 5486820.808667491], [699007.4488374204, 5486820.834586495], [699007.277487581, 5486820.877507395], [699007.1111698218, 5486820.937016841], [699006.9514858738, 5486821.012541723], [699006.7999735806, 5486821.103354697], [699006.6580920885, 5486821.208581184], [699006.5272077939, 5486821.3272077935], [699006.408581184, 5486821.458092088], [699006.3033546979, 5486821.59997358], [699006.2125417242, 5486821.751485873], [699006.1370168416, 5486821.911169821], [699006.0775073958, 5486822.0774875805], [699006.0345864954, 5486822.24883742], [699006.0086674921, 5486822.4235691475], [699006.0, 5486822.6], [699006.0086674921, 5486822.776430852], [699006.0345864954, 5486822.9511625795], [699006.0775073958, 5486823.122512419], [699006.1370168416, 5486823.288830178], [699006.2125417242, 5486823.448514126], [699006.3033546979, 5486823.600026419], [699006.408581184, 5486823.741907911], [699006.5272077939, 5486823.872792206], [699006.6580920885, 5486823.991418815], [699006.7999735806, 5486824.096645302], [699006.9514858738, 5486824.187458276], [699007.1111698218, 5486824.262983158], [699007.277487581, 5486824.322492604], [699007.4488374204, 5486824.365413505], [699007.6235691474, 5486824.391332508], [699007.8, 5486824.399999999], [699007.9764308527, 5486824.391332508], [699008.1511625797, 5486824.365413505], [699008.3225124191, 5486824.322492604], [699008.4888301783, 5486824.262983158], [699008.6485141263, 5486824.187458276], [699008.8000264195, 5486824.096645302], [699008.9419079116, 5486823.991418815], [699009.0727922062, 5486823.872792206], [699009.1914188161, 5486823.741907911], [699009.2966453022, 5486823.600026419], [699009.3874582759, 5486823.448514126], [699009.4629831585, 5486823.288830178], [699009.5224926043, 5486823.122512419], [699009.5654135047, 5486822.9511625795], [699009.591332508, 5486822.776430852], [699009.6000000001, 5486822.6]]]}, "properties": {"id": "B024_00", "block": "B024", "kachel": "699_5486", "klasse": "trampolin", "sicher": true, "notiz": "roter Randschutz, dunkle Matte, Rahmen im Laser", "flaeche": 10.2}}, {"type": "Feature", "geometry": {"type": "Polygon", "coordinates": [[[699047.4444733914, 5486887.8920397], [699048.5432808716, 5486890.248439946], [699044.5555266086, 5486892.107960299], [699043.4567191284, 5486889.751560053], [699047.4444733914, 5486887.8920397]]]}, "properties": {"id": "B024_01", "block": "B024", "kachel": "699_5486", "klasse": "gartenhaus", "sicher": false, "notiz": "weißes Dach ~2 m: Schuppen oder Fahrzeug", "flaeche": 11.4}}, {"type": "Feature", "geometry": {"type": "Polygon", "coordinates": [[[699041.7637489834, 5486808.924512996], [699042.9950214992, 5486812.30740643], [699039.2362510161, 5486813.675487003], [699038.0049785003, 5486810.2925935695], [699041.7637489834, 5486808.924512996]]]}, "properties": {"id": "B024_02", "block": "B024", "kachel": "699_5486", "klasse": "gartenhaus", "sicher": false, "notiz": "weißer Pavillon, im Laser 2025 nicht vorhanden", "flaeche": 14.4}}, {"type": "Feature", "geometry": {"type": "Polygon", "coordinates": [[[698938.2, 5487191.5], [698938.1922955627, 5487191.343172575], [698938.1692564486, 5487191.187855485], [698938.1311045372, 5487191.0355445165], [698938.078207252, 5487190.887706508], [698938.011074023, 5487190.745765221], [698937.9303513797, 5487190.611087627], [698937.8368167253, 5487190.484970746], [698937.7313708499, 5487190.36862915], [698937.6150292547, 5487190.263183274], [698937.4889123728, 5487190.16964862], [698937.3542347789, 5487190.088925977], [698937.2122934918, 5487190.021792748], [698937.0644554836, 5487189.968895463], [698936.9121445152, 5487189.930743552], [698936.7568274245, 5487189.907704437], [698936.6, 5487189.9], [698936.4431725754, 5487189.907704437], [698936.2878554848, 5487189.930743552], [698936.1355445164, 5487189.968895463], [698935.9877065081, 5487190.021792748], [698935.845765221, 5487190.088925977], [698935.7110876271, 5487190.16964862], [698935.5849707453, 5487190.263183274], [698935.4686291501, 5487190.36862915], [698935.3631832746, 5487190.484970746], [698935.2696486203, 5487190.611087627], [698935.188925977, 5487190.745765221], [698935.121792748, 5487190.887706508], [698935.0688954628, 5487191.0355445165], [698935.0307435513, 5487191.187855485], [698935.0077044372, 5487191.343172575], [698935.0, 5487191.5], [698935.0077044372, 5487191.656827425], [698935.0307435513, 5487191.812144515], [698935.0688954628, 5487191.9644554835], [698935.121792748, 5487192.112293492], [698935.188925977, 5487192.254234779], [698935.2696486203, 5487192.388912373], [698935.3631832746, 5487192.515029254], [698935.4686291501, 5487192.63137085], [698935.5849707453, 5487192.736816726], [698935.7110876271, 5487192.83035138], [698935.845765221, 5487192.911074023], [698935.9877065081, 5487192.978207252], [698936.1355445164, 5487193.031104537], [698936.2878554848, 5487193.069256448], [698936.4431725754, 5487193.092295563], [698936.6, 5487193.1], [698936.7568274245, 5487193.092295563], [698936.9121445152, 5487193.069256448], [698937.0644554836, 5487193.031104537], [698937.2122934918, 5487192.978207252], [698937.3542347789, 5487192.911074023], [698937.4889123728, 5487192.83035138], [698937.6150292547, 5487192.736816726], [698937.7313708499, 5487192.63137085], [698937.8368167253, 5487192.515029254], [698937.9303513797, 5487192.388912373], [698938.011074023, 5487192.254234779], [698938.078207252, 5487192.112293492], [698938.1311045372, 5487191.9644554835], [698938.1692564486, 5487191.812144515], [698938.1922955627, 5487191.656827425], [698938.2, 5487191.5]]]}, "properties": {"id": "B025_00", "block": "B025", "kachel": "698_5487", "klasse": "pool", "sicher": true, "notiz": "hellblauer runder Pool", "flaeche": 8.0}}, {"type": "Feature", "geometry": {"type": "Polygon", "coordinates": [[[698980.4650635095, 5487157.017949193], [698978.4650635095, 5487160.482050808], [698974.1349364906, 5487157.982050808], [698976.1349364906, 5487154.517949193], [698980.4650635095, 5487157.017949193]]]}, "properties": {"id": "B025_01", "block": "B025", "kachel": "698_5487", "klasse": "gartenhaus", "sicher": true, "notiz": "rotes Dach, Laser ~2 m", "flaeche": 20.0}}, {"type": "Feature", "geometry": {"type": "Polygon", "coordinates": [[[698961.9, 5487135.5], [698961.8908509806, 5487135.313767433], [698961.8634920327, 5487135.129328388], [698961.818186638, 5487134.948459113], [698961.7553711118, 5487134.772901478], [698961.6756504022, 5487134.6043462], [698961.5797922633, 5487134.444416557], [698961.4687198614, 5487134.29465276], [698961.3435028843, 5487134.156497116], [698961.2053472399, 5487134.0312801385], [698961.0555834428, 5487133.920207737], [698960.8956538, 5487133.824349598], [698960.7270985215, 5487133.744628889], [698960.5515408868, 5487133.681813362], [698960.3706716119, 5487133.6365079675], [698960.1862325666, 5487133.609149019], [698960.0, 5487133.6], [698959.8137674334, 5487133.609149019], [698959.6293283881, 5487133.6365079675], [698959.4484591132, 5487133.681813362], [698959.2729014785, 5487133.744628889], [698959.1043462, 5487133.824349598], [698958.9444165572, 5487133.920207737], [698958.7946527601, 5487134.0312801385], [698958.6564971157, 5487134.156497116], [698958.5312801386, 5487134.29465276], [698958.4202077367, 5487134.444416557], [698958.3243495978, 5487134.6043462], [698958.2446288882, 5487134.772901478], [698958.181813362, 5487134.948459113], [698958.1365079673, 5487135.129328388], [698958.1091490194, 5487135.313767433], [698958.1, 5487135.5], [698958.1091490194, 5487135.686232567], [698958.1365079673, 5487135.870671612], [698958.181813362, 5487136.051540887], [698958.2446288882, 5487136.227098522], [698958.3243495978, 5487136.3956538], [698958.4202077367, 5487136.555583443], [698958.5312801386, 5487136.70534724], [698958.6564971157, 5487136.843502884], [698958.7946527601, 5487136.9687198615], [698958.9444165572, 5487137.079792263], [698959.1043462, 5487137.175650402], [698959.2729014785, 5487137.255371111], [698959.4484591132, 5487137.318186638], [698959.6293283881, 5487137.3634920325], [698959.8137674334, 5487137.390850981], [698960.0, 5487137.4], [698960.1862325666, 5487137.390850981], [698960.3706716119, 5487137.3634920325], [698960.5515408868, 5487137.318186638], [698960.7270985215, 5487137.255371111], [698960.8956538, 5487137.175650402], [698961.0555834428, 5487137.079792263], [698961.2053472399, 5487136.9687198615], [698961.3435028843, 5487136.843502884], [698961.4687198614, 5487136.70534724], [698961.5797922633, 5487136.555583443], [698961.6756504022, 5487136.3956538], [698961.7553711118, 5487136.227098522], [698961.818186638, 5487136.051540887], [698961.8634920327, 5487135.870671612], [698961.8908509806, 5487135.686232567], [698961.9, 5487135.5]]]}, "properties": {"id": "B025_02", "block": "B025", "kachel": "698_5487", "klasse": "trampolin", "sicher": true, "notiz": "Ring mit dunkler Matte", "flaeche": 11.3}}, {"type": "Feature", "geometry": {"type": "Polygon", "coordinates": [[[698968.0490381061, 5487153.584936491], [698965.5490381061, 5487157.91506351], [698962.9509618944, 5487156.41506351], [698965.4509618944, 5487152.084936491], [698968.0490381061, 5487153.584936491]]]}, "properties": {"id": "B025_03", "block": "B025", "kachel": "698_5487", "klasse": "gewaechshaus", "sicher": false, "notiz": "durchsichtiger Rahmenbau im Nutzgarten", "flaeche": 15.0}}, {"type": "Feature", "geometry": {"type": "Polygon", "coordinates": [[[698457.2000000001, 5487894.5], [698457.2000000001, 5487898.5], [698448.4, 5487898.5], [698448.4, 5487894.5], [698457.2000000001, 5487894.5]]]}, "properties": {"id": "B026_00", "block": "B026", "kachel": "698_5487", "klasse": "pool", "sicher": true, "notiz": "rechteckiger Pool mit weißem Rand", "flaeche": 35.2}}, {"type": "Feature", "geometry": {"type": "Polygon", "coordinates": [[[698973.6000000001, 5486425.5], [698973.591332508, 5486425.323569148], [698973.5654135047, 5486425.14883742], [698973.5224926043, 5486424.977487581], [698973.4629831585, 5486424.811169822], [698973.3874582759, 5486424.651485873], [698973.2966453022, 5486424.49997358], [698973.1914188161, 5486424.358092088], [698973.0727922062, 5486424.227207794], [698972.9419079116, 5486424.108581184], [698972.8000264195, 5486424.0033546975], [698972.6485141263, 5486423.912541724], [698972.4888301783, 5486423.837016841], [698972.3225124191, 5486423.7775073955], [698972.1511625797, 5486423.734586495], [698971.9764308527, 5486423.708667492], [698971.8, 5486423.7], [698971.6235691474, 5486423.708667492], [698971.4488374204, 5486423.734586495], [698971.277487581, 5486423.7775073955], [698971.1111698218, 5486423.837016841], [698970.9514858738, 5486423.912541724], [698970.7999735806, 5486424.0033546975], [698970.6580920885, 5486424.108581184], [698970.5272077939, 5486424.227207794], [698970.408581184, 5486424.358092088], [698970.3033546979, 5486424.49997358], [698970.2125417242, 5486424.651485873], [698970.1370168416, 5486424.811169822], [698970.0775073958, 5486424.977487581], [698970.0345864954, 5486425.14883742], [698970.0086674921, 5486425.323569148], [698970.0, 5486425.5], [698970.0086674921, 5486425.676430852], [698970.0345864954, 5486425.85116258], [698970.0775073958, 5486426.022512419], [698970.1370168416, 5486426.188830178], [698970.2125417242, 5486426.348514127], [698970.3033546979, 5486426.50002642], [698970.408581184, 5486426.641907912], [698970.5272077939, 5486426.772792206], [698970.6580920885, 5486426.891418816], [698970.7999735806, 5486426.9966453025], [698970.9514858738, 5486427.087458276], [698971.1111698218, 5486427.162983159], [698971.277487581, 5486427.2224926045], [698971.4488374204, 5486427.265413505], [698971.6235691474, 5486427.291332508], [698971.8, 5486427.3], [698971.9764308527, 5486427.291332508], [698972.1511625797, 5486427.265413505], [698972.3225124191, 5486427.2224926045], [698972.4888301783, 5486427.162983159], [698972.6485141263, 5486427.087458276], [698972.8000264195, 5486426.9966453025], [698972.9419079116, 5486426.891418816], [698973.0727922062, 5486426.772792206], [698973.1914188161, 5486426.641907912], [698973.2966453022, 5486426.50002642], [698973.3874582759, 5486426.348514127], [698973.4629831585, 5486426.188830178], [698973.5224926043, 5486426.022512419], [698973.5654135047, 5486425.85116258], [698973.591332508, 5486425.676430852], [698973.6000000001, 5486425.5]]]}, "properties": {"id": "B027_00", "block": "B027", "kachel": "698_5486", "klasse": "pool", "sicher": true, "notiz": "runder hellblauer Pool", "flaeche": 10.2}}, {"type": "Feature", "geometry": {"type": "Polygon", "coordinates": [[[698947.3, 5486428.5], [698947.3, 5486435.5], [698944.7, 5486435.5], [698944.7, 5486428.5], [698947.3, 5486428.5]]]}, "properties": {"id": "B027_01", "block": "B027", "kachel": "698_5486", "klasse": "gartenhaus", "sicher": false, "notiz": "längliches Objekt mit weißem Ende, Laser ~2 m", "flaeche": 18.2}}, {"type": "Feature", "geometry": {"type": "Polygon", "coordinates": [[[698961.2650353805, 5486428.074880062], [698960.8292566668, 5486433.055853552], [698959.3349646197, 5486432.925119937], [698959.7707433334, 5486427.944146447], [698961.2650353805, 5486428.074880062]]]}, "properties": {"id": "B027_02", "block": "B027", "kachel": "698_5486", "klasse": "gewaechshaus", "sicher": false, "notiz": "schmales türkises Objekt: Frühbeet/Folientunnel?", "flaeche": 7.5}}, {"type": "Feature", "geometry": {"type": "Polygon", "coordinates": [[[698994.7986741103, 5486485.692051815], [698995.678658864, 5486488.976199624], [698992.2013258892, 5486489.907948187], [698991.3213411358, 5486486.623800377], [698994.7986741103, 5486485.692051815]]]}, "properties": {"id": "B027_03", "block": "B027", "kachel": "698_5486", "klasse": "gartenhaus", "sicher": false, "notiz": "weißer Pavillon, im Laser 2025 nicht vorhanden", "flaeche": 12.2}}, {"type": "Feature", "geometry": {"type": "Polygon", "coordinates": [[[699850.7999999999, 5486150.5], [699850.7999999999, 5486156.5], [699848.4, 5486156.5], [699848.4, 5486150.5], [699850.7999999999, 5486150.5]]]}, "properties": {"id": "B028_00", "block": "B028", "kachel": "699_5486", "klasse": "gewaechshaus", "sicher": false, "notiz": "helles schmales Objekt ~2 m hoch: Gewächshaus oder Schuppen", "flaeche": 14.4}}, {"type": "Feature", "geometry": {"type": "Polygon", "coordinates": [[[699901.5, 5486123.55], [699901.5, 5486128.05], [699896.5, 5486128.05], [699896.5, 5486123.55], [699901.5, 5486123.55]]]}, "properties": {"id": "B028_01", "block": "B028", "kachel": "699_5486", "klasse": "gartenhaus", "sicher": true, "notiz": "rotes Dach am Blockrand, Laser ~2,5 m", "flaeche": 22.5}}, {"type": "Feature", "geometry": {"type": "Polygon", "coordinates": [[[698836.0, 5486405.0], [698842.0, 5486405.5], [698842.0, 5486411.5], [698836.5, 5486412.0], [698836.0, 5486405.0]]]}, "properties": {"id": "B029_00", "block": "B029", "kachel": "698_5486", "klasse": "gartenhaus", "sicher": false, "notiz": "Laser 2–2,5 m, im DOP unter Bäumen kaum sichtbar", "flaeche": 37.4}}, {"type": "Feature", "geometry": {"type": "Polygon", "coordinates": [[[699023.4, 5486174.7], [699023.4, 5486178.899999999], [699019.6, 5486178.899999999], [699019.6, 5486174.7], [699023.4, 5486174.7]]]}, "properties": {"id": "B032_00", "block": "B032", "kachel": "699_5486", "klasse": "gartenhaus", "sicher": false, "notiz": "kleiner Rahmenbau, Pergola oder Schuppen", "flaeche": 16.0}}, {"type": "Feature", "geometry": {"type": "Polygon", "coordinates": [[[699038.9, 5486119.5], [699038.8908509806, 5486119.313767433], [699038.8634920327, 5486119.129328388], [699038.818186638, 5486118.948459113], [699038.7553711118, 5486118.772901478], [699038.6756504022, 5486118.6043462], [699038.5797922633, 5486118.444416557], [699038.4687198614, 5486118.29465276], [699038.3435028843, 5486118.156497116], [699038.2053472399, 5486118.0312801385], [699038.0555834428, 5486117.920207737], [699037.8956538, 5486117.824349598], [699037.7270985215, 5486117.744628889], [699037.5515408868, 5486117.681813362], [699037.3706716119, 5486117.6365079675], [699037.1862325666, 5486117.609149019], [699037.0, 5486117.6], [699036.8137674334, 5486117.609149019], [699036.6293283881, 5486117.6365079675], [699036.4484591132, 5486117.681813362], [699036.2729014785, 5486117.744628889], [699036.1043462, 5486117.824349598], [699035.9444165572, 5486117.920207737], [699035.7946527601, 5486118.0312801385], [699035.6564971157, 5486118.156497116], [699035.5312801386, 5486118.29465276], [699035.4202077367, 5486118.444416557], [699035.3243495978, 5486118.6043462], [699035.2446288882, 5486118.772901478], [699035.181813362, 5486118.948459113], [699035.1365079673, 5486119.129328388], [699035.1091490194, 5486119.313767433], [699035.1, 5486119.5], [699035.1091490194, 5486119.686232567], [699035.1365079673, 5486119.870671612], [699035.181813362, 5486120.051540887], [699035.2446288882, 5486120.227098522], [699035.3243495978, 5486120.3956538], [699035.4202077367, 5486120.555583443], [699035.5312801386, 5486120.70534724], [699035.6564971157, 5486120.843502884], [699035.7946527601, 5486120.9687198615], [699035.9444165572, 5486121.079792263], [699036.1043462, 5486121.175650402], [699036.2729014785, 5486121.255371111], [699036.4484591132, 5486121.318186638], [699036.6293283881, 5486121.3634920325], [699036.8137674334, 5486121.390850981], [699037.0, 5486121.4], [699037.1862325666, 5486121.390850981], [699037.3706716119, 5486121.3634920325], [699037.5515408868, 5486121.318186638], [699037.7270985215, 5486121.255371111], [699037.8956538, 5486121.175650402], [699038.0555834428, 5486121.079792263], [699038.2053472399, 5486120.9687198615], [699038.3435028843, 5486120.843502884], [699038.4687198614, 5486120.70534724], [699038.5797922633, 5486120.555583443], [699038.6756504022, 5486120.3956538], [699038.7553711118, 5486120.227098522], [699038.818186638, 5486120.051540887], [699038.8634920327, 5486119.870671612], [699038.8908509806, 5486119.686232567], [699038.9, 5486119.5]]]}, "properties": {"id": "B032_01", "block": "B032", "kachel": "699_5486", "klasse": "pool", "sicher": false, "notiz": "weißes rundes Objekt: Schirm oder abgedeckter Pool", "flaeche": 11.3}}, {"type": "Feature", "geometry": {"type": "Polygon", "coordinates": [[[699115.3, 5486332.8], [699115.2865172346, 5486332.525552006], [699115.2461987851, 5486332.253747098], [699115.1794329401, 5486331.987202903], [699115.086862691, 5486331.728486389], [699114.9693795402, 5486331.480089136], [699114.8281149145, 5486331.244403347], [699114.6644292694, 5486331.023698804], [699114.4798989873, 5486330.8201010125], [699114.2763011956, 5486330.63557073], [699114.0555966524, 5486330.471885085], [699113.8199108631, 5486330.330620459], [699113.5715136107, 5486330.213137309], [699113.3127970963, 5486330.12056706], [699113.0462529017, 5486330.053801214], [699112.7744479929, 5486330.013482765], [699112.5, 5486330.0], [699112.2255520071, 5486330.013482765], [699111.9537470983, 5486330.053801214], [699111.6872029037, 5486330.12056706], [699111.4284863893, 5486330.213137309], [699111.1800891369, 5486330.330620459], [699110.9444033476, 5486330.471885085], [699110.7236988044, 5486330.63557073], [699110.5201010127, 5486330.8201010125], [699110.3355707306, 5486331.023698804], [699110.1718850855, 5486331.244403347], [699110.0306204598, 5486331.480089136], [699109.913137309, 5486331.728486389], [699109.8205670599, 5486331.987202903], [699109.7538012149, 5486332.253747098], [699109.7134827654, 5486332.525552006], [699109.7, 5486332.8], [699109.7134827654, 5486333.074447993], [699109.7538012149, 5486333.3462529015], [699109.8205670599, 5486333.612797096], [699109.913137309, 5486333.871513611], [699110.0306204598, 5486334.119910863], [699110.1718850855, 5486334.355596652], [699110.3355707306, 5486334.576301196], [699110.5201010127, 5486334.779898987], [699110.7236988044, 5486334.96442927], [699110.9444033476, 5486335.1281149145], [699111.1800891369, 5486335.26937954], [699111.4284863893, 5486335.386862691], [699111.6872029037, 5486335.47943294], [699111.9537470983, 5486335.546198785], [699112.2255520071, 5486335.586517234], [699112.5, 5486335.6], [699112.7744479929, 5486335.586517234], [699113.0462529017, 5486335.546198785], [699113.3127970963, 5486335.47943294], [699113.5715136107, 5486335.386862691], [699113.8199108631, 5486335.26937954], [699114.0555966524, 5486335.1281149145], [699114.2763011956, 5486334.96442927], [699114.4798989873, 5486334.779898987], [699114.6644292694, 5486334.576301196], [699114.8281149145, 5486334.355596652], [699114.9693795402, 5486334.119910863], [699115.086862691, 5486333.871513611], [699115.1794329401, 5486333.612797096], [699115.2461987851, 5486333.3462529015], [699115.2865172346, 5486333.074447993], [699115.3, 5486332.8]]]}, "properties": {"id": "B035_00", "block": "B035", "kachel": "699_5486", "klasse": "pool", "sicher": true, "notiz": "runder Pool, grau-blaues Wasser oder Abdeckung", "flaeche": 24.6}}, {"type": "Feature", "geometry": {"type": "Polygon", "coordinates": [[[699174.0, 5486353.0], [699173.9913325079, 5486352.823569148], [699173.9654135046, 5486352.64883742], [699173.9224926042, 5486352.477487581], [699173.8629831584, 5486352.311169822], [699173.7874582758, 5486352.151485873], [699173.6966453021, 5486351.99997358], [699173.591418816, 5486351.858092088], [699173.4727922061, 5486351.727207794], [699173.3419079115, 5486351.608581184], [699173.2000264194, 5486351.5033546975], [699173.0485141262, 5486351.412541724], [699172.8888301782, 5486351.337016841], [699172.722512419, 5486351.2775073955], [699172.5511625796, 5486351.234586495], [699172.3764308526, 5486351.208667492], [699172.2, 5486351.2], [699172.0235691473, 5486351.208667492], [699171.8488374203, 5486351.234586495], [699171.6774875809, 5486351.2775073955], [699171.5111698217, 5486351.337016841], [699171.3514858737, 5486351.412541724], [699171.1999735805, 5486351.5033546975], [699171.0580920884, 5486351.608581184], [699170.9272077938, 5486351.727207794], [699170.8085811839, 5486351.858092088], [699170.7033546978, 5486351.99997358], [699170.6125417241, 5486352.151485873], [699170.5370168415, 5486352.311169822], [699170.4775073957, 5486352.477487581], [699170.4345864953, 5486352.64883742], [699170.408667492, 5486352.823569148], [699170.3999999999, 5486353.0], [699170.408667492, 5486353.176430852], [699170.4345864953, 5486353.35116258], [699170.4775073957, 5486353.522512419], [699170.5370168415, 5486353.688830178], [699170.6125417241, 5486353.848514127], [699170.7033546978, 5486354.00002642], [699170.8085811839, 5486354.141907912], [699170.9272077938, 5486354.272792206], [699171.0580920884, 5486354.391418816], [699171.1999735805, 5486354.4966453025], [699171.3514858737, 5486354.587458276], [699171.5111698217, 5486354.662983159], [699171.6774875809, 5486354.7224926045], [699171.8488374203, 5486354.765413505], [699172.0235691473, 5486354.791332508], [699172.2, 5486354.8], [699172.3764308526, 5486354.791332508], [699172.5511625796, 5486354.765413505], [699172.722512419, 5486354.7224926045], [699172.8888301782, 5486354.662983159], [699173.0485141262, 5486354.587458276], [699173.2000264194, 5486354.4966453025], [699173.3419079115, 5486354.391418816], [699173.4727922061, 5486354.272792206], [699173.591418816, 5486354.141907912], [699173.6966453021, 5486354.00002642], [699173.7874582758, 5486353.848514127], [699173.8629831584, 5486353.688830178], [699173.9224926042, 5486353.522512419], [699173.9654135046, 5486353.35116258], [699173.9913325079, 5486353.176430852], [699174.0, 5486353.0]]]}, "properties": {"id": "B035_01", "block": "B035", "kachel": "699_5486", "klasse": "trampolin", "sicher": false, "notiz": "dunkler Ring, Trampolin oder Pool", "flaeche": 10.2}}, {"type": "Feature", "geometry": {"type": "Polygon", "coordinates": [[[699767.8, 5486140.0], [699767.7903694534, 5486139.803965719], [699767.7615705609, 5486139.609819356], [699767.7138806715, 5486139.419430645], [699767.647759065, 5486139.234633136], [699767.5638425287, 5486139.057206526], [699767.4629392247, 5486138.888859534], [699767.3460209068, 5486138.731213432], [699767.2142135624, 5486138.585786438], [699767.0687865684, 5486138.453979094], [699766.9111404661, 5486138.337060776], [699766.7427934736, 5486138.236157471], [699766.5653668648, 5486138.152240935], [699766.3805693545, 5486138.086119329], [699766.190180644, 5486138.038429439], [699765.9960342807, 5486138.009630547], [699765.8, 5486138.0], [699765.6039657193, 5486138.009630547], [699765.409819356, 5486138.038429439], [699765.2194306456, 5486138.086119329], [699765.0346331353, 5486138.152240935], [699764.8572065264, 5486138.236157471], [699764.688859534, 5486138.337060776], [699764.5312134317, 5486138.453979094], [699764.3857864377, 5486138.585786438], [699764.2539790933, 5486138.731213432], [699764.1370607754, 5486138.888859534], [699764.0361574714, 5486139.057206526], [699763.9522409351, 5486139.234633136], [699763.8861193286, 5486139.419430645], [699763.8384294392, 5486139.609819356], [699763.8096305467, 5486139.803965719], [699763.8, 5486140.0], [699763.8096305467, 5486140.196034281], [699763.8384294392, 5486140.390180644], [699763.8861193286, 5486140.580569355], [699763.9522409351, 5486140.765366864], [699764.0361574714, 5486140.942793474], [699764.1370607754, 5486141.111140466], [699764.2539790933, 5486141.268786568], [699764.3857864377, 5486141.414213562], [699764.5312134317, 5486141.546020906], [699764.688859534, 5486141.662939224], [699764.8572065264, 5486141.763842529], [699765.0346331353, 5486141.847759065], [699765.2194306456, 5486141.913880671], [699765.409819356, 5486141.961570561], [699765.6039657193, 5486141.990369453], [699765.8, 5486142.0], [699765.9960342807, 5486141.990369453], [699766.190180644, 5486141.961570561], [699766.3805693545, 5486141.913880671], [699766.5653668648, 5486141.847759065], [699766.7427934736, 5486141.763842529], [699766.9111404661, 5486141.662939224], [699767.0687865684, 5486141.546020906], [699767.2142135624, 5486141.414213562], [699767.3460209068, 5486141.268786568], [699767.4629392247, 5486141.111140466], [699767.5638425287, 5486140.942793474], [699767.647759065, 5486140.765366864], [699767.7138806715, 5486140.580569355], [699767.7615705609, 5486140.390180644], [699767.7903694534, 5486140.196034281], [699767.8, 5486140.0]]]}, "properties": {"id": "B037_00", "block": "B037", "kachel": "699_5486", "klasse": "trampolin", "sicher": true, "notiz": "Ring mit Netzrand, Laser zeigt Ring", "flaeche": 12.5}}, {"type": "Feature", "geometry": {"type": "Polygon", "coordinates": [[[698382.7999999999, 5486458.3], [698382.7999999999, 5486460.7], [698380.4, 5486460.7], [698380.4, 5486458.3], [698382.7999999999, 5486458.3]]]}, "properties": {"id": "B038_00", "block": "B038", "kachel": "698_5486", "klasse": "gartenhaus", "sicher": false, "notiz": "kleines weißes Dach ~2,5 m am Gehölz", "flaeche": 5.8}}, {"type": "Feature", "geometry": {"type": "Polygon", "coordinates": [[[698378.5, 5486428.0], [698378.5, 5486432.0], [698376.5, 5486432.0], [698376.5, 5486428.0], [698378.5, 5486428.0]]]}, "properties": {"id": "B038_01", "block": "B038", "kachel": "698_5486", "klasse": "gartenhaus", "sicher": false, "notiz": "schmaler Anbau neben Hausumring, Laser ~2 m", "flaeche": 8.0}}, {"type": "Feature", "geometry": {"type": "Polygon", "coordinates": [[[698742.5659398213, 5487662.999353237], [698742.2173168503, 5487666.98413203], [698737.8340601787, 5487666.600646762], [698738.1826831497, 5487662.61586797], [698742.5659398213, 5487662.999353237]]]}, "properties": {"id": "B039_00", "block": "B039", "kachel": "698_5487", "klasse": "gartenhaus", "sicher": true, "notiz": "Zeltdach, Laser ~2,5 m", "flaeche": 17.6}}, {"type": "Feature", "geometry": {"type": "Polygon", "coordinates": [[[698422.1000000001, 5486053.7], [698422.1000000001, 5486058.3], [698416.5, 5486058.3], [698416.5, 5486053.7], [698422.1000000001, 5486053.7]]]}, "properties": {"id": "B041_00", "block": "B041", "kachel": "698_5486", "klasse": "gartenhaus", "sicher": true, "notiz": "graues Dach, Laser ~2,5 m", "flaeche": 25.8}}, {"type": "Feature", "geometry": {"type": "Polygon", "coordinates": [[[699023.75, 5486049.2], [699023.75, 5486052.8], [699018.25, 5486052.8], [699018.25, 5486049.2], [699023.75, 5486049.2]]]}, "properties": {"id": "B043_00", "block": "B043", "kachel": "699_5486", "klasse": "gartenhaus", "sicher": true, "notiz": "rotbraunes Dach, Laser ~2,5 m", "flaeche": 19.8}}, {"type": "Feature", "geometry": {"type": "Polygon", "coordinates": [[[699034.0, 5486094.8], [699034.0, 5486097.2], [699029.6000000001, 5486097.2], [699029.6000000001, 5486094.8], [699034.0, 5486094.8]]]}, "properties": {"id": "B043_01", "block": "B043", "kachel": "699_5486", "klasse": "gartenhaus", "sicher": false, "notiz": "heller Bau unter Baum, Laser kaum erhöht: Pergola/Schuppen", "flaeche": 10.6}}, {"type": "Feature", "geometry": {"type": "Polygon", "coordinates": [[[699209.9883606434, 5486822.733996932], [699207.2886526831, 5486825.951383593], [699203.6116393562, 5486822.866003066], [699206.3113473165, 5486819.648616406], [699209.9883606434, 5486822.733996932]]]}, "properties": {"id": "B046_00", "block": "B046", "kachel": "699_5486", "klasse": "gartenhaus", "sicher": true, "notiz": "rotes Dach, Laser ~2 m", "flaeche": 20.2}}, {"type": "Feature", "geometry": {"type": "Polygon", "coordinates": [[[699231.0091752163, 5486808.914183236], [699228.4380247784, 5486811.978361008], [699224.9908247842, 5486809.085816764], [699227.5619752225, 5486806.021638992], [699231.0091752163, 5486808.914183236]]]}, "properties": {"id": "B046_01", "block": "B046", "kachel": "699_5486", "klasse": "gartenhaus", "sicher": false, "notiz": "im Laser ~2 m, im DOP unter Schatten", "flaeche": 18.0}}, {"type": "Feature", "geometry": {"type": "Polygon", "coordinates": [[[698273.9, 5486689.0], [698273.8932586174, 5486688.862776004], [698273.8730993925, 5486688.72687355], [698273.83971647, 5486688.593601452], [698273.7934313455, 5486688.464243195], [698273.73468977, 5486688.340044568], [698273.6640574572, 5486688.222201673], [698273.5822146347, 5486688.111849402], [698273.4899494937, 5486688.010050506], [698273.3881505978, 5486687.917785365], [698273.2777983262, 5486687.835942543], [698273.1599554316, 5486687.76531023], [698273.0357568053, 5486687.706568655], [698272.9063985482, 5486687.66028353], [698272.7731264508, 5486687.626900608], [698272.6372239965, 5486687.606741383], [698272.5, 5486687.6], [698272.3627760035, 5486687.606741383], [698272.2268735492, 5486687.626900608], [698272.0936014518, 5486687.66028353], [698271.9642431947, 5486687.706568655], [698271.8400445684, 5486687.76531023], [698271.7222016738, 5486687.835942543], [698271.6118494022, 5486687.917785365], [698271.5100505063, 5486688.010050506], [698271.4177853653, 5486688.111849402], [698271.3359425428, 5486688.222201673], [698271.26531023, 5486688.340044568], [698271.2065686545, 5486688.464243195], [698271.16028353, 5486688.593601452], [698271.1269006075, 5486688.72687355], [698271.1067413826, 5486688.862776004], [698271.1, 5486689.0], [698271.1067413826, 5486689.137223996], [698271.1269006075, 5486689.27312645], [698271.16028353, 5486689.406398548], [698271.2065686545, 5486689.535756805], [698271.26531023, 5486689.659955432], [698271.3359425428, 5486689.777798327], [698271.4177853653, 5486689.888150598], [698271.5100505063, 5486689.989949494], [698271.6118494022, 5486690.082214635], [698271.7222016738, 5486690.164057457], [698271.8400445684, 5486690.23468977], [698271.9642431947, 5486690.293431345], [698272.0936014518, 5486690.33971647], [698272.2268735492, 5486690.373099392], [698272.3627760035, 5486690.393258617], [698272.5, 5486690.4], [698272.6372239965, 5486690.393258617], [698272.7731264508, 5486690.373099392], [698272.9063985482, 5486690.33971647], [698273.0357568053, 5486690.293431345], [698273.1599554316, 5486690.23468977], [698273.2777983262, 5486690.164057457], [698273.3881505978, 5486690.082214635], [698273.4899494937, 5486689.989949494], [698273.5822146347, 5486689.888150598], [698273.6640574572, 5486689.777798327], [698273.73468977, 5486689.659955432], [698273.7934313455, 5486689.535756805], [698273.83971647, 5486689.406398548], [698273.8730993925, 5486689.27312645], [698273.8932586174, 5486689.137223996], [698273.9, 5486689.0]]]}, "properties": {"id": "B047_00", "block": "B047", "kachel": "698_5486", "klasse": "pool", "sicher": true, "notiz": "kleiner runder hellblauer Pool, Laser ohne Echo", "flaeche": 6.1}}, {"type": "Feature", "geometry": {"type": "Polygon", "coordinates": [[[698810.1, 5486264.6], [698810.0918140353, 5486264.433370861], [698810.0673349767, 5486264.268346452], [698810.0267985708, 5486264.106516048], [698809.9705952053, 5486263.949438165], [698809.8992661494, 5486263.798625547], [698809.8134983409, 5486263.655530604], [698809.7141177708, 5486263.521531416], [698809.602081528, 5486263.397918472], [698809.4784685831, 5486263.285882229], [698809.3444693962, 5486263.1865016585], [698809.2013744527, 5486263.10073385], [698809.050561835, 5486263.029404795], [698808.8934839513, 5486262.973201429], [698808.7316535475, 5486262.932665023], [698808.5666291385, 5486262.908185964], [698808.4, 5486262.899999999], [698808.2333708615, 5486262.908185964], [698808.0683464526, 5486262.932665023], [698807.9065160487, 5486262.973201429], [698807.749438165, 5486263.029404795], [698807.5986255474, 5486263.10073385], [698807.4555306039, 5486263.1865016585], [698807.321531417, 5486263.285882229], [698807.197918472, 5486263.397918472], [698807.0858822293, 5486263.521531416], [698806.9865016592, 5486263.655530604], [698806.9007338507, 5486263.798625547], [698806.8294047947, 5486263.949438165], [698806.7732014293, 5486264.106516048], [698806.7326650233, 5486264.268346452], [698806.7081859647, 5486264.433370861], [698806.7000000001, 5486264.6], [698806.7081859647, 5486264.766629138], [698806.7326650233, 5486264.931653547], [698806.7732014293, 5486265.093483951], [698806.8294047947, 5486265.250561834], [698806.9007338507, 5486265.401374452], [698806.9865016592, 5486265.544469396], [698807.0858822293, 5486265.678468583], [698807.197918472, 5486265.802081527], [698807.321531417, 5486265.91411777], [698807.4555306039, 5486266.013498341], [698807.5986255474, 5486266.099266149], [698807.749438165, 5486266.170595204], [698807.9065160487, 5486266.226798571], [698808.0683464526, 5486266.267334976], [698808.2333708615, 5486266.291814035], [698808.4, 5486266.3], [698808.5666291385, 5486266.291814035], [698808.7316535475, 5486266.267334976], [698808.8934839513, 5486266.226798571], [698809.050561835, 5486266.170595204], [698809.2013744527, 5486266.099266149], [698809.3444693962, 5486266.013498341], [698809.4784685831, 5486265.91411777], [698809.602081528, 5486265.802081527], [698809.7141177708, 5486265.678468583], [698809.8134983409, 5486265.544469396], [698809.8992661494, 5486265.401374452], [698809.9705952053, 5486265.250561834], [698810.0267985708, 5486265.093483951], [698810.0673349767, 5486264.931653547], [698810.0918140353, 5486264.766629138], [698810.1, 5486264.6]]]}, "properties": {"id": "B049_00", "block": "B049", "kachel": "698_5486", "klasse": "trampolin", "sicher": true, "notiz": "dunkle Matte mit hellem Rand", "flaeche": 9.1}}, {"type": "Feature", "geometry": {"type": "Polygon", "coordinates": [[[698834.2, 5486266.4], [698834.1922955627, 5486266.243172576], [698834.1692564486, 5486266.087855485], [698834.1311045372, 5486265.935544517], [698834.078207252, 5486265.787706508], [698834.011074023, 5486265.645765222], [698833.9303513797, 5486265.511087627], [698833.8368167253, 5486265.384970746], [698833.7313708499, 5486265.26862915], [698833.6150292547, 5486265.163183275], [698833.4889123728, 5486265.069648621], [698833.3542347789, 5486264.988925978], [698833.2122934918, 5486264.921792748], [698833.0644554836, 5486264.868895464], [698832.9121445152, 5486264.830743552], [698832.7568274245, 5486264.8077044375], [698832.6, 5486264.800000001], [698832.4431725754, 5486264.8077044375], [698832.2878554848, 5486264.830743552], [698832.1355445164, 5486264.868895464], [698831.9877065081, 5486264.921792748], [698831.845765221, 5486264.988925978], [698831.7110876271, 5486265.069648621], [698831.5849707453, 5486265.163183275], [698831.4686291501, 5486265.26862915], [698831.3631832746, 5486265.384970746], [698831.2696486203, 5486265.511087627], [698831.188925977, 5486265.645765222], [698831.121792748, 5486265.787706508], [698831.0688954628, 5486265.935544517], [698831.0307435513, 5486266.087855485], [698831.0077044372, 5486266.243172576], [698831.0, 5486266.4], [698831.0077044372, 5486266.556827425], [698831.0307435513, 5486266.7121445155], [698831.0688954628, 5486266.864455484], [698831.121792748, 5486267.012293492], [698831.188925977, 5486267.154234779], [698831.2696486203, 5486267.288912374], [698831.3631832746, 5486267.415029255], [698831.4686291501, 5486267.53137085], [698831.5849707453, 5486267.636816726], [698831.7110876271, 5486267.73035138], [698831.845765221, 5486267.811074023], [698831.9877065081, 5486267.878207252], [698832.1355445164, 5486267.931104537], [698832.2878554848, 5486267.969256449], [698832.4431725754, 5486267.992295563], [698832.6, 5486268.0], [698832.7568274245, 5486267.992295563], [698832.9121445152, 5486267.969256449], [698833.0644554836, 5486267.931104537], [698833.2122934918, 5486267.878207252], [698833.3542347789, 5486267.811074023], [698833.4889123728, 5486267.73035138], [698833.6150292547, 5486267.636816726], [698833.7313708499, 5486267.53137085], [698833.8368167253, 5486267.415029255], [698833.9303513797, 5486267.288912374], [698834.011074023, 5486267.154234779], [698834.078207252, 5486267.012293492], [698834.1311045372, 5486266.864455484], [698834.1692564486, 5486266.7121445155], [698834.1922955627, 5486266.556827425], [698834.2, 5486266.4]]]}, "properties": {"id": "B049_01", "block": "B049", "kachel": "698_5486", "klasse": "pool", "sicher": false, "notiz": "rundes türkises Objekt unter Pavillon/Überdachung", "flaeche": 8.0}}, {"type": "Feature", "geometry": {"type": "Polygon", "coordinates": [[[698450.4091432395, 5487375.9754920155], [698450.9300877724, 5487378.9299152745], [698446.9908567604, 5487379.624507985], [698446.4699122275, 5487376.670084726], [698450.4091432395, 5487375.9754920155]]]}, "properties": {"id": "B051_00", "block": "B051", "kachel": "698_5487", "klasse": "gartenhaus", "sicher": false, "notiz": "kleines Dach im Altstadtgarten", "flaeche": 12.0}}, {"type": "Feature", "geometry": {"type": "Polygon", "coordinates": [[[698090.3, 5487026.8], [698090.3, 5487030.2], [698086.7, 5487030.2], [698086.7, 5487026.8], [698090.3, 5487026.8]]]}, "properties": {"id": "B052_00", "block": "B052", "kachel": "698_5487", "klasse": "gartenhaus", "sicher": false, "notiz": "nur im Laser ~2,5 m, im DOP unter Bäumen", "flaeche": 12.2}}, {"type": "Feature", "geometry": {"type": "Polygon", "coordinates": [[[698135.2411257279, 5487704.611015794], [698133.4293924122, 5487711.372496578], [698129.7588742722, 5487710.388984206], [698131.5706075879, 5487703.627503422], [698135.2411257279, 5487704.611015794]]]}, "properties": {"id": "B053_00", "block": "B053", "kachel": "698_5487", "klasse": "pool", "sicher": true, "notiz": "rechteckiger hellblauer Pool", "flaeche": 26.6}}, {"type": "Feature", "geometry": {"type": "Polygon", "coordinates": [[[698140.789659326, 5487716.772842397], [698141.4052955844, 5487718.464289115], [698138.2103406736, 5487719.627157602], [698137.5947044152, 5487717.935710885], [698140.789659326, 5487716.772842397]]]}, "properties": {"id": "B053_01", "block": "B053", "kachel": "698_5487", "klasse": "pool", "sicher": false, "notiz": "türkises Rechteck, evtl. Planschbecken", "flaeche": 6.1}}, {"type": "Feature", "geometry": {"type": "Polygon", "coordinates": [[[698154.2206155424, 5487784.13511842], [698154.8110193465, 5487787.483464781], [698150.379384458, 5487788.264881581], [698149.7889806539, 5487784.91653522], [698154.2206155424, 5487784.13511842]]]}, "properties": {"id": "B053_02", "block": "B053", "kachel": "698_5487", "klasse": "gartenhaus", "sicher": true, "notiz": "rotes Dach, Laser ~2,5 m", "flaeche": 15.3}}, {"type": "Feature", "geometry": {"type": "Polygon", "coordinates": [[[698160.6494526628, 5487783.793225599], [698161.2745861022, 5487787.33853351], [698156.3505473372, 5487788.206774399], [698155.7254138978, 5487784.661466488], [698160.6494526628, 5487783.793225599]]]}, "properties": {"id": "B053_03", "block": "B053", "kachel": "698_5487", "klasse": "gartenhaus", "sicher": true, "notiz": "rotes Dach, Laser ~2,5 m", "flaeche": 18.0}}, {"type": "Feature", "geometry": {"type": "Polygon", "coordinates": [[[698138.3803989158, 5487758.286067635], [698139.4748633739, 5487761.293084021], [698137.2196010842, 5487762.113932365], [698136.1251366257, 5487759.106915979], [698138.3803989158, 5487758.286067635]]]}, "properties": {"id": "B053_04", "block": "B053", "kachel": "698_5487", "klasse": "gartenhaus", "sicher": false, "notiz": "kleiner Anbau am Haus", "flaeche": 7.7}}, {"type": "Feature", "geometry": {"type": "Polygon", "coordinates": [[[698728.3999999999, 5486728.0], [698728.3894063986, 5486727.784362291], [698728.3577276168, 5486727.570801292], [698728.3052687385, 5486727.36137371], [698728.2325349714, 5486727.1580964485], [698728.1402267815, 5486726.962927179], [698728.029233147, 5486726.777745487], [698727.9006229973, 5486726.604334774], [698727.7556349186, 5486726.444365081], [698727.5956652251, 5486726.299377003], [698727.4222545126, 5486726.170766853], [698727.237072821, 5486726.059773219], [698727.0419035512, 5486725.967465028], [698726.8386262899, 5486725.894731262], [698726.6291987083, 5486725.842272383], [698726.4156377087, 5486725.810593601], [698726.2, 5486725.8], [698725.9843622912, 5486725.810593601], [698725.7708012916, 5486725.842272383], [698725.56137371, 5486725.894731262], [698725.3580964487, 5486725.967465028], [698725.1629271789, 5486726.059773219], [698724.9777454874, 5486726.170766853], [698724.8043347748, 5486726.299377003], [698724.6443650813, 5486726.444365081], [698724.4993770026, 5486726.604334774], [698724.3707668529, 5486726.777745487], [698724.2597732184, 5486726.962927179], [698724.1674650285, 5486727.1580964485], [698724.0947312614, 5486727.36137371], [698724.0422723831, 5486727.570801292], [698724.0105936013, 5486727.784362291], [698724.0, 5486728.0], [698724.0105936013, 5486728.215637709], [698724.0422723831, 5486728.429198708], [698724.0947312614, 5486728.63862629], [698724.1674650285, 5486728.8419035515], [698724.2597732184, 5486729.037072821], [698724.3707668529, 5486729.222254513], [698724.4993770026, 5486729.395665226], [698724.6443650813, 5486729.555634919], [698724.8043347748, 5486729.700622997], [698724.9777454874, 5486729.829233147], [698725.1629271789, 5486729.940226781], [698725.3580964487, 5486730.032534972], [698725.56137371, 5486730.105268738], [698725.7708012916, 5486730.157727617], [698725.9843622912, 5486730.189406399], [698726.2, 5486730.2], [698726.4156377087, 5486730.189406399], [698726.6291987083, 5486730.157727617], [698726.8386262899, 5486730.105268738], [698727.0419035512, 5486730.032534972], [698727.237072821, 5486729.940226781], [698727.4222545126, 5486729.829233147], [698727.5956652251, 5486729.700622997], [698727.7556349186, 5486729.555634919], [698727.9006229973, 5486729.395665226], [698728.029233147, 5486729.222254513], [698728.1402267815, 5486729.037072821], [698728.2325349714, 5486728.8419035515], [698728.3052687385, 5486728.63862629], [698728.3577276168, 5486728.429198708], [698728.3894063986, 5486728.215637709], [698728.3999999999, 5486728.0]]]}, "properties": {"id": "B055_00", "block": "B055", "kachel": "698_5486", "klasse": "pool", "sicher": true, "notiz": "runder Aufstellpool", "flaeche": 15.2}}, {"type": "Feature", "geometry": {"type": "Polygon", "coordinates": [[[698707.8, 5486715.3], [698707.8, 5486719.899999999], [698704.2, 5486719.899999999], [698704.2, 5486715.3], [698707.8, 5486715.3]]]}, "properties": {"id": "B055_01", "block": "B055", "kachel": "698_5486", "klasse": "gartenhaus", "sicher": true, "notiz": "weißes Dach neben Hausumring, Laser ~2,5 m", "flaeche": 16.6}}, {"type": "Feature", "geometry": {"type": "Polygon", "coordinates": [[[698733.3, 5486704.8], [698733.2937401447, 5486704.672577717], [698733.2750208646, 5486704.546382581], [698733.2440224364, 5486704.42262992], [698733.2010433923, 5486704.302511537], [698733.1464976437, 5486704.187184242], [698733.080910496, 5486704.077758697], [698733.0049135893, 5486703.97528873], [698732.9192388155, 5486703.880761185], [698732.8247112695, 5486703.795086411], [698732.722241303, 5486703.719089503], [698732.6128157579, 5486703.653502356], [698732.497488462, 5486703.598956607], [698732.3773700804, 5486703.555977563], [698732.2536174186, 5486703.524979135], [698732.1274222825, 5486703.506259855], [698732.0, 5486703.5], [698731.8725777175, 5486703.506259855], [698731.7463825814, 5486703.524979135], [698731.6226299196, 5486703.555977563], [698731.502511538, 5486703.598956607], [698731.3871842421, 5486703.653502356], [698731.277758697, 5486703.719089503], [698731.1752887305, 5486703.795086411], [698731.0807611845, 5486703.880761185], [698730.9950864107, 5486703.97528873], [698730.919089504, 5486704.077758697], [698730.8535023563, 5486704.187184242], [698730.7989566077, 5486704.302511537], [698730.7559775636, 5486704.42262992], [698730.7249791354, 5486704.546382581], [698730.7062598553, 5486704.672577717], [698730.7, 5486704.8], [698730.7062598553, 5486704.927422282], [698730.7249791354, 5486705.053617419], [698730.7559775636, 5486705.17737008], [698730.7989566077, 5486705.297488462], [698730.8535023563, 5486705.412815758], [698730.919089504, 5486705.522241303], [698730.9950864107, 5486705.6247112695], [698731.0807611845, 5486705.719238815], [698731.1752887305, 5486705.804913589], [698731.277758697, 5486705.880910496], [698731.3871842421, 5486705.946497643], [698731.502511538, 5486706.001043392], [698731.6226299196, 5486706.044022436], [698731.7463825814, 5486706.075020865], [698731.8725777175, 5486706.093740145], [698732.0, 5486706.1], [698732.1274222825, 5486706.093740145], [698732.2536174186, 5486706.075020865], [698732.3773700804, 5486706.044022436], [698732.497488462, 5486706.001043392], [698732.6128157579, 5486705.946497643], [698732.722241303, 5486705.880910496], [698732.8247112695, 5486705.804913589], [698732.9192388155, 5486705.719238815], [698733.0049135893, 5486705.6247112695], [698733.080910496, 5486705.522241303], [698733.1464976437, 5486705.412815758], [698733.2010433923, 5486705.297488462], [698733.2440224364, 5486705.17737008], [698733.2750208646, 5486705.053617419], [698733.2937401447, 5486704.927422282], [698733.3, 5486704.8]]]}, "properties": {"id": "B055_02", "block": "B055", "kachel": "698_5486", "klasse": "trampolin", "sicher": false, "notiz": "kleiner Ring, evtl. Kindertrampolin oder Feuerstelle", "flaeche": 5.3}}, {"type": "Feature", "geometry": {"type": "Polygon", "coordinates": [[[699015.0723972681, 5486265.91247841], [699015.8364492499, 5486270.245632524], [699009.9276027319, 5486271.2875215905], [699009.1635507501, 5486266.9543674765], [699015.0723972681, 5486265.91247841]]]}, "properties": {"id": "B056_00", "block": "B056", "kachel": "699_5486", "klasse": "gartenhaus", "sicher": true, "notiz": "rotes Dach im Gartengrundstück, Laser ~2,5 m", "flaeche": 26.4}}, {"type": "Feature", "geometry": {"type": "Polygon", "coordinates": [[[699006.5, 5486248.5], [699006.5, 5486251.5], [699003.5, 5486251.5], [699003.5, 5486248.5], [699006.5, 5486248.5]]]}, "properties": {"id": "B056_01", "block": "B056", "kachel": "699_5486", "klasse": "gartenhaus", "sicher": false, "notiz": "nur im Laser, unter Bäumen", "flaeche": 9.0}}, {"type": "Feature", "geometry": {"type": "Polygon", "coordinates": [[[699049.5, 5486254.8], [699049.5, 5486256.8], [699046.8999999999, 5486256.8], [699046.8999999999, 5486254.8], [699049.5, 5486254.8]]]}, "properties": {"id": "B056_02", "block": "B056", "kachel": "699_5486", "klasse": "gartenhaus", "sicher": false, "notiz": "kleines weißes Dach unter Bäumen", "flaeche": 5.2}}, {"type": "Feature", "geometry": {"type": "Polygon", "coordinates": [[[698537.6, 5487758.1], [698537.6, 5487763.1], [698534.4, 5487763.1], [698534.4, 5487758.1], [698537.6, 5487758.1]]]}, "properties": {"id": "B057_00", "block": "B057", "kachel": "698_5487", "klasse": "gartenhaus", "sicher": true, "notiz": "dunkles Dach, Laser ~2,5 m", "flaeche": 16.0}}, {"type": "Feature", "geometry": {"type": "Polygon", "coordinates": [[[698553.4968089, 5487745.523826523], [698555.4408529038, 5487749.692842344], [698552.9031911003, 5487750.876173476], [698550.9591470966, 5487746.707157657], [698553.4968089, 5487745.523826523]]]}, "properties": {"id": "B057_01", "block": "B057", "kachel": "698_5487", "klasse": "gartenhaus", "sicher": true, "notiz": "weißes Dach, Laser ~3 m", "flaeche": 12.9}}, {"type": "Feature", "geometry": {"type": "Polygon", "coordinates": [[[698847.5469013588, 5486328.647637305], [698849.490945363, 5486332.816653125], [698844.0530986404, 5486335.352362695], [698842.1090546367, 5486331.183346875], [698847.5469013588, 5486328.647637305]]]}, "properties": {"id": "B059_00", "block": "B059", "kachel": "698_5486", "klasse": "gartenhaus", "sicher": true, "notiz": "weißes Flachdach, Laser ~2,5 m, nicht im Hausumring", "flaeche": 27.6}}, {"type": "Feature", "geometry": {"type": "Polygon", "coordinates": [[[698802.7, 5486331.8], [698802.69277709, 5486331.652974289], [698802.6711779205, 5486331.507364517], [698802.6354105036, 5486331.364572984], [698802.5858192988, 5486331.225974851], [698802.5228818965, 5486331.092904895], [698802.4472044184, 5486330.96664465], [698802.35951568, 5486330.848410074], [698802.2606601717, 5486330.7393398285], [698802.1515899262, 5486330.64048432], [698802.0333553494, 5486330.5527955815], [698801.9070951052, 5486330.477118103], [698801.7740251485, 5486330.414180701], [698801.6354270158, 5486330.3645894965], [698801.4926354829, 5486330.328822079], [698801.3470257104, 5486330.30722291], [698801.2, 5486330.3], [698801.0529742895, 5486330.30722291], [698800.907364517, 5486330.328822079], [698800.7645729841, 5486330.3645894965], [698800.6259748514, 5486330.414180701], [698800.4929048948, 5486330.477118103], [698800.3666446505, 5486330.5527955815], [698800.2484100737, 5486330.64048432], [698800.1393398282, 5486330.7393398285], [698800.0404843199, 5486330.848410074], [698799.9527955815, 5486330.96664465], [698799.8771181034, 5486331.092904895], [698799.8141807012, 5486331.225974851], [698799.7645894963, 5486331.364572984], [698799.7288220794, 5486331.507364517], [698799.7072229099, 5486331.652974289], [698799.7, 5486331.8], [698799.7072229099, 5486331.947025711], [698799.7288220794, 5486332.092635483], [698799.7645894963, 5486332.235427015], [698799.8141807012, 5486332.374025148], [698799.8771181034, 5486332.507095105], [698799.9527955815, 5486332.633355349], [698800.0404843199, 5486332.751589926], [698800.1393398282, 5486332.860660171], [698800.2484100737, 5486332.95951568], [698800.3666446505, 5486333.047204418], [698800.4929048948, 5486333.122881897], [698800.6259748514, 5486333.185819299], [698800.7645729841, 5486333.235410503], [698800.907364517, 5486333.2711779205], [698801.0529742895, 5486333.292777089], [698801.2, 5486333.3], [698801.3470257104, 5486333.292777089], [698801.4926354829, 5486333.2711779205], [698801.6354270158, 5486333.235410503], [698801.7740251485, 5486333.185819299], [698801.9070951052, 5486333.122881897], [698802.0333553494, 5486333.047204418], [698802.1515899262, 5486332.95951568], [698802.2606601717, 5486332.860660171], [698802.35951568, 5486332.751589926], [698802.4472044184, 5486332.633355349], [698802.5228818965, 5486332.507095105], [698802.5858192988, 5486332.374025148], [698802.6354105036, 5486332.235427015], [698802.6711779205, 5486332.092635483], [698802.69277709, 5486331.947025711], [698802.7, 5486331.8]]]}, "properties": {"id": "B059_01", "block": "B059", "kachel": "698_5486", "klasse": "gartenhaus", "sicher": false, "notiz": "weißer achteckiger Pavillon, im Laser 2025 nicht vorhanden", "flaeche": 7.1}}, {"type": "Feature", "geometry": {"type": "Polygon", "coordinates": [[[699525.6891065831, 5486477.406695222], [699523.3750711884, 5486480.164455216], [699520.3108934159, 5486477.5933047775], [699522.6249288106, 5486474.835544783], [699525.6891065831, 5486477.406695222]]]}, "properties": {"id": "B060_00", "block": "B060", "kachel": "699_5486", "klasse": "gartenhaus", "sicher": true, "notiz": "graues Dach, Laser ~2 m", "flaeche": 14.4}}, {"type": "Feature", "geometry": {"type": "Polygon", "coordinates": [[[699555.558547311, 5486450.341160649], [699552.8588393508, 5486453.55854731], [699549.6414526897, 5486450.858839349], [699552.3411606499, 5486447.641452689], [699555.558547311, 5486450.341160649]]]}, "properties": {"id": "B060_01", "block": "B060", "kachel": "699_5486", "klasse": "gartenhaus", "sicher": true, "notiz": "graues Dach, Laser ~2 m", "flaeche": 17.6}}, {"type": "Feature", "geometry": {"type": "Polygon", "coordinates": [[[699595.4176641055, 5486407.153486334], [699592.8465136667, 5486410.217664106], [699589.7823358942, 5486407.646513667], [699592.353486333, 5486404.582335895], [699595.4176641055, 5486407.153486334]]]}, "properties": {"id": "B060_02", "block": "B060", "kachel": "699_5486", "klasse": "gartenhaus", "sicher": false, "notiz": "im Laser ~2 m, im DOP schwach", "flaeche": 16.0}}, {"type": "Feature", "geometry": {"type": "Polygon", "coordinates": [[[698448.2, 5487964.8], [698448.2, 5487968.399999999], [698440.2, 5487968.399999999], [698440.2, 5487964.8], [698448.2, 5487964.8]]]}, "properties": {"id": "B061_00", "block": "B061", "kachel": "698_5487", "klasse": "pool", "sicher": true, "notiz": "rechteckiger Pool mit Rand", "flaeche": 28.8}}, {"type": "Feature", "geometry": {"type": "Polygon", "coordinates": [[[698419.9, 5487970.5], [698419.9, 5487974.699999999], [698415.2999999999, 5487974.699999999], [698415.2999999999, 5487970.5], [698419.9, 5487970.5]]]}, "properties": {"id": "B061_01", "block": "B061", "kachel": "698_5487", "klasse": "gartenhaus", "sicher": true, "notiz": "rotes Dach, Laser ~2,5 m, am Hausumring angrenzend", "flaeche": 19.3}}, {"type": "Feature", "geometry": {"type": "Polygon", "coordinates": [[[699067.17794534, 5487187.704488684], [699067.4045502711, 5487190.2945949], [699062.82205466, 5487190.695511316], [699062.5954497287, 5487188.105405101], [699067.17794534, 5487187.704488684]]]}, "properties": {"id": "B062_00", "block": "B062", "kachel": "699_5487", "klasse": "gartenhaus", "sicher": false, "notiz": "weißes Objekt am Haus: Pavillon/Markise", "flaeche": 12.0}}, {"type": "Feature", "geometry": {"type": "Polygon", "coordinates": [[[698974.9, 5486112.4], [698974.8908509806, 5486112.213767434], [698974.8634920327, 5486112.029328388], [698974.818186638, 5486111.848459113], [698974.7553711118, 5486111.672901479], [698974.6756504022, 5486111.5043462], [698974.5797922633, 5486111.344416558], [698974.4687198614, 5486111.19465276], [698974.3435028843, 5486111.056497117], [698974.2053472399, 5486110.931280139], [698974.0555834428, 5486110.820207737], [698973.8956538, 5486110.724349598], [698973.7270985215, 5486110.644628889], [698973.5515408868, 5486110.581813362], [698973.3706716119, 5486110.536507968], [698973.1862325666, 5486110.50914902], [698973.0, 5486110.5], [698972.8137674334, 5486110.50914902], [698972.6293283881, 5486110.536507968], [698972.4484591132, 5486110.581813362], [698972.2729014785, 5486110.644628889], [698972.1043462, 5486110.724349598], [698971.9444165572, 5486110.820207737], [698971.7946527601, 5486110.931280139], [698971.6564971157, 5486111.056497117], [698971.5312801386, 5486111.19465276], [698971.4202077367, 5486111.344416558], [698971.3243495978, 5486111.5043462], [698971.2446288882, 5486111.672901479], [698971.181813362, 5486111.848459113], [698971.1365079673, 5486112.029328388], [698971.1091490194, 5486112.213767434], [698971.1, 5486112.4], [698971.1091490194, 5486112.586232567], [698971.1365079673, 5486112.770671613], [698971.181813362, 5486112.951540887], [698971.2446288882, 5486113.127098522], [698971.3243495978, 5486113.2956538005], [698971.4202077367, 5486113.455583443], [698971.5312801386, 5486113.60534724], [698971.6564971157, 5486113.743502884], [698971.7946527601, 5486113.868719862], [698971.9444165572, 5486113.979792263], [698972.1043462, 5486114.075650402], [698972.2729014785, 5486114.155371112], [698972.4484591132, 5486114.218186638], [698972.6293283881, 5486114.263492033], [698972.8137674334, 5486114.290850981], [698973.0, 5486114.300000001], [698973.1862325666, 5486114.290850981], [698973.3706716119, 5486114.263492033], [698973.5515408868, 5486114.218186638], [698973.7270985215, 5486114.155371112], [698973.8956538, 5486114.075650402], [698974.0555834428, 5486113.979792263], [698974.2053472399, 5486113.868719862], [698974.3435028843, 5486113.743502884], [698974.4687198614, 5486113.60534724], [698974.5797922633, 5486113.455583443], [698974.6756504022, 5486113.2956538005], [698974.7553711118, 5486113.127098522], [698974.818186638, 5486112.951540887], [698974.8634920327, 5486112.770671613], [698974.8908509806, 5486112.586232567], [698974.9, 5486112.4]]]}, "properties": {"id": "B063_00", "block": "B063", "kachel": "698_5486", "klasse": "trampolin", "sicher": true, "notiz": "Ring mit Matte, im Laser 2025 nicht sichtbar", "flaeche": 11.3}}, {"type": "Feature", "geometry": {"type": "Polygon", "coordinates": [[[698980.6, 5486162.6], [698980.5922955627, 5486162.443172575], [698980.5692564487, 5486162.2878554845], [698980.5311045372, 5486162.135544516], [698980.478207252, 5486161.987706508], [698980.411074023, 5486161.845765221], [698980.3303513797, 5486161.711087626], [698980.2368167253, 5486161.584970745], [698980.1313708499, 5486161.46862915], [698980.0150292547, 5486161.363183274], [698979.8889123729, 5486161.26964862], [698979.7542347789, 5486161.188925977], [698979.6122934918, 5486161.121792748], [698979.4644554836, 5486161.068895463], [698979.3121445152, 5486161.030743551], [698979.1568274245, 5486161.007704437], [698979.0, 5486161.0], [698978.8431725755, 5486161.007704437], [698978.6878554848, 5486161.030743551], [698978.5355445164, 5486161.068895463], [698978.3877065082, 5486161.121792748], [698978.2457652211, 5486161.188925977], [698978.1110876271, 5486161.26964862], [698977.9849707453, 5486161.363183274], [698977.8686291501, 5486161.46862915], [698977.7631832747, 5486161.584970745], [698977.6696486203, 5486161.711087626], [698977.588925977, 5486161.845765221], [698977.521792748, 5486161.987706508], [698977.4688954628, 5486162.135544516], [698977.4307435513, 5486162.2878554845], [698977.4077044373, 5486162.443172575], [698977.4, 5486162.6], [698977.4077044373, 5486162.756827424], [698977.4307435513, 5486162.912144515], [698977.4688954628, 5486163.064455483], [698977.521792748, 5486163.212293492], [698977.588925977, 5486163.354234778], [698977.6696486203, 5486163.488912373], [698977.7631832747, 5486163.615029254], [698977.8686291501, 5486163.73137085], [698977.9849707453, 5486163.836816725], [698978.1110876271, 5486163.930351379], [698978.2457652211, 5486164.011074022], [698978.3877065082, 5486164.078207252], [698978.5355445164, 5486164.131104536], [698978.6878554848, 5486164.169256448], [698978.8431725755, 5486164.1922955625], [698979.0, 5486164.199999999], [698979.1568274245, 5486164.1922955625], [698979.3121445152, 5486164.169256448], [698979.4644554836, 5486164.131104536], [698979.6122934918, 5486164.078207252], [698979.7542347789, 5486164.011074022], [698979.8889123729, 5486163.930351379], [698980.0150292547, 5486163.836816725], [698980.1313708499, 5486163.73137085], [698980.2368167253, 5486163.615029254], [698980.3303513797, 5486163.488912373], [698980.411074023, 5486163.354234778], [698980.478207252, 5486163.212293492], [698980.5311045372, 5486163.064455483], [698980.5692564487, 5486162.912144515], [698980.5922955627, 5486162.756827424], [698980.6, 5486162.6]]]}, "properties": {"id": "B063_01", "block": "B063", "kachel": "698_5486", "klasse": "trampolin", "sicher": false, "notiz": "dunkler Ring: Trampolin oder Pool", "flaeche": 8.0}}, {"type": "Feature", "geometry": {"type": "Polygon", "coordinates": [[[698981.7758330251, 5486141.643782216], [698981.0758330249, 5486142.856217781], [698978.824166975, 5486141.556217781], [698979.5241669752, 5486140.343782216], [698981.7758330251, 5486141.643782216]]]}, "properties": {"id": "B063_02", "block": "B063", "kachel": "698_5486", "klasse": "pool", "sicher": false, "notiz": "kleine helle Wanne/Planschbecken", "flaeche": 3.6}}, {"type": "Feature", "geometry": {"type": "Polygon", "coordinates": [[[698988.4, 5486251.9], [698988.4, 5486256.1], [698984.4, 5486256.1], [698984.4, 5486251.9], [698988.4, 5486251.9]]]}, "properties": {"id": "B065_00", "block": "B065", "kachel": "698_5486", "klasse": "gartenhaus", "sicher": true, "notiz": "rotes Dach, Laser ~2,5 m, nicht im Hausumring", "flaeche": 16.8}}, {"type": "Feature", "geometry": {"type": "Polygon", "coordinates": [[[699429.5814329959, 5486528.303535007], [699427.010282557, 5486531.367712779], [699425.0185670047, 5486529.696464994], [699427.5897174436, 5486526.632287222], [699429.5814329959, 5486528.303535007]]]}, "properties": {"id": "B066_00", "block": "B066", "kachel": "699_5486", "klasse": "gartenhaus", "sicher": false, "notiz": "roter Pavillon zwischen Wohnblocks", "flaeche": 10.4}}, {"type": "Feature", "geometry": {"type": "Polygon", "coordinates": [[[698255.1, 5486044.2], [698255.1, 5486050.2], [698252.1, 5486050.2], [698252.1, 5486044.2], [698255.1, 5486044.2]]]}, "properties": {"id": "B067_00", "block": "B067", "kachel": "698_5486", "klasse": "gartenhaus", "sicher": false, "notiz": "nur im Laser ~2,5 m, unter Baumkronen", "flaeche": 18.0}}, {"type": "Feature", "geometry": {"type": "Polygon", "coordinates": [[[698735.319768081, 5486229.68512055], [698733.8148794505, 5486233.819768081], [698729.680231919, 5486232.31487945], [698731.1851205498, 5486228.180231919], [698735.319768081, 5486229.68512055]]]}, "properties": {"id": "B068_00", "block": "B068", "kachel": "698_5486", "klasse": "gartenhaus", "sicher": true, "notiz": "rotes Dach im Garten, Laser ~2 m", "flaeche": 19.4}}, {"type": "Feature", "geometry": {"type": "Polygon", "coordinates": [[[698714.7383281267, 5486209.141388459], [698714.2502559675, 5486214.720078768], [698711.261671873, 5486214.4586115405], [698711.7497440325, 5486208.879921231], [698714.7383281267, 5486209.141388459]]]}, "properties": {"id": "B068_01", "block": "B068", "kachel": "698_5486", "klasse": "gartenhaus", "sicher": false, "notiz": "weißes Objekt neben Haus, Laser kaum erhöht: Wohnwagen/Plane?", "flaeche": 16.8}}, {"type": "Feature", "geometry": {"type": "Polygon", "coordinates": [[[698462.5, 5486330.0], [698462.5, 5486333.6], [698455.5, 5486333.6], [698455.5, 5486330.0], [698462.5, 5486330.0]]]}, "properties": {"id": "B069_00", "block": "B069", "kachel": "698_5486", "klasse": "gartenhaus", "sicher": true, "notiz": "weißes Dach, Laser ~2,5 m", "flaeche": 25.2}}, {"type": "Feature", "geometry": {"type": "Polygon", "coordinates": [[[698472.0, 5486330.4], [698472.0, 5486333.6], [698468.3999999999, 5486333.6], [698468.3999999999, 5486330.4], [698472.0, 5486330.4]]]}, "properties": {"id": "B069_01", "block": "B069", "kachel": "698_5486", "klasse": "gartenhaus", "sicher": false, "notiz": "rotes Zeltdach/Pavillon", "flaeche": 11.5}}, {"type": "Feature", "geometry": {"type": "Polygon", "coordinates": [[[698474.2999999999, 5486304.4], [698474.2918140353, 5486304.233370862], [698474.2673349767, 5486304.068346453], [698474.2267985707, 5486303.906516049], [698474.1705952053, 5486303.749438166], [698474.0992661493, 5486303.598625548], [698474.0134983408, 5486303.455530604], [698473.9141177707, 5486303.321531417], [698473.802081528, 5486303.197918473], [698473.678468583, 5486303.08588223], [698473.5444693961, 5486302.986501659], [698473.4013744526, 5486302.900733851], [698473.250561835, 5486302.829404796], [698473.0934839513, 5486302.773201429], [698472.9316535474, 5486302.732665024], [698472.7666291385, 5486302.708185965], [698472.6, 5486302.7], [698472.4333708615, 5486302.708185965], [698472.2683464525, 5486302.732665024], [698472.1065160487, 5486302.773201429], [698471.949438165, 5486302.829404796], [698471.7986255473, 5486302.900733851], [698471.6555306038, 5486302.986501659], [698471.5215314169, 5486303.08588223], [698471.397918472, 5486303.197918473], [698471.2858822292, 5486303.321531417], [698471.1865016591, 5486303.455530604], [698471.1007338506, 5486303.598625548], [698471.0294047947, 5486303.749438166], [698470.9732014292, 5486303.906516049], [698470.9326650233, 5486304.068346453], [698470.9081859647, 5486304.233370862], [698470.9, 5486304.4], [698470.9081859647, 5486304.566629139], [698470.9326650233, 5486304.731653548], [698470.9732014292, 5486304.893483952], [698471.0294047947, 5486305.050561835], [698471.1007338506, 5486305.201374453], [698471.1865016591, 5486305.344469396], [698471.2858822292, 5486305.478468584], [698471.397918472, 5486305.602081528], [698471.5215314169, 5486305.714117771], [698471.6555306038, 5486305.8134983415], [698471.7986255473, 5486305.89926615], [698471.949438165, 5486305.970595205], [698472.1065160487, 5486306.026798571], [698472.2683464525, 5486306.067334977], [698472.4333708615, 5486306.091814036], [698472.6, 5486306.100000001], [698472.7666291385, 5486306.091814036], [698472.9316535474, 5486306.067334977], [698473.0934839513, 5486306.026798571], [698473.250561835, 5486305.970595205], [698473.4013744526, 5486305.89926615], [698473.5444693961, 5486305.8134983415], [698473.678468583, 5486305.714117771], [698473.802081528, 5486305.602081528], [698473.9141177707, 5486305.478468584], [698474.0134983408, 5486305.344469396], [698474.0992661493, 5486305.201374453], [698474.1705952053, 5486305.050561835], [698474.2267985707, 5486304.893483952], [698474.2673349767, 5486304.731653548], [698474.2918140353, 5486304.566629139], [698474.2999999999, 5486304.4]]]}, "properties": {"id": "B069_02", "block": "B069", "kachel": "698_5486", "klasse": "pool", "sicher": true, "notiz": "runder Pool mit dunklem Wasser", "flaeche": 9.1}}, {"type": "Feature", "geometry": {"type": "Polygon", "coordinates": [[[698407.71464282, 5487771.210050506], [698406.9899494934, 5487773.91464282], [698404.2853571798, 5487773.189949494], [698405.0100505063, 5487770.485357179], [698407.71464282, 5487771.210050506]]]}, "properties": {"id": "B072_00", "block": "B072", "kachel": "698_5487", "klasse": "gartenhaus", "sicher": true, "notiz": "türkises Zeltdach, Laser ~2 m", "flaeche": 7.8}}, {"type": "Feature", "geometry": {"type": "Polygon", "coordinates": [[[698428.4948168712, 5487767.511740876], [698429.0504910398, 5487770.663125685], [698425.505183129, 5487771.288259125], [698424.9495089605, 5487768.136874316], [698428.4948168712, 5487767.511740876]]]}, "properties": {"id": "B072_01", "block": "B072", "kachel": "698_5487", "klasse": "gartenhaus", "sicher": false, "notiz": "weißes Dach/Pavillon im Hof", "flaeche": 11.5}}, {"type": "Feature", "geometry": {"type": "Polygon", "coordinates": [[[698057.4, 5486965.2], [698057.4, 5486967.600000001], [698053.4, 5486967.600000001], [698053.4, 5486965.2], [698057.4, 5486965.2]]]}, "properties": {"id": "B074_00", "block": "B074", "kachel": "698_5486", "klasse": "gartenhaus", "sicher": false, "notiz": "helles Dach im Wald, Laser niedrig: Hütte oder Plane", "flaeche": 9.6}}, {"type": "Feature", "geometry": {"type": "Polygon", "coordinates": [[[698473.1, 5487575.6], [698473.09277709, 5487575.452974289], [698473.0711779206, 5487575.307364517], [698473.0354105036, 5487575.164572984], [698472.9858192988, 5487575.025974851], [698472.9228818965, 5487574.892904894], [698472.8472044184, 5487574.76664465], [698472.75951568, 5487574.6484100735], [698472.6606601718, 5487574.539339828], [698472.5515899262, 5487574.44048432], [698472.4333553495, 5487574.352795581], [698472.3070951052, 5487574.277118103], [698472.1740251485, 5487574.2141807005], [698472.0354270159, 5487574.164589496], [698471.892635483, 5487574.128822079], [698471.7470257104, 5487574.10722291], [698471.6, 5487574.1], [698471.4529742895, 5487574.10722291], [698471.307364517, 5487574.128822079], [698471.1645729841, 5487574.164589496], [698471.0259748515, 5487574.2141807005], [698470.8929048948, 5487574.277118103], [698470.7666446505, 5487574.352795581], [698470.6484100737, 5487574.44048432], [698470.5393398282, 5487574.539339828], [698470.4404843199, 5487574.6484100735], [698470.3527955816, 5487574.76664465], [698470.2771181035, 5487574.892904894], [698470.2141807012, 5487575.025974851], [698470.1645894963, 5487575.164572984], [698470.1288220794, 5487575.307364517], [698470.1072229099, 5487575.452974289], [698470.1, 5487575.6], [698470.1072229099, 5487575.7470257105], [698470.1288220794, 5487575.892635482], [698470.1645894963, 5487576.035427015], [698470.2141807012, 5487576.174025148], [698470.2771181035, 5487576.307095105], [698470.3527955816, 5487576.433355349], [698470.4404843199, 5487576.551589926], [698470.5393398282, 5487576.660660171], [698470.6484100737, 5487576.759515679], [698470.7666446505, 5487576.847204418], [698470.8929048948, 5487576.922881897], [698471.0259748515, 5487576.985819299], [698471.1645729841, 5487577.035410503], [698471.307364517, 5487577.07117792], [698471.4529742895, 5487577.092777089], [698471.6, 5487577.1], [698471.7470257104, 5487577.092777089], [698471.892635483, 5487577.07117792], [698472.0354270159, 5487577.035410503], [698472.1740251485, 5487576.985819299], [698472.3070951052, 5487576.922881897], [698472.4333553495, 5487576.847204418], [698472.5515899262, 5487576.759515679], [698472.6606601718, 5487576.660660171], [698472.75951568, 5487576.551589926], [698472.8472044184, 5487576.433355349], [698472.9228818965, 5487576.307095105], [698472.9858192988, 5487576.174025148], [698473.0354105036, 5487576.035427015], [698473.0711779206, 5487575.892635482], [698473.09277709, 5487575.7470257105], [698473.1, 5487575.6]]]}, "properties": {"id": "B075_00", "block": "B075", "kachel": "698_5487", "klasse": "pool", "sicher": true, "notiz": "runder hellblauer Aufstellpool", "flaeche": 7.1}}, {"type": "Feature", "geometry": {"type": "Polygon", "coordinates": [[[698421.6000000001, 5487521.4], [698421.591332508, 5487521.223569148], [698421.5654135047, 5487521.0488374205], [698421.5224926043, 5487520.877487581], [698421.4629831585, 5487520.711169822], [698421.3874582759, 5487520.551485874], [698421.2966453022, 5487520.399973581], [698421.1914188161, 5487520.258092089], [698421.0727922062, 5487520.127207794], [698420.9419079116, 5487520.008581185], [698420.8000264195, 5487519.903354698], [698420.6485141263, 5487519.812541724], [698420.4888301783, 5487519.737016842], [698420.3225124191, 5487519.677507396], [698420.1511625797, 5487519.634586495], [698419.9764308527, 5487519.608667492], [698419.8, 5487519.600000001], [698419.6235691474, 5487519.608667492], [698419.4488374204, 5487519.634586495], [698419.277487581, 5487519.677507396], [698419.1111698218, 5487519.737016842], [698418.9514858738, 5487519.812541724], [698418.7999735806, 5487519.903354698], [698418.6580920885, 5487520.008581185], [698418.5272077939, 5487520.127207794], [698418.408581184, 5487520.258092089], [698418.3033546979, 5487520.399973581], [698418.2125417242, 5487520.551485874], [698418.1370168416, 5487520.711169822], [698418.0775073958, 5487520.877487581], [698418.0345864954, 5487521.0488374205], [698418.0086674921, 5487521.223569148], [698418.0, 5487521.4], [698418.0086674921, 5487521.5764308525], [698418.0345864954, 5487521.75116258], [698418.0775073958, 5487521.9225124195], [698418.1370168416, 5487522.088830179], [698418.2125417242, 5487522.248514127], [698418.3033546979, 5487522.40002642], [698418.408581184, 5487522.541907912], [698418.5272077939, 5487522.6727922065], [698418.6580920885, 5487522.791418816], [698418.7999735806, 5487522.896645303], [698418.9514858738, 5487522.987458277], [698419.1111698218, 5487523.062983159], [698419.277487581, 5487523.122492605], [698419.4488374204, 5487523.165413505], [698419.6235691474, 5487523.191332509], [698419.8, 5487523.2], [698419.9764308527, 5487523.191332509], [698420.1511625797, 5487523.165413505], [698420.3225124191, 5487523.122492605], [698420.4888301783, 5487523.062983159], [698420.6485141263, 5487522.987458277], [698420.8000264195, 5487522.896645303], [698420.9419079116, 5487522.791418816], [698421.0727922062, 5487522.6727922065], [698421.1914188161, 5487522.541907912], [698421.2966453022, 5487522.40002642], [698421.3874582759, 5487522.248514127], [698421.4629831585, 5487522.088830179], [698421.5224926043, 5487521.9225124195], [698421.5654135047, 5487521.75116258], [698421.591332508, 5487521.5764308525], [698421.6000000001, 5487521.4]]]}, "properties": {"id": "B075_01", "block": "B075", "kachel": "698_5487", "klasse": "trampolin", "sicher": true, "notiz": "dunkler Ring mit Rand, Laser niedrige Ringstruktur", "flaeche": 10.2}}, {"type": "Feature", "geometry": {"type": "Polygon", "coordinates": [[[699010.1, 5487020.8], [699010.1, 5487024.399999999], [699005.1, 5487024.399999999], [699005.1, 5487020.8], [699010.1, 5487020.8]]]}, "properties": {"id": "B078_00", "block": "B078", "kachel": "699_5487", "klasse": "gartenhaus", "sicher": true, "notiz": "rotes Dach unter Bäumen, Laser ~2,5 m", "flaeche": 18.0}}, {"type": "Feature", "geometry": {"type": "Polygon", "coordinates": [[[699066.9071279103, 5487060.904783479], [699067.7963802828, 5487063.347984293], [699066.2928720894, 5487063.895216522], [699065.4036197169, 5487061.452015708], [699066.9071279103, 5487060.904783479]]]}, "properties": {"id": "B078_01", "block": "B078", "kachel": "699_5487", "klasse": "gartenhaus", "sicher": false, "notiz": "kleines weißes Objekt, Gerätebox?", "flaeche": 4.2}}, {"type": "Feature", "geometry": {"type": "Polygon", "coordinates": [[[699090.4, 5487044.2], [699090.4, 5487047.8], [699086.7999999999, 5487047.8], [699086.7999999999, 5487044.2], [699090.4, 5487044.2]]]}, "properties": {"id": "B078_02", "block": "B078", "kachel": "699_5487", "klasse": "gartenhaus", "sicher": false, "notiz": "graues Dach, Laser ~2 m", "flaeche": 13.0}}, {"type": "Feature", "geometry": {"type": "Polygon", "coordinates": [[[699748.2, 5486637.0], [699748.1922955627, 5486636.843172575], [699748.1692564486, 5486636.687855485], [699748.1311045372, 5486636.5355445165], [699748.078207252, 5486636.387706508], [699748.011074023, 5486636.245765221], [699747.9303513797, 5486636.111087627], [699747.8368167253, 5486635.984970746], [699747.7313708499, 5486635.86862915], [699747.6150292547, 5486635.763183274], [699747.4889123728, 5486635.66964862], [699747.3542347789, 5486635.588925977], [699747.2122934918, 5486635.521792748], [699747.0644554836, 5486635.468895463], [699746.9121445152, 5486635.430743552], [699746.7568274245, 5486635.407704437], [699746.6, 5486635.4], [699746.4431725754, 5486635.407704437], [699746.2878554848, 5486635.430743552], [699746.1355445164, 5486635.468895463], [699745.9877065081, 5486635.521792748], [699745.845765221, 5486635.588925977], [699745.7110876271, 5486635.66964862], [699745.5849707453, 5486635.763183274], [699745.4686291501, 5486635.86862915], [699745.3631832746, 5486635.984970746], [699745.2696486203, 5486636.111087627], [699745.188925977, 5486636.245765221], [699745.121792748, 5486636.387706508], [699745.0688954628, 5486636.5355445165], [699745.0307435513, 5486636.687855485], [699745.0077044372, 5486636.843172575], [699745.0, 5486637.0], [699745.0077044372, 5486637.156827425], [699745.0307435513, 5486637.312144515], [699745.0688954628, 5486637.4644554835], [699745.121792748, 5486637.612293492], [699745.188925977, 5486637.754234779], [699745.2696486203, 5486637.888912373], [699745.3631832746, 5486638.015029254], [699745.4686291501, 5486638.13137085], [699745.5849707453, 5486638.236816726], [699745.7110876271, 5486638.33035138], [699745.845765221, 5486638.411074023], [699745.9877065081, 5486638.478207252], [699746.1355445164, 5486638.531104537], [699746.2878554848, 5486638.569256448], [699746.4431725754, 5486638.592295563], [699746.6, 5486638.6], [699746.7568274245, 5486638.592295563], [699746.9121445152, 5486638.569256448], [699747.0644554836, 5486638.531104537], [699747.2122934918, 5486638.478207252], [699747.3542347789, 5486638.411074023], [699747.4889123728, 5486638.33035138], [699747.6150292547, 5486638.236816726], [699747.7313708499, 5486638.13137085], [699747.8368167253, 5486638.015029254], [699747.9303513797, 5486637.888912373], [699748.011074023, 5486637.754234779], [699748.078207252, 5486637.612293492], [699748.1311045372, 5486637.4644554835], [699748.1692564486, 5486637.312144515], [699748.1922955627, 5486637.156827425], [699748.2, 5486637.0]]]}, "properties": {"id": "B080_00", "block": "B080", "kachel": "699_5486", "klasse": "pool", "sicher": true, "notiz": "runder Pool mit blauem Rand", "flaeche": 8.0}}, {"type": "Feature", "geometry": {"type": "Polygon", "coordinates": [[[699751.4, 5486637.3], [699751.4, 5486639.899999999], [699749.2000000001, 5486639.899999999], [699749.2000000001, 5486637.3], [699751.4, 5486637.3]]]}, "properties": {"id": "B080_01", "block": "B080", "kachel": "699_5486", "klasse": "gartenhaus", "sicher": false, "notiz": "kleine Hütte neben Pool, Laser ~2 m", "flaeche": 5.7}}, {"type": "Feature", "geometry": {"type": "Polygon", "coordinates": [[[698333.3407480151, 5486384.852059438], [698334.2207327685, 5486388.136207247], [698327.4592519845, 5486389.947940563], [698326.579267231, 5486386.663792754], [698333.3407480151, 5486384.852059438]]]}, "properties": {"id": "B081_00", "block": "B081", "kachel": "698_5486", "klasse": "pool", "sicher": true, "notiz": "rechteckiger Pool, im Laser keine Echos (Wasser/Abdeckung)", "flaeche": 23.8}}, {"type": "Feature", "geometry": {"type": "Polygon", "coordinates": [[[698303.6, 5486392.6], [698303.5894063987, 5486392.384362291], [698303.5577276169, 5486392.170801291], [698303.5052687386, 5486391.96137371], [698303.4325349715, 5486391.758096448], [698303.3402267816, 5486391.562927179], [698303.2292331471, 5486391.377745487], [698303.1006229974, 5486391.204334774], [698302.9556349186, 5486391.044365081], [698302.7956652251, 5486390.899377002], [698302.6222545126, 5486390.770766852], [698302.4370728211, 5486390.659773218], [698302.2419035513, 5486390.567465028], [698302.0386262899, 5486390.494731261], [698301.8291987084, 5486390.442272383], [698301.6156377088, 5486390.410593601], [698301.4, 5486390.399999999], [698301.1843622912, 5486390.410593601], [698300.9708012916, 5486390.442272383], [698300.7613737101, 5486390.494731261], [698300.5580964488, 5486390.567465028], [698300.362927179, 5486390.659773218], [698300.1777454874, 5486390.770766852], [698300.0043347749, 5486390.899377002], [698299.8443650814, 5486391.044365081], [698299.6993770027, 5486391.204334774], [698299.5707668529, 5486391.377745487], [698299.4597732185, 5486391.562927179], [698299.3674650285, 5486391.758096448], [698299.2947312614, 5486391.96137371], [698299.2422723832, 5486392.170801291], [698299.2105936013, 5486392.384362291], [698299.2000000001, 5486392.6], [698299.2105936013, 5486392.815637709], [698299.2422723832, 5486393.029198708], [698299.2947312614, 5486393.238626289], [698299.3674650285, 5486393.441903551], [698299.4597732185, 5486393.63707282], [698299.5707668529, 5486393.822254512], [698299.6993770027, 5486393.995665225], [698299.8443650814, 5486394.155634918], [698300.0043347749, 5486394.300622997], [698300.1777454874, 5486394.429233147], [698300.362927179, 5486394.540226781], [698300.5580964488, 5486394.632534971], [698300.7613737101, 5486394.705268738], [698300.9708012916, 5486394.7577276165], [698301.1843622912, 5486394.789406398], [698301.4, 5486394.8], [698301.6156377088, 5486394.789406398], [698301.8291987084, 5486394.7577276165], [698302.0386262899, 5486394.705268738], [698302.2419035513, 5486394.632534971], [698302.4370728211, 5486394.540226781], [698302.6222545126, 5486394.429233147], [698302.7956652251, 5486394.300622997], [698302.9556349186, 5486394.155634918], [698303.1006229974, 5486393.995665225], [698303.2292331471, 5486393.822254512], [698303.3402267816, 5486393.63707282], [698303.4325349715, 5486393.441903551], [698303.5052687386, 5486393.238626289], [698303.5577276169, 5486393.029198708], [698303.5894063987, 5486392.815637709], [698303.6, 5486392.6]]]}, "properties": {"id": "B081_01", "block": "B081", "kachel": "698_5486", "klasse": "pool", "sicher": true, "notiz": "runder Pool am Blockrand (Mittelpunkt im Block)", "flaeche": 15.2}}, {"type": "Feature", "geometry": {"type": "Polygon", "coordinates": [[[698319.7, 5486332.9], [698319.7, 5486335.9], [698314.7, 5486335.9], [698314.7, 5486332.9], [698319.7, 5486332.9]]]}, "properties": {"id": "B081_02", "block": "B081", "kachel": "698_5486", "klasse": "gartenhaus", "sicher": true, "notiz": "Hütte am Weg, Laser ~2 m", "flaeche": 15.0}}, {"type": "Feature", "geometry": {"type": "Polygon", "coordinates": [[[698109.8, 5486476.0], [698109.791332508, 5486475.823569148], [698109.7654135047, 5486475.64883742], [698109.7224926043, 5486475.477487581], [698109.6629831585, 5486475.311169822], [698109.5874582758, 5486475.151485873], [698109.4966453022, 5486474.99997358], [698109.391418816, 5486474.858092088], [698109.2727922061, 5486474.727207794], [698109.1419079115, 5486474.608581184], [698109.0000264194, 5486474.5033546975], [698108.8485141263, 5486474.412541724], [698108.6888301782, 5486474.337016841], [698108.522512419, 5486474.2775073955], [698108.3511625796, 5486474.234586495], [698108.1764308526, 5486474.208667492], [698108.0, 5486474.2], [698107.8235691474, 5486474.208667492], [698107.6488374204, 5486474.234586495], [698107.477487581, 5486474.2775073955], [698107.3111698218, 5486474.337016841], [698107.1514858737, 5486474.412541724], [698106.9999735806, 5486474.5033546975], [698106.8580920885, 5486474.608581184], [698106.7272077939, 5486474.727207794], [698106.608581184, 5486474.858092088], [698106.5033546978, 5486474.99997358], [698106.4125417242, 5486475.151485873], [698106.3370168415, 5486475.311169822], [698106.2775073957, 5486475.477487581], [698106.2345864953, 5486475.64883742], [698106.208667492, 5486475.823569148], [698106.2, 5486476.0], [698106.208667492, 5486476.176430852], [698106.2345864953, 5486476.35116258], [698106.2775073957, 5486476.522512419], [698106.3370168415, 5486476.688830178], [698106.4125417242, 5486476.848514127], [698106.5033546978, 5486477.00002642], [698106.608581184, 5486477.141907912], [698106.7272077939, 5486477.272792206], [698106.8580920885, 5486477.391418816], [698106.9999735806, 5486477.4966453025], [698107.1514858737, 5486477.587458276], [698107.3111698218, 5486477.662983159], [698107.477487581, 5486477.7224926045], [698107.6488374204, 5486477.765413505], [698107.8235691474, 5486477.791332508], [698108.0, 5486477.8], [698108.1764308526, 5486477.791332508], [698108.3511625796, 5486477.765413505], [698108.522512419, 5486477.7224926045], [698108.6888301782, 5486477.662983159], [698108.8485141263, 5486477.587458276], [698109.0000264194, 5486477.4966453025], [698109.1419079115, 5486477.391418816], [698109.2727922061, 5486477.272792206], [698109.391418816, 5486477.141907912], [698109.4966453022, 5486477.00002642], [698109.5874582758, 5486476.848514127], [698109.6629831585, 5486476.688830178], [698109.7224926043, 5486476.522512419], [698109.7654135047, 5486476.35116258], [698109.791332508, 5486476.176430852], [698109.8, 5486476.0]]]}, "properties": {"id": "B082_00", "block": "B082", "kachel": "698_5486", "klasse": "trampolin", "sicher": false, "notiz": "nur im Laser 2025 runde Struktur ~1 m, im DOP 2023 Rasen", "flaeche": 10.2}}, {"type": "Feature", "geometry": {"type": "Polygon", "coordinates": [[[698540.5875154561, 5486729.937330842], [698542.3082447653, 5486732.394786974], [698538.2124845437, 5486735.262669156], [698536.4917552345, 5486732.805213024], [698540.5875154561, 5486729.937330842]]]}, "properties": {"id": "B083_00", "block": "B083", "kachel": "698_5486", "klasse": "gewaechshaus", "sicher": true, "notiz": "hellgrünes durchscheinendes Dach (Kleingarten), Laser schwach", "flaeche": 15.0}}, {"type": "Feature", "geometry": {"type": "Polygon", "coordinates": [[[698532.5745699257, 5486723.930591826], [698534.0658686599, 5486726.060387141], [698530.6254300736, 5486728.469408173], [698529.1341313394, 5486726.339612858], [698532.5745699257, 5486723.930591826]]]}, "properties": {"id": "B083_01", "block": "B083", "kachel": "698_5486", "klasse": "gewaechshaus", "sicher": true, "notiz": "hellgrünes durchscheinendes Dach (Kleingarten)", "flaeche": 10.9}}, {"type": "Feature", "geometry": {"type": "Polygon", "coordinates": [[[698551.4926547213, 5486723.18794947], [698552.9839534555, 5486725.317744785], [698549.7073452785, 5486727.6120505305], [698548.2160465443, 5486725.482255216], [698551.4926547213, 5486723.18794947]]]}, "properties": {"id": "B083_02", "block": "B083", "kachel": "698_5486", "klasse": "gewaechshaus", "sicher": true, "notiz": "hellgrünes durchscheinendes Dach (Kleingarten)", "flaeche": 10.4}}, {"type": "Feature", "geometry": {"type": "Polygon", "coordinates": [[[698540.2877592207, 5486723.415612531], [698538.9771159501, 5486724.333334829], [698536.912240779, 5486721.384387469], [698538.2228840496, 5486720.466665171], [698540.2877592207, 5486723.415612531]]]}, "properties": {"id": "B083_03", "block": "B083", "kachel": "698_5486", "klasse": "gewaechshaus", "sicher": false, "notiz": "schmales helles Dach", "flaeche": 5.8}}, {"type": "Feature", "geometry": {"type": "Polygon", "coordinates": [[[698506.1288243127, 5486751.1026647575], [698507.6201230469, 5486753.232460072], [698504.6711756876, 5486755.297335243], [698503.1798769534, 5486753.167539928], [698506.1288243127, 5486751.1026647575]]]}, "properties": {"id": "B083_04", "block": "B083", "kachel": "698_5486", "klasse": "gewaechshaus", "sicher": false, "notiz": "helles Dach, Gewächshaus oder Laube", "flaeche": 9.4}}, {"type": "Feature", "geometry": {"type": "Polygon", "coordinates": [[[698536.7779394342, 5486723.22411906], [698538.4986687433, 5486725.681575193], [698535.2220605658, 5486727.975880939], [698533.5013312572, 5486725.518424805], [698536.7779394342, 5486723.22411906]]]}, "properties": {"id": "B083_05", "block": "B083", "kachel": "698_5486", "klasse": "gartenhaus", "sicher": true, "notiz": "Gartenlaube im Kleingarten, Laser ~2 m", "flaeche": 12.0}}, {"type": "Feature", "geometry": {"type": "Polygon", "coordinates": [[[698531.6141090253, 5486728.7388343485], [698533.3348383345, 5486731.196290481], [698530.3858909747, 5486733.2611656515], [698528.6651616655, 5486730.803709519], [698531.6141090253, 5486728.7388343485]]]}, "properties": {"id": "B083_06", "block": "B083", "kachel": "698_5486", "klasse": "gartenhaus", "sicher": false, "notiz": "Laube im Kleingarten", "flaeche": 10.8}}, {"type": "Feature", "geometry": {"type": "Polygon", "coordinates": [[[698520.8, 5486712.8], [698520.8, 5486716.399999999], [698517.2, 5486716.399999999], [698517.2, 5486712.8], [698520.8, 5486712.8]]]}, "properties": {"id": "B083_07", "block": "B083", "kachel": "698_5486", "klasse": "gartenhaus", "sicher": false, "notiz": "rotes Dach unter Bäumen, Laser ~2,5 m", "flaeche": 13.0}}, {"type": "Feature", "geometry": {"type": "Polygon", "coordinates": [[[698364.6, 5486151.0], [698364.5903694533, 5486150.803965719], [698364.5615705608, 5486150.609819356], [698364.5138806715, 5486150.419430645], [698364.447759065, 5486150.234633136], [698364.3638425287, 5486150.057206526], [698364.2629392246, 5486149.888859534], [698364.1460209067, 5486149.731213432], [698364.0142135624, 5486149.585786438], [698363.8687865683, 5486149.453979094], [698363.711140466, 5486149.337060776], [698363.5427934736, 5486149.236157471], [698363.3653668647, 5486149.152240935], [698363.1805693544, 5486149.086119329], [698362.990180644, 5486149.038429439], [698362.7960342807, 5486149.009630547], [698362.6, 5486149.0], [698362.4039657193, 5486149.009630547], [698362.209819356, 5486149.038429439], [698362.0194306455, 5486149.086119329], [698361.8346331352, 5486149.152240935], [698361.6572065264, 5486149.236157471], [698361.4888595339, 5486149.337060776], [698361.3312134317, 5486149.453979094], [698361.1857864376, 5486149.585786438], [698361.0539790932, 5486149.731213432], [698360.9370607754, 5486149.888859534], [698360.8361574713, 5486150.057206526], [698360.752240935, 5486150.234633136], [698360.6861193285, 5486150.419430645], [698360.6384294392, 5486150.609819356], [698360.6096305466, 5486150.803965719], [698360.6, 5486151.0], [698360.6096305466, 5486151.196034281], [698360.6384294392, 5486151.390180644], [698360.6861193285, 5486151.580569355], [698360.752240935, 5486151.765366864], [698360.8361574713, 5486151.942793474], [698360.9370607754, 5486152.111140466], [698361.0539790932, 5486152.268786568], [698361.1857864376, 5486152.414213562], [698361.3312134317, 5486152.546020906], [698361.4888595339, 5486152.662939224], [698361.6572065264, 5486152.763842529], [698361.8346331352, 5486152.847759065], [698362.0194306455, 5486152.913880671], [698362.209819356, 5486152.961570561], [698362.4039657193, 5486152.990369453], [698362.6, 5486153.0], [698362.7960342807, 5486152.990369453], [698362.990180644, 5486152.961570561], [698363.1805693544, 5486152.913880671], [698363.3653668647, 5486152.847759065], [698363.5427934736, 5486152.763842529], [698363.711140466, 5486152.662939224], [698363.8687865683, 5486152.546020906], [698364.0142135624, 5486152.414213562], [698364.1460209067, 5486152.268786568], [698364.2629392246, 5486152.111140466], [698364.3638425287, 5486151.942793474], [698364.447759065, 5486151.765366864], [698364.5138806715, 5486151.580569355], [698364.5615705608, 5486151.390180644], [698364.5903694533, 5486151.196034281], [698364.6, 5486151.0]]]}, "properties": {"id": "B084_00", "block": "B084", "kachel": "698_5486", "klasse": "trampolin", "sicher": true, "notiz": "dunkle runde Matte mit Rand, Laser flacher Ring", "flaeche": 12.5}}, {"type": "Feature", "geometry": {"type": "Polygon", "coordinates": [[[699555.9587535735, 5486787.898279199], [699554.9326931436, 5486790.717357061], [699553.241246426, 5486790.1017208025], [699554.2673068559, 5486787.282642941], [699555.9587535735, 5486787.898279199]]]}, "properties": {"id": "B087_00", "block": "B087", "kachel": "699_5486", "klasse": "gartenhaus", "sicher": false, "notiz": "weiße Objekte am Hang: Gerätebox/Zelt", "flaeche": 5.4}}, {"type": "Feature", "geometry": {"type": "Polygon", "coordinates": [[[699327.5, 5487188.6], [699327.4918140353, 5487188.433370861], [699327.4673349768, 5487188.268346452], [699327.4267985708, 5487188.106516048], [699327.3705952053, 5487187.949438165], [699327.2992661494, 5487187.798625547], [699327.2134983409, 5487187.655530604], [699327.1141177708, 5487187.521531416], [699327.0020815281, 5487187.397918472], [699326.8784685831, 5487187.285882229], [699326.7444693962, 5487187.1865016585], [699326.6013744527, 5487187.10073385], [699326.4505618351, 5487187.029404795], [699326.2934839514, 5487186.973201429], [699326.1316535475, 5487186.932665023], [699325.9666291386, 5487186.908185964], [699325.8, 5487186.899999999], [699325.6333708615, 5487186.908185964], [699325.4683464526, 5487186.932665023], [699325.3065160487, 5487186.973201429], [699325.149438165, 5487187.029404795], [699324.9986255474, 5487187.10073385], [699324.8555306039, 5487187.1865016585], [699324.721531417, 5487187.285882229], [699324.597918472, 5487187.397918472], [699324.4858822293, 5487187.521531416], [699324.3865016592, 5487187.655530604], [699324.3007338507, 5487187.798625547], [699324.2294047948, 5487187.949438165], [699324.1732014293, 5487188.106516048], [699324.1326650233, 5487188.268346452], [699324.1081859648, 5487188.433370861], [699324.1000000001, 5487188.6], [699324.1081859648, 5487188.766629138], [699324.1326650233, 5487188.931653547], [699324.1732014293, 5487189.093483951], [699324.2294047948, 5487189.250561834], [699324.3007338507, 5487189.401374452], [699324.3865016592, 5487189.544469396], [699324.4858822293, 5487189.678468583], [699324.597918472, 5487189.802081527], [699324.721531417, 5487189.91411777], [699324.8555306039, 5487190.013498341], [699324.9986255474, 5487190.099266149], [699325.149438165, 5487190.170595204], [699325.3065160487, 5487190.226798571], [699325.4683464526, 5487190.267334976], [699325.6333708615, 5487190.291814035], [699325.8, 5487190.3], [699325.9666291386, 5487190.291814035], [699326.1316535475, 5487190.267334976], [699326.2934839514, 5487190.226798571], [699326.4505618351, 5487190.170595204], [699326.6013744527, 5487190.099266149], [699326.7444693962, 5487190.013498341], [699326.8784685831, 5487189.91411777], [699327.0020815281, 5487189.802081527], [699327.1141177708, 5487189.678468583], [699327.2134983409, 5487189.544469396], [699327.2992661494, 5487189.401374452], [699327.3705952053, 5487189.250561834], [699327.4267985708, 5487189.093483951], [699327.4673349768, 5487188.931653547], [699327.4918140353, 5487188.766629138], [699327.5, 5487188.6]]]}, "properties": {"id": "B089_00", "block": "B089", "kachel": "699_5487", "klasse": "pool", "sicher": true, "notiz": "runder Pool", "flaeche": 9.1}}, {"type": "Feature", "geometry": {"type": "Polygon", "coordinates": [[[699368.3624355653, 5487171.800961895], [699366.8624355653, 5487174.399038106], [699364.4375644345, 5487172.999038106], [699365.9375644345, 5487170.400961895], [699368.3624355653, 5487171.800961895]]]}, "properties": {"id": "B089_01", "block": "B089", "kachel": "699_5487", "klasse": "gartenhaus", "sicher": false, "notiz": "weißes Dach am Waldrand, Laser ~1,5 m", "flaeche": 8.4}}, {"type": "Feature", "geometry": {"type": "Polygon", "coordinates": [[[699016.0, 5486947.0], [699015.9922955628, 5486946.843172575], [699015.9692564487, 5486946.687855485], [699015.9311045372, 5486946.5355445165], [699015.878207252, 5486946.387706508], [699015.811074023, 5486946.245765221], [699015.7303513797, 5486946.111087627], [699015.6368167254, 5486945.984970746], [699015.5313708499, 5486945.86862915], [699015.4150292547, 5486945.763183274], [699015.2889123729, 5486945.66964862], [699015.154234779, 5486945.588925977], [699015.0122934919, 5486945.521792748], [699014.8644554836, 5486945.468895463], [699014.7121445152, 5486945.430743552], [699014.5568274246, 5486945.407704437], [699014.4, 5486945.4], [699014.2431725755, 5486945.407704437], [699014.0878554848, 5486945.430743552], [699013.9355445164, 5486945.468895463], [699013.7877065082, 5486945.521792748], [699013.6457652211, 5486945.588925977], [699013.5110876272, 5486945.66964862], [699013.3849707453, 5486945.763183274], [699013.2686291501, 5486945.86862915], [699013.1631832747, 5486945.984970746], [699013.0696486203, 5486946.111087627], [699012.988925977, 5486946.245765221], [699012.921792748, 5486946.387706508], [699012.8688954628, 5486946.5355445165], [699012.8307435514, 5486946.687855485], [699012.8077044373, 5486946.843172575], [699012.8, 5486947.0], [699012.8077044373, 5486947.156827425], [699012.8307435514, 5486947.312144515], [699012.8688954628, 5486947.4644554835], [699012.921792748, 5486947.612293492], [699012.988925977, 5486947.754234779], [699013.0696486203, 5486947.888912373], [699013.1631832747, 5486948.015029254], [699013.2686291501, 5486948.13137085], [699013.3849707453, 5486948.236816726], [699013.5110876272, 5486948.33035138], [699013.6457652211, 5486948.411074023], [699013.7877065082, 5486948.478207252], [699013.9355445164, 5486948.531104537], [699014.0878554848, 5486948.569256448], [699014.2431725755, 5486948.592295563], [699014.4, 5486948.6], [699014.5568274246, 5486948.592295563], [699014.7121445152, 5486948.569256448], [699014.8644554836, 5486948.531104537], [699015.0122934919, 5486948.478207252], [699015.154234779, 5486948.411074023], [699015.2889123729, 5486948.33035138], [699015.4150292547, 5486948.236816726], [699015.5313708499, 5486948.13137085], [699015.6368167254, 5486948.015029254], [699015.7303513797, 5486947.888912373], [699015.811074023, 5486947.754234779], [699015.878207252, 5486947.612293492], [699015.9311045372, 5486947.4644554835], [699015.9692564487, 5486947.312144515], [699015.9922955628, 5486947.156827425], [699016.0, 5486947.0]]]}, "properties": {"id": "B090_00", "block": "B090", "kachel": "699_5486", "klasse": "pool", "sicher": true, "notiz": "runder dunkler Pool in heller Umrandung", "flaeche": 8.0}}, {"type": "Feature", "geometry": {"type": "Polygon", "coordinates": [[[699098.6, 5486945.8], [699098.5922955627, 5486945.643172575], [699098.5692564487, 5486945.487855485], [699098.5311045372, 5486945.335544516], [699098.478207252, 5486945.187706508], [699098.411074023, 5486945.045765221], [699098.3303513797, 5486944.911087627], [699098.2368167253, 5486944.784970745], [699098.1313708499, 5486944.66862915], [699098.0150292547, 5486944.563183274], [699097.8889123729, 5486944.46964862], [699097.7542347789, 5486944.388925977], [699097.6122934918, 5486944.321792748], [699097.4644554836, 5486944.268895463], [699097.3121445152, 5486944.230743552], [699097.1568274245, 5486944.207704437], [699097.0, 5486944.2], [699096.8431725755, 5486944.207704437], [699096.6878554848, 5486944.230743552], [699096.5355445164, 5486944.268895463], [699096.3877065082, 5486944.321792748], [699096.2457652211, 5486944.388925977], [699096.1110876271, 5486944.46964862], [699095.9849707453, 5486944.563183274], [699095.8686291501, 5486944.66862915], [699095.7631832747, 5486944.784970745], [699095.6696486203, 5486944.911087627], [699095.588925977, 5486945.045765221], [699095.521792748, 5486945.187706508], [699095.4688954628, 5486945.335544516], [699095.4307435513, 5486945.487855485], [699095.4077044373, 5486945.643172575], [699095.4, 5486945.8], [699095.4077044373, 5486945.9568274245], [699095.4307435513, 5486946.112144515], [699095.4688954628, 5486946.264455483], [699095.521792748, 5486946.412293492], [699095.588925977, 5486946.5542347785], [699095.6696486203, 5486946.688912373], [699095.7631832747, 5486946.815029254], [699095.8686291501, 5486946.93137085], [699095.9849707453, 5486947.0368167255], [699096.1110876271, 5486947.1303513795], [699096.2457652211, 5486947.211074023], [699096.3877065082, 5486947.278207252], [699096.5355445164, 5486947.331104537], [699096.6878554848, 5486947.369256448], [699096.8431725755, 5486947.392295563], [699097.0, 5486947.399999999], [699097.1568274245, 5486947.392295563], [699097.3121445152, 5486947.369256448], [699097.4644554836, 5486947.331104537], [699097.6122934918, 5486947.278207252], [699097.7542347789, 5486947.211074023], [699097.8889123729, 5486947.1303513795], [699098.0150292547, 5486947.0368167255], [699098.1313708499, 5486946.93137085], [699098.2368167253, 5486946.815029254], [699098.3303513797, 5486946.688912373], [699098.411074023, 5486946.5542347785], [699098.478207252, 5486946.412293492], [699098.5311045372, 5486946.264455483], [699098.5692564487, 5486946.112144515], [699098.5922955627, 5486945.9568274245], [699098.6, 5486945.8]]]}, "properties": {"id": "B090_01", "block": "B090", "kachel": "699_5486", "klasse": "pool", "sicher": true, "notiz": "runder Pool mit blauem Rand", "flaeche": 8.0}}, {"type": "Feature", "geometry": {"type": "Polygon", "coordinates": [[[699754.5, 5486473.2], [699754.4908509806, 5486473.013767433], [699754.4634920327, 5486472.829328388], [699754.4181866379, 5486472.648459113], [699754.3553711118, 5486472.472901478], [699754.2756504022, 5486472.3043462], [699754.1797922633, 5486472.144416558], [699754.0687198613, 5486471.99465276], [699753.9435028842, 5486471.856497116], [699753.8053472398, 5486471.731280139], [699753.6555834428, 5486471.620207737], [699753.4956538, 5486471.524349598], [699753.3270985215, 5486471.444628889], [699753.1515408867, 5486471.381813362], [699752.9706716118, 5486471.336507968], [699752.7862325666, 5486471.309149019], [699752.6, 5486471.3], [699752.4137674334, 5486471.309149019], [699752.2293283881, 5486471.336507968], [699752.0484591132, 5486471.381813362], [699751.8729014784, 5486471.444628889], [699751.7043462, 5486471.524349598], [699751.5444165572, 5486471.620207737], [699751.3946527601, 5486471.731280139], [699751.2564971157, 5486471.856497116], [699751.1312801386, 5486471.99465276], [699751.0202077366, 5486472.144416558], [699750.9243495978, 5486472.3043462], [699750.8446288882, 5486472.472901478], [699750.781813362, 5486472.648459113], [699750.7365079672, 5486472.829328388], [699750.7091490193, 5486473.013767433], [699750.7, 5486473.2], [699750.7091490193, 5486473.386232567], [699750.7365079672, 5486473.570671612], [699750.781813362, 5486473.751540887], [699750.8446288882, 5486473.927098522], [699750.9243495978, 5486474.0956538], [699751.0202077366, 5486474.255583443], [699751.1312801386, 5486474.40534724], [699751.2564971157, 5486474.543502884], [699751.3946527601, 5486474.668719862], [699751.5444165572, 5486474.779792263], [699751.7043462, 5486474.875650402], [699751.8729014784, 5486474.955371112], [699752.0484591132, 5486475.018186638], [699752.2293283881, 5486475.063492033], [699752.4137674334, 5486475.090850981], [699752.6, 5486475.100000001], [699752.7862325666, 5486475.090850981], [699752.9706716118, 5486475.063492033], [699753.1515408867, 5486475.018186638], [699753.3270985215, 5486474.955371112], [699753.4956538, 5486474.875650402], [699753.6555834428, 5486474.779792263], [699753.8053472398, 5486474.668719862], [699753.9435028842, 5486474.543502884], [699754.0687198613, 5486474.40534724], [699754.1797922633, 5486474.255583443], [699754.2756504022, 5486474.0956538], [699754.3553711118, 5486473.927098522], [699754.4181866379, 5486473.751540887], [699754.4634920327, 5486473.570671612], [699754.4908509806, 5486473.386232567], [699754.5, 5486473.2]]]}, "properties": {"id": "B092_00", "block": "B092", "kachel": "699_5486", "klasse": "pool", "sicher": true, "notiz": "runder hellblauer Pool (im Laser 2025 Abdeckung, grau)", "flaeche": 11.3}}, {"type": "Feature", "geometry": {"type": "Polygon", "coordinates": [[[698339.5, 5487478.6], [698339.5, 5487484.6], [698334.5, 5487484.6], [698334.5, 5487478.6], [698339.5, 5487478.6]]]}, "properties": {"id": "B093_00", "block": "B093", "kachel": "698_5487", "klasse": "gartenhaus", "sicher": true, "notiz": "helles Flachdach, Laser ~3 m", "flaeche": 30.0}}, {"type": "Feature", "geometry": {"type": "Polygon", "coordinates": [[[698311.6588457264, 5487426.341154274], [698309.8588457266, 5487429.458845727], [698306.741154273, 5487427.658845727], [698308.5411542729, 5487424.541154274], [698311.6588457264, 5487426.341154274]]]}, "properties": {"id": "B093_01", "block": "B093", "kachel": "698_5487", "klasse": "gartenhaus", "sicher": false, "notiz": "kleines Dach unter Bäumen, im Laser verdeckt", "flaeche": 13.0}}, {"type": "Feature", "geometry": {"type": "Polygon", "coordinates": [[[699526.3758330247, 5486569.124166975], [699525.0758330249, 5486571.375833024], [699522.8241669754, 5486570.075833024], [699524.1241669753, 5486567.824166974], [699526.3758330247, 5486569.124166975]]]}, "properties": {"id": "B094_00", "block": "B094", "kachel": "699_5486", "klasse": "gartenhaus", "sicher": false, "notiz": "weißes Zelt/Pavillon zwischen Reihenhausgärten, Laser nicht erhöht", "flaeche": 6.8}}, {"type": "Feature", "geometry": {"type": "Polygon", "coordinates": [[[699522.3758330247, 5486560.924166976], [699521.0758330249, 5486563.175833025], [699518.824166975, 5486561.875833025], [699520.1241669748, 5486559.624166975], [699522.3758330247, 5486560.924166976]]]}, "properties": {"id": "B094_01", "block": "B094", "kachel": "699_5486", "klasse": "gartenhaus", "sicher": false, "notiz": "weißes Zelt/Pavillon, Laser nicht erhöht", "flaeche": 6.8}}, {"type": "Feature", "geometry": {"type": "Polygon", "coordinates": [[[698389.7898791748, 5487570.895132208], [698390.1517292374, 5487573.469829186], [698384.210120825, 5487574.304867791], [698383.8482707626, 5487571.730170813], [698389.7898791748, 5487570.895132208]]]}, "properties": {"id": "B095_00", "block": "B095", "kachel": "698_5487", "klasse": "carport_garage", "sicher": true, "notiz": "Garagenzeile/Carport neben Hausumring, Laser ~2,5 m (keine Zielklasse)", "flaeche": 15.6}}, {"type": "Feature", "geometry": {"type": "Polygon", "coordinates": [[[698316.7, 5487530.399999999], [698316.7, 5487532.8], [698313.7, 5487532.8], [698313.7, 5487530.399999999], [698316.7, 5487530.399999999]]]}, "properties": {"id": "B095_01", "block": "B095", "kachel": "698_5487", "klasse": "pool", "sicher": false, "notiz": "hellblaues Rechteck, Pool oder Plane", "flaeche": 7.2}}, {"type": "Feature", "geometry": {"type": "Polygon", "coordinates": [[[699940.777756813, 5486464.652885683], [699943.7222431861, 5486466.352885683], [699939.2222431861, 5486474.147114318], [699936.277756813, 5486472.447114317], [699940.777756813, 5486464.652885683]]]}, "properties": {"id": "B096_00", "block": "B096", "kachel": "699_5486", "klasse": "pool", "sicher": true, "notiz": "großer rechteckiger Pool, Laser ohne Echo (Wasser)", "flaeche": 30.6}}, {"type": "Feature", "geometry": {"type": "Polygon", "coordinates": [[[698359.4, 5486021.0], [698359.3932586174, 5486020.862776004], [698359.3730993925, 5486020.72687355], [698359.33971647, 5486020.593601452], [698359.2934313455, 5486020.464243195], [698359.23468977, 5486020.340044568], [698359.1640574572, 5486020.222201673], [698359.0822146347, 5486020.111849402], [698358.9899494937, 5486020.010050506], [698358.8881505978, 5486019.917785365], [698358.7777983262, 5486019.835942543], [698358.6599554316, 5486019.76531023], [698358.5357568053, 5486019.706568655], [698358.4063985482, 5486019.66028353], [698358.2731264508, 5486019.626900608], [698358.1372239965, 5486019.606741383], [698358.0, 5486019.6], [698357.8627760035, 5486019.606741383], [698357.7268735492, 5486019.626900608], [698357.5936014518, 5486019.66028353], [698357.4642431947, 5486019.706568655], [698357.3400445684, 5486019.76531023], [698357.2222016738, 5486019.835942543], [698357.1118494022, 5486019.917785365], [698357.0100505063, 5486020.010050506], [698356.9177853653, 5486020.111849402], [698356.8359425428, 5486020.222201673], [698356.76531023, 5486020.340044568], [698356.7065686545, 5486020.464243195], [698356.66028353, 5486020.593601452], [698356.6269006075, 5486020.72687355], [698356.6067413826, 5486020.862776004], [698356.6, 5486021.0], [698356.6067413826, 5486021.137223996], [698356.6269006075, 5486021.27312645], [698356.66028353, 5486021.406398548], [698356.7065686545, 5486021.535756805], [698356.76531023, 5486021.659955432], [698356.8359425428, 5486021.777798327], [698356.9177853653, 5486021.888150598], [698357.0100505063, 5486021.989949494], [698357.1118494022, 5486022.082214635], [698357.2222016738, 5486022.164057457], [698357.3400445684, 5486022.23468977], [698357.4642431947, 5486022.293431345], [698357.5936014518, 5486022.33971647], [698357.7268735492, 5486022.373099392], [698357.8627760035, 5486022.393258617], [698358.0, 5486022.4], [698358.1372239965, 5486022.393258617], [698358.2731264508, 5486022.373099392], [698358.4063985482, 5486022.33971647], [698358.5357568053, 5486022.293431345], [698358.6599554316, 5486022.23468977], [698358.7777983262, 5486022.164057457], [698358.8881505978, 5486022.082214635], [698358.9899494937, 5486021.989949494], [698359.0822146347, 5486021.888150598], [698359.1640574572, 5486021.777798327], [698359.23468977, 5486021.659955432], [698359.2934313455, 5486021.535756805], [698359.33971647, 5486021.406398548], [698359.3730993925, 5486021.27312645], [698359.3932586174, 5486021.137223996], [698359.4, 5486021.0]]]}, "properties": {"id": "B099_00", "block": "B099", "kachel": "698_5486", "klasse": "pool", "sicher": false, "notiz": "heller Ring ohne Wasser sichtbar: leerer Pool oder Trampolinrahmen", "flaeche": 6.1}}, {"type": "Feature", "geometry": {"type": "Polygon", "coordinates": [[[698368.9, 5486009.7], [698368.9, 5486014.7], [698364.2999999999, 5486014.7], [698364.2999999999, 5486009.7], [698368.9, 5486009.7]]]}, "properties": {"id": "B099_01", "block": "B099", "kachel": "698_5486", "klasse": "carport_garage", "sicher": true, "notiz": "blaues Dach neben Haus, Laser ~2,5 m (keine Zielklasse)", "flaeche": 23.0}}, {"type": "Feature", "geometry": {"type": "Polygon", "coordinates": [[[698322.6, 5486024.2], [698322.6, 5486026.600000001], [698318.2000000001, 5486026.600000001], [698318.2000000001, 5486024.2], [698322.6, 5486024.2]]]}, "properties": {"id": "B099_02", "block": "B099", "kachel": "698_5486", "klasse": "gartenhaus", "sicher": true, "notiz": "weißes Dach mit rotem Rand, Laser ~2 m", "flaeche": 10.6}}, {"type": "Feature", "geometry": {"type": "Polygon", "coordinates": [[[698562.5588457268, 5486585.5679491935], [698560.5588457268, 5486589.032050808], [698557.4411542732, 5486587.232050807], [698559.4411542732, 5486583.767949193], [698562.5588457268, 5486585.5679491935]]]}, "properties": {"id": "B101_00", "block": "B101", "kachel": "698_5486", "klasse": "gartenhaus", "sicher": false, "notiz": "weißes Dach im DOP 2023, im Laser 2025 kaum erhöht (abgebaut?)", "flaeche": 14.4}}, {"type": "Feature", "geometry": {"type": "Polygon", "coordinates": [[[698919.2176641054, 5487241.753486333], [698916.6465136665, 5487244.817664105], [698913.582335894, 5487242.246513667], [698916.1534863329, 5487239.182335895], [698919.2176641054, 5487241.753486333]]]}, "properties": {"id": "B102_00", "block": "B102", "kachel": "698_5487", "klasse": "gartenhaus", "sicher": true, "notiz": "rotes Dach, Laser ~2,5 m", "flaeche": 16.0}}, {"type": "Feature", "geometry": {"type": "Polygon", "coordinates": [[[698926.7447096845, 5487232.277926051], [698925.650245226, 5487235.284942437], [698922.4552903152, 5487234.122073949], [698923.5497547737, 5487231.115057563], [698926.7447096845, 5487232.277926051]]]}, "properties": {"id": "B102_01", "block": "B102", "kachel": "698_5487", "klasse": "gartenhaus", "sicher": true, "notiz": "braunes Dach, Laser ~2,5 m", "flaeche": 10.9}}, {"type": "Feature", "geometry": {"type": "Polygon", "coordinates": [[[698926.8999999999, 5487209.6], [698926.8918140352, 5487209.433370861], [698926.8673349767, 5487209.268346452], [698926.8267985707, 5487209.106516048], [698926.7705952052, 5487208.949438165], [698926.6992661493, 5487208.798625547], [698926.6134983408, 5487208.655530604], [698926.5141177707, 5487208.521531416], [698926.402081528, 5487208.397918472], [698926.278468583, 5487208.285882229], [698926.1444693961, 5487208.1865016585], [698926.0013744526, 5487208.10073385], [698925.850561835, 5487208.029404795], [698925.6934839513, 5487207.973201429], [698925.5316535474, 5487207.932665023], [698925.3666291385, 5487207.908185964], [698925.2, 5487207.899999999], [698925.0333708614, 5487207.908185964], [698924.8683464525, 5487207.932665023], [698924.7065160486, 5487207.973201429], [698924.5494381649, 5487208.029404795], [698924.3986255473, 5487208.10073385], [698924.2555306038, 5487208.1865016585], [698924.1215314169, 5487208.285882229], [698923.9979184719, 5487208.397918472], [698923.8858822292, 5487208.521531416], [698923.7865016591, 5487208.655530604], [698923.7007338506, 5487208.798625547], [698923.6294047947, 5487208.949438165], [698923.5732014292, 5487209.106516048], [698923.5326650232, 5487209.268346452], [698923.5081859647, 5487209.433370861], [698923.5, 5487209.6], [698923.5081859647, 5487209.766629138], [698923.5326650232, 5487209.931653547], [698923.5732014292, 5487210.093483951], [698923.6294047947, 5487210.250561834], [698923.7007338506, 5487210.401374452], [698923.7865016591, 5487210.544469396], [698923.8858822292, 5487210.678468583], [698923.9979184719, 5487210.802081527], [698924.1215314169, 5487210.91411777], [698924.2555306038, 5487211.013498341], [698924.3986255473, 5487211.099266149], [698924.5494381649, 5487211.170595204], [698924.7065160486, 5487211.226798571], [698924.8683464525, 5487211.267334976], [698925.0333708614, 5487211.291814035], [698925.2, 5487211.3], [698925.3666291385, 5487211.291814035], [698925.5316535474, 5487211.267334976], [698925.6934839513, 5487211.226798571], [698925.850561835, 5487211.170595204], [698926.0013744526, 5487211.099266149], [698926.1444693961, 5487211.013498341], [698926.278468583, 5487210.91411777], [698926.402081528, 5487210.802081527], [698926.5141177707, 5487210.678468583], [698926.6134983408, 5487210.544469396], [698926.6992661493, 5487210.401374452], [698926.7705952052, 5487210.250561834], [698926.8267985707, 5487210.093483951], [698926.8673349767, 5487209.931653547], [698926.8918140352, 5487209.766629138], [698926.8999999999, 5487209.6]]]}, "properties": {"id": "B102_02", "block": "B102", "kachel": "698_5487", "klasse": "pool", "sicher": true, "notiz": "runder Pool mit Rand", "flaeche": 9.1}}, {"type": "Feature", "geometry": {"type": "Polygon", "coordinates": [[[699814.0939564558, 5486057.911947709], [699813.895079822, 5486061.706739941], [699805.9060435441, 5486061.288052291], [699806.1049201778, 5486057.493260059], [699814.0939564558, 5486057.911947709]]]}, "properties": {"id": "B103_00", "block": "B103", "kachel": "699_5486", "klasse": "pool", "sicher": true, "notiz": "rechteckiger hellblauer Pool, Teil im Bogen", "flaeche": 30.4}}, {"type": "Feature", "geometry": {"type": "Polygon", "coordinates": [[[699851.6037892107, 5486098.322836249], [699851.3771842795, 5486100.9129424635], [699846.3962107892, 5486100.477163751], [699846.6228157203, 5486097.887057536], [699851.6037892107, 5486098.322836249]]]}, "properties": {"id": "B103_01", "block": "B103", "kachel": "699_5486", "klasse": "gartenhaus", "sicher": true, "notiz": "rotes Dach, Laser ~2,5 m", "flaeche": 13.0}}, {"type": "Feature", "geometry": {"type": "Polygon", "coordinates": [[[699843.4088457269, 5486022.027756813], [699841.7088457267, 5486024.972243186], [699838.5911542731, 5486023.172243185], [699840.2911542733, 5486020.227756812], [699843.4088457269, 5486022.027756813]]]}, "properties": {"id": "B103_02", "block": "B103", "kachel": "699_5486", "klasse": "gartenhaus", "sicher": true, "notiz": "rotes Zeltdach, Laser ~2,5 m", "flaeche": 12.2}}, {"type": "Feature", "geometry": {"type": "Polygon", "coordinates": [[[699849.8, 5486093.3], [699849.8, 5486095.899999999], [699846.2, 5486095.899999999], [699846.2, 5486093.3], [699849.8, 5486093.3]]]}, "properties": {"id": "B103_03", "block": "B103", "kachel": "699_5486", "klasse": "gartenhaus", "sicher": false, "notiz": "weißes Dach/Pavillon", "flaeche": 9.4}}, {"type": "Feature", "geometry": {"type": "Polygon", "coordinates": [[[698282.9368434185, 5486456.4597648205], [698283.7820799421, 5486458.272380395], [698281.063156581, 5486459.5402351795], [698280.2179200575, 5486457.727619605], [698282.9368434185, 5486456.4597648205]]]}, "properties": {"id": "B104_00", "block": "B104", "kachel": "698_5486", "klasse": "pool", "sicher": false, "notiz": "kleine hellblaue Fläche zwischen Terrassen, Pool oder Plane", "flaeche": 6.0}}, {"type": "Feature", "geometry": {"type": "Polygon", "coordinates": [[[699056.7999999999, 5487240.6], [699056.7894063987, 5487240.384362291], [699056.7577276168, 5487240.170801291], [699056.7052687386, 5487239.96137371], [699056.6325349715, 5487239.758096448], [699056.5402267815, 5487239.562927179], [699056.4292331471, 5487239.377745487], [699056.3006229973, 5487239.204334774], [699056.1556349186, 5487239.044365081], [699055.9956652251, 5487238.899377002], [699055.8222545126, 5487238.770766852], [699055.637072821, 5487238.659773218], [699055.4419035512, 5487238.567465028], [699055.2386262899, 5487238.494731261], [699055.0291987084, 5487238.442272383], [699054.8156377088, 5487238.410593601], [699054.6, 5487238.399999999], [699054.3843622912, 5487238.410593601], [699054.1708012916, 5487238.442272383], [699053.9613737101, 5487238.494731261], [699053.7580964487, 5487238.567465028], [699053.5629271789, 5487238.659773218], [699053.3777454874, 5487238.770766852], [699053.2043347749, 5487238.899377002], [699053.0443650814, 5487239.044365081], [699052.8993770026, 5487239.204334774], [699052.7707668529, 5487239.377745487], [699052.6597732184, 5487239.562927179], [699052.5674650285, 5487239.758096448], [699052.4947312614, 5487239.96137371], [699052.4422723831, 5487240.170801291], [699052.4105936013, 5487240.384362291], [699052.4, 5487240.6], [699052.4105936013, 5487240.815637709], [699052.4422723831, 5487241.029198708], [699052.4947312614, 5487241.238626289], [699052.5674650285, 5487241.441903551], [699052.6597732184, 5487241.63707282], [699052.7707668529, 5487241.822254512], [699052.8993770026, 5487241.995665225], [699053.0443650814, 5487242.155634918], [699053.2043347749, 5487242.300622997], [699053.3777454874, 5487242.429233147], [699053.5629271789, 5487242.540226781], [699053.7580964487, 5487242.632534971], [699053.9613737101, 5487242.705268738], [699054.1708012916, 5487242.7577276165], [699054.3843622912, 5487242.789406398], [699054.6, 5487242.8], [699054.8156377088, 5487242.789406398], [699055.0291987084, 5487242.7577276165], [699055.2386262899, 5487242.705268738], [699055.4419035512, 5487242.632534971], [699055.637072821, 5487242.540226781], [699055.8222545126, 5487242.429233147], [699055.9956652251, 5487242.300622997], [699056.1556349186, 5487242.155634918], [699056.3006229973, 5487241.995665225], [699056.4292331471, 5487241.822254512], [699056.5402267815, 5487241.63707282], [699056.6325349715, 5487241.441903551], [699056.7052687386, 5487241.238626289], [699056.7577276168, 5487241.029198708], [699056.7894063987, 5487240.815637709], [699056.7999999999, 5487240.6]]]}, "properties": {"id": "B107_00", "block": "B107", "kachel": "699_5487", "klasse": "trampolin", "sicher": true, "notiz": "dunkle Matte mit Netz, Laser ohne Höhe in der Mitte", "flaeche": 15.2}}, {"type": "Feature", "geometry": {"type": "Polygon", "coordinates": [[[699057.392928879, 5487252.233166255], [699057.7402252343, 5487254.202781761], [699053.4070711213, 5487254.966833743], [699053.0597747657, 5487252.997218237], [699057.392928879, 5487252.233166255]]]}, "properties": {"id": "B107_01", "block": "B107", "kachel": "699_5487", "klasse": "gartenhaus", "sicher": false, "notiz": "helles Dach neben Haus, Laser ~2 m", "flaeche": 8.8}}, {"type": "Feature", "geometry": {"type": "Polygon", "coordinates": [[[699314.9950144896, 5486751.390463382], [699312.8095366163, 5486753.995014489], [699310.2049855101, 5486751.809536616], [699312.3904633834, 5486749.20498551], [699314.9950144896, 5486751.390463382]]]}, "properties": {"id": "B109_00", "block": "B109", "kachel": "699_5486", "klasse": "gartenhaus", "sicher": true, "notiz": "rotes Zeltdach, Laser ~2 m", "flaeche": 11.6}}, {"type": "Feature", "geometry": {"type": "Polygon", "coordinates": [[[699361.2088457271, 5486729.227756812], [699359.508845727, 5486732.172243185], [699356.3911542734, 5486730.3722431855], [699358.0911542736, 5486727.427756812], [699361.2088457271, 5486729.227756812]]]}, "properties": {"id": "B109_01", "block": "B109", "kachel": "699_5486", "klasse": "gartenhaus", "sicher": true, "notiz": "rotes Dach, Laser ~2 m", "flaeche": 12.2}}, {"type": "Feature", "geometry": {"type": "Polygon", "coordinates": [[[699340.5, 5486749.8], [699340.49277709, 5486749.652974289], [699340.4711779206, 5486749.507364517], [699340.4354105036, 5486749.364572984], [699340.3858192988, 5486749.225974851], [699340.3228818965, 5486749.092904895], [699340.2472044184, 5486748.96664465], [699340.15951568, 5486748.848410074], [699340.0606601718, 5486748.7393398285], [699339.9515899263, 5486748.64048432], [699339.8333553495, 5486748.5527955815], [699339.7070951052, 5486748.477118103], [699339.5740251485, 5486748.414180701], [699339.4354270159, 5486748.3645894965], [699339.292635483, 5486748.328822079], [699339.1470257104, 5486748.30722291], [699339.0, 5486748.3], [699338.8529742896, 5486748.30722291], [699338.707364517, 5486748.328822079], [699338.5645729841, 5486748.3645894965], [699338.4259748515, 5486748.414180701], [699338.2929048948, 5486748.477118103], [699338.1666446505, 5486748.5527955815], [699338.0484100737, 5486748.64048432], [699337.9393398282, 5486748.7393398285], [699337.84048432, 5486748.848410074], [699337.7527955816, 5486748.96664465], [699337.6771181035, 5486749.092904895], [699337.6141807012, 5486749.225974851], [699337.5645894964, 5486749.364572984], [699337.5288220794, 5486749.507364517], [699337.50722291, 5486749.652974289], [699337.5, 5486749.8], [699337.50722291, 5486749.947025711], [699337.5288220794, 5486750.092635483], [699337.5645894964, 5486750.235427015], [699337.6141807012, 5486750.374025148], [699337.6771181035, 5486750.507095105], [699337.7527955816, 5486750.633355349], [699337.84048432, 5486750.751589926], [699337.9393398282, 5486750.860660171], [699338.0484100737, 5486750.95951568], [699338.1666446505, 5486751.047204418], [699338.2929048948, 5486751.122881897], [699338.4259748515, 5486751.185819299], [699338.5645729841, 5486751.235410503], [699338.707364517, 5486751.2711779205], [699338.8529742896, 5486751.292777089], [699339.0, 5486751.3], [699339.1470257104, 5486751.292777089], [699339.292635483, 5486751.2711779205], [699339.4354270159, 5486751.235410503], [699339.5740251485, 5486751.185819299], [699339.7070951052, 5486751.122881897], [699339.8333553495, 5486751.047204418], [699339.9515899263, 5486750.95951568], [699340.0606601718, 5486750.860660171], [699340.15951568, 5486750.751589926], [699340.2472044184, 5486750.633355349], [699340.3228818965, 5486750.507095105], [699340.3858192988, 5486750.374025148], [699340.4354105036, 5486750.235427015], [699340.4711779206, 5486750.092635483], [699340.49277709, 5486749.947025711], [699340.5, 5486749.8]]]}, "properties": {"id": "B109_02", "block": "B109", "kachel": "699_5486", "klasse": "pool", "sicher": false, "notiz": "weißes rundes Objekt: abgedeckter Pool oder Schirm", "flaeche": 7.1}}, {"type": "Feature", "geometry": {"type": "Polygon", "coordinates": [[[699682.2, 5486375.8], [699682.1922955627, 5486375.643172575], [699682.1692564486, 5486375.487855485], [699682.1311045372, 5486375.335544516], [699682.078207252, 5486375.187706508], [699682.011074023, 5486375.045765221], [699681.9303513797, 5486374.911087627], [699681.8368167253, 5486374.784970745], [699681.7313708499, 5486374.66862915], [699681.6150292547, 5486374.563183274], [699681.4889123728, 5486374.46964862], [699681.3542347789, 5486374.388925977], [699681.2122934918, 5486374.321792748], [699681.0644554836, 5486374.268895463], [699680.9121445152, 5486374.230743552], [699680.7568274245, 5486374.207704437], [699680.6, 5486374.2], [699680.4431725754, 5486374.207704437], [699680.2878554848, 5486374.230743552], [699680.1355445164, 5486374.268895463], [699679.9877065081, 5486374.321792748], [699679.845765221, 5486374.388925977], [699679.7110876271, 5486374.46964862], [699679.5849707453, 5486374.563183274], [699679.4686291501, 5486374.66862915], [699679.3631832746, 5486374.784970745], [699679.2696486203, 5486374.911087627], [699679.188925977, 5486375.045765221], [699679.121792748, 5486375.187706508], [699679.0688954628, 5486375.335544516], [699679.0307435513, 5486375.487855485], [699679.0077044372, 5486375.643172575], [699679.0, 5486375.8], [699679.0077044372, 5486375.9568274245], [699679.0307435513, 5486376.112144515], [699679.0688954628, 5486376.264455483], [699679.121792748, 5486376.412293492], [699679.188925977, 5486376.5542347785], [699679.2696486203, 5486376.688912373], [699679.3631832746, 5486376.815029254], [699679.4686291501, 5486376.93137085], [699679.5849707453, 5486377.0368167255], [699679.7110876271, 5486377.1303513795], [699679.845765221, 5486377.211074023], [699679.9877065081, 5486377.278207252], [699680.1355445164, 5486377.331104537], [699680.2878554848, 5486377.369256448], [699680.4431725754, 5486377.392295563], [699680.6, 5486377.399999999], [699680.7568274245, 5486377.392295563], [699680.9121445152, 5486377.369256448], [699681.0644554836, 5486377.331104537], [699681.2122934918, 5486377.278207252], [699681.3542347789, 5486377.211074023], [699681.4889123728, 5486377.1303513795], [699681.6150292547, 5486377.0368167255], [699681.7313708499, 5486376.93137085], [699681.8368167253, 5486376.815029254], [699681.9303513797, 5486376.688912373], [699682.011074023, 5486376.5542347785], [699682.078207252, 5486376.412293492], [699682.1311045372, 5486376.264455483], [699682.1692564486, 5486376.112144515], [699682.1922955627, 5486375.9568274245], [699682.2, 5486375.8]]]}, "properties": {"id": "B110_00", "block": "B110", "kachel": "699_5486", "klasse": "trampolin", "sicher": true, "notiz": "dunkle Matte mit weißem Rand, im Laser 2025 nicht vorhanden", "flaeche": 8.0}}, {"type": "Feature", "geometry": {"type": "Polygon", "coordinates": [[[699654.3320508078, 5486386.067949193], [699652.3320508078, 5486389.532050808], [699648.8679491924, 5486387.532050808], [699650.8679491924, 5486384.067949193], [699654.3320508078, 5486386.067949193]]]}, "properties": {"id": "B110_01", "block": "B110", "kachel": "699_5486", "klasse": "gartenhaus", "sicher": true, "notiz": "weißes Dach im Garten, Laser ~2,5 m, nicht im Hausumring", "flaeche": 16.0}}, {"type": "Feature", "geometry": {"type": "Polygon", "coordinates": [[[699635.2088457267, 5486368.73493649], [699632.7088457267, 5486373.065063509], [699629.5911542731, 5486371.265063509], [699632.0911542731, 5486366.93493649], [699635.2088457267, 5486368.73493649]]]}, "properties": {"id": "B110_02", "block": "B110", "kachel": "699_5486", "klasse": "gartenhaus", "sicher": true, "notiz": "rotes Dach, Laser ~2 m", "flaeche": 18.0}}, {"type": "Feature", "geometry": {"type": "Polygon", "coordinates": [[[699616.585640646, 5486373.014359353], [699614.9856406464, 5486375.785640645], [699612.2143593542, 5486374.185640645], [699613.8143593539, 5486371.4143593535], [699616.585640646, 5486373.014359353]]]}, "properties": {"id": "B110_03", "block": "B110", "kachel": "699_5486", "klasse": "gartenhaus", "sicher": true, "notiz": "rotes Dach, Laser ~2 m", "flaeche": 10.2}}, {"type": "Feature", "geometry": {"type": "Polygon", "coordinates": [[[699631.1722431867, 5486374.237564434], [699629.7722431864, 5486376.662435565], [699626.8277568133, 5486374.962435566], [699628.2277568136, 5486372.537564435], [699631.1722431867, 5486374.237564434]]]}, "properties": {"id": "B110_04", "block": "B110", "kachel": "699_5486", "klasse": "gartenhaus", "sicher": false, "notiz": "Dach am Garten, Laser ~2 m", "flaeche": 9.5}}, {"type": "Feature", "geometry": {"type": "Polygon", "coordinates": [[[699630.449038106, 5486378.650961895], [699628.949038106, 5486381.249038106], [699626.3509618947, 5486379.749038106], [699627.8509618947, 5486377.150961895], [699630.449038106, 5486378.650961895]]]}, "properties": {"id": "B110_05", "block": "B110", "kachel": "699_5486", "klasse": "gartenhaus", "sicher": false, "notiz": "kleines Dach, Laser ~1,5 m", "flaeche": 9.0}}, {"type": "Feature", "geometry": {"type": "Polygon", "coordinates": [[[698851.2044769323, 5486510.206097326], [698850.1784165022, 5486513.025175189], [698846.7955230675, 5486511.793902673], [698847.8215834973, 5486508.97482481], [698851.2044769323, 5486510.206097326]]]}, "properties": {"id": "B112_00", "block": "B112", "kachel": "698_5486", "klasse": "gartenhaus", "sicher": false, "notiz": "Dach im Garten, Laser ~2 m, teils verdeckt", "flaeche": 10.8}}, {"type": "Feature", "geometry": {"type": "Polygon", "coordinates": [[[698854.888881116, 5486505.746154663], [698854.0088963626, 5486509.030302473], [698851.1111188838, 5486508.253845338], [698851.9911036373, 5486504.969697528], [698854.888881116, 5486505.746154663]]]}, "properties": {"id": "B112_01", "block": "B112", "kachel": "698_5486", "klasse": "pool", "sicher": false, "notiz": "hellblaue Fläche neben Anbau: Pool oder Folie", "flaeche": 10.2}}, {"type": "Feature", "geometry": {"type": "Polygon", "coordinates": [[[698596.4, 5487331.6], [698596.391332508, 5487331.4235691475], [698596.3654135047, 5487331.24883742], [698596.3224926043, 5487331.0774875805], [698596.2629831585, 5487330.911169821], [698596.1874582758, 5487330.751485873], [698596.0966453021, 5487330.59997358], [698595.991418816, 5487330.458092088], [698595.8727922061, 5487330.3272077935], [698595.7419079115, 5487330.208581184], [698595.6000264194, 5487330.103354697], [698595.4485141262, 5487330.012541723], [698595.2888301782, 5487329.937016841], [698595.122512419, 5487329.877507395], [698594.9511625796, 5487329.834586495], [698594.7764308526, 5487329.808667491], [698594.6, 5487329.8], [698594.4235691474, 5487329.808667491], [698594.2488374204, 5487329.834586495], [698594.077487581, 5487329.877507395], [698593.9111698217, 5487329.937016841], [698593.7514858737, 5487330.012541723], [698593.5999735806, 5487330.103354697], [698593.4580920885, 5487330.208581184], [698593.3272077938, 5487330.3272077935], [698593.2085811839, 5487330.458092088], [698593.1033546978, 5487330.59997358], [698593.0125417241, 5487330.751485873], [698592.9370168415, 5487330.911169821], [698592.8775073957, 5487331.0774875805], [698592.8345864953, 5487331.24883742], [698592.808667492, 5487331.4235691475], [698592.7999999999, 5487331.6], [698592.808667492, 5487331.776430852], [698592.8345864953, 5487331.9511625795], [698592.8775073957, 5487332.122512419], [698592.9370168415, 5487332.288830178], [698593.0125417241, 5487332.448514126], [698593.1033546978, 5487332.600026419], [698593.2085811839, 5487332.741907911], [698593.3272077938, 5487332.872792206], [698593.4580920885, 5487332.991418815], [698593.5999735806, 5487333.096645302], [698593.7514858737, 5487333.187458276], [698593.9111698217, 5487333.262983158], [698594.077487581, 5487333.322492604], [698594.2488374204, 5487333.365413505], [698594.4235691474, 5487333.391332508], [698594.6, 5487333.399999999], [698594.7764308526, 5487333.391332508], [698594.9511625796, 5487333.365413505], [698595.122512419, 5487333.322492604], [698595.2888301782, 5487333.262983158], [698595.4485141262, 5487333.187458276], [698595.6000264194, 5487333.096645302], [698595.7419079115, 5487332.991418815], [698595.8727922061, 5487332.872792206], [698595.991418816, 5487332.741907911], [698596.0966453021, 5487332.600026419], [698596.1874582758, 5487332.448514126], [698596.2629831585, 5487332.288830178], [698596.3224926043, 5487332.122512419], [698596.3654135047, 5487331.9511625795], [698596.391332508, 5487331.776430852], [698596.4, 5487331.6]]]}, "properties": {"id": "B114_00", "block": "B114", "kachel": "698_5487", "klasse": "trampolin", "sicher": true, "notiz": "Ring mit dunkler Matte, Laser ohne Höhe", "flaeche": 10.2}}, {"type": "Feature", "geometry": {"type": "Polygon", "coordinates": [[[698521.4, 5487322.6], [698521.3922955628, 5487322.443172575], [698521.3692564487, 5487322.2878554845], [698521.3311045372, 5487322.135544516], [698521.278207252, 5487321.987706508], [698521.211074023, 5487321.845765221], [698521.1303513797, 5487321.711087626], [698521.0368167254, 5487321.584970745], [698520.93137085, 5487321.46862915], [698520.8150292548, 5487321.363183274], [698520.6889123729, 5487321.26964862], [698520.554234779, 5487321.188925977], [698520.4122934919, 5487321.121792748], [698520.2644554836, 5487321.068895463], [698520.1121445153, 5487321.030743551], [698519.9568274246, 5487321.007704437], [698519.8, 5487321.0], [698519.6431725755, 5487321.007704437], [698519.4878554848, 5487321.030743551], [698519.3355445164, 5487321.068895463], [698519.1877065082, 5487321.121792748], [698519.0457652211, 5487321.188925977], [698518.9110876272, 5487321.26964862], [698518.7849707453, 5487321.363183274], [698518.6686291501, 5487321.46862915], [698518.5631832747, 5487321.584970745], [698518.4696486203, 5487321.711087626], [698518.388925977, 5487321.845765221], [698518.3217927481, 5487321.987706508], [698518.2688954629, 5487322.135544516], [698518.2307435514, 5487322.2878554845], [698518.2077044373, 5487322.443172575], [698518.2000000001, 5487322.6], [698518.2077044373, 5487322.756827424], [698518.2307435514, 5487322.912144515], [698518.2688954629, 5487323.064455483], [698518.3217927481, 5487323.212293492], [698518.388925977, 5487323.354234778], [698518.4696486203, 5487323.488912373], [698518.5631832747, 5487323.615029254], [698518.6686291501, 5487323.73137085], [698518.7849707453, 5487323.836816725], [698518.9110876272, 5487323.930351379], [698519.0457652211, 5487324.011074022], [698519.1877065082, 5487324.078207252], [698519.3355445164, 5487324.131104536], [698519.4878554848, 5487324.169256448], [698519.6431725755, 5487324.1922955625], [698519.8, 5487324.199999999], [698519.9568274246, 5487324.1922955625], [698520.1121445153, 5487324.169256448], [698520.2644554836, 5487324.131104536], [698520.4122934919, 5487324.078207252], [698520.554234779, 5487324.011074022], [698520.6889123729, 5487323.930351379], [698520.8150292548, 5487323.836816725], [698520.93137085, 5487323.73137085], [698521.0368167254, 5487323.615029254], [698521.1303513797, 5487323.488912373], [698521.211074023, 5487323.354234778], [698521.278207252, 5487323.212293492], [698521.3311045372, 5487323.064455483], [698521.3692564487, 5487322.912144515], [698521.3922955628, 5487322.756827424], [698521.4, 5487322.6]]]}, "properties": {"id": "B114_01", "block": "B114", "kachel": "698_5487", "klasse": "trampolin", "sicher": false, "notiz": "dunkler Ring im Hof: Trampolin oder Pool", "flaeche": 8.0}}, {"type": "Feature", "geometry": {"type": "Polygon", "coordinates": [[[698431.0442756333, 5486431.438429767], [698431.7172051505, 5486433.949836915], [698424.9557243665, 5486435.761570231], [698424.2827948492, 5486433.250163083], [698431.0442756333, 5486431.438429767]]]}, "properties": {"id": "B115_00", "block": "B115", "kachel": "698_5486", "klasse": "gartenhaus", "sicher": false, "notiz": "langer heller Unterstand/Carport am Hang", "flaeche": 18.2}}, {"type": "Feature", "geometry": {"type": "Polygon", "coordinates": [[[699353.4, 5486831.0], [699353.391332508, 5486830.823569148], [699353.3654135047, 5486830.64883742], [699353.3224926043, 5486830.477487581], [699353.2629831585, 5486830.311169822], [699353.1874582758, 5486830.151485873], [699353.0966453021, 5486829.99997358], [699352.991418816, 5486829.858092088], [699352.8727922061, 5486829.727207794], [699352.7419079115, 5486829.608581184], [699352.6000264194, 5486829.5033546975], [699352.4485141262, 5486829.412541724], [699352.2888301782, 5486829.337016841], [699352.122512419, 5486829.2775073955], [699351.9511625796, 5486829.234586495], [699351.7764308526, 5486829.208667492], [699351.6, 5486829.2], [699351.4235691474, 5486829.208667492], [699351.2488374204, 5486829.234586495], [699351.077487581, 5486829.2775073955], [699350.9111698217, 5486829.337016841], [699350.7514858737, 5486829.412541724], [699350.5999735806, 5486829.5033546975], [699350.4580920885, 5486829.608581184], [699350.3272077938, 5486829.727207794], [699350.2085811839, 5486829.858092088], [699350.1033546978, 5486829.99997358], [699350.0125417241, 5486830.151485873], [699349.9370168415, 5486830.311169822], [699349.8775073957, 5486830.477487581], [699349.8345864953, 5486830.64883742], [699349.808667492, 5486830.823569148], [699349.7999999999, 5486831.0], [699349.808667492, 5486831.176430852], [699349.8345864953, 5486831.35116258], [699349.8775073957, 5486831.522512419], [699349.9370168415, 5486831.688830178], [699350.0125417241, 5486831.848514127], [699350.1033546978, 5486832.00002642], [699350.2085811839, 5486832.141907912], [699350.3272077938, 5486832.272792206], [699350.4580920885, 5486832.391418816], [699350.5999735806, 5486832.4966453025], [699350.7514858737, 5486832.587458276], [699350.9111698217, 5486832.662983159], [699351.077487581, 5486832.7224926045], [699351.2488374204, 5486832.765413505], [699351.4235691474, 5486832.791332508], [699351.6, 5486832.8], [699351.7764308526, 5486832.791332508], [699351.9511625796, 5486832.765413505], [699352.122512419, 5486832.7224926045], [699352.2888301782, 5486832.662983159], [699352.4485141262, 5486832.587458276], [699352.6000264194, 5486832.4966453025], [699352.7419079115, 5486832.391418816], [699352.8727922061, 5486832.272792206], [699352.991418816, 5486832.141907912], [699353.0966453021, 5486832.00002642], [699353.1874582758, 5486831.848514127], [699353.2629831585, 5486831.688830178], [699353.3224926043, 5486831.522512419], [699353.3654135047, 5486831.35116258], [699353.391332508, 5486831.176430852], [699353.4, 5486831.0]]]}, "properties": {"id": "B116_00", "block": "B116", "kachel": "699_5486", "klasse": "pool", "sicher": true, "notiz": "runder Pool, Laser ohne Echo", "flaeche": 10.2}}, {"type": "Feature", "geometry": {"type": "Polygon", "coordinates": [[[699313.2, 5486876.0], [699313.1922955627, 5486875.843172575], [699313.1692564486, 5486875.687855485], [699313.1311045372, 5486875.5355445165], [699313.078207252, 5486875.387706508], [699313.011074023, 5486875.245765221], [699312.9303513797, 5486875.111087627], [699312.8368167253, 5486874.984970746], [699312.7313708499, 5486874.86862915], [699312.6150292547, 5486874.763183274], [699312.4889123728, 5486874.66964862], [699312.3542347789, 5486874.588925977], [699312.2122934918, 5486874.521792748], [699312.0644554836, 5486874.468895463], [699311.9121445152, 5486874.430743552], [699311.7568274245, 5486874.407704437], [699311.6, 5486874.4], [699311.4431725754, 5486874.407704437], [699311.2878554848, 5486874.430743552], [699311.1355445164, 5486874.468895463], [699310.9877065081, 5486874.521792748], [699310.845765221, 5486874.588925977], [699310.7110876271, 5486874.66964862], [699310.5849707453, 5486874.763183274], [699310.4686291501, 5486874.86862915], [699310.3631832746, 5486874.984970746], [699310.2696486203, 5486875.111087627], [699310.188925977, 5486875.245765221], [699310.121792748, 5486875.387706508], [699310.0688954628, 5486875.5355445165], [699310.0307435513, 5486875.687855485], [699310.0077044372, 5486875.843172575], [699310.0, 5486876.0], [699310.0077044372, 5486876.156827425], [699310.0307435513, 5486876.312144515], [699310.0688954628, 5486876.4644554835], [699310.121792748, 5486876.612293492], [699310.188925977, 5486876.754234779], [699310.2696486203, 5486876.888912373], [699310.3631832746, 5486877.015029254], [699310.4686291501, 5486877.13137085], [699310.5849707453, 5486877.236816726], [699310.7110876271, 5486877.33035138], [699310.845765221, 5486877.411074023], [699310.9877065081, 5486877.478207252], [699311.1355445164, 5486877.531104537], [699311.2878554848, 5486877.569256448], [699311.4431725754, 5486877.592295563], [699311.6, 5486877.6], [699311.7568274245, 5486877.592295563], [699311.9121445152, 5486877.569256448], [699312.0644554836, 5486877.531104537], [699312.2122934918, 5486877.478207252], [699312.3542347789, 5486877.411074023], [699312.4889123728, 5486877.33035138], [699312.6150292547, 5486877.236816726], [699312.7313708499, 5486877.13137085], [699312.8368167253, 5486877.015029254], [699312.9303513797, 5486876.888912373], [699313.011074023, 5486876.754234779], [699313.078207252, 5486876.612293492], [699313.1311045372, 5486876.4644554835], [699313.1692564486, 5486876.312144515], [699313.1922955627, 5486876.156827425], [699313.2, 5486876.0]]]}, "properties": {"id": "B116_01", "block": "B116", "kachel": "699_5486", "klasse": "pool", "sicher": true, "notiz": "runder Pool, Laser ohne Echo", "flaeche": 8.0}}, {"type": "Feature", "geometry": {"type": "Polygon", "coordinates": [[[698045.2887609155, 5487846.706643089], [698044.6158313983, 5487849.218050237], [698041.9112390847, 5487848.4933569105], [698042.5841686019, 5487845.981949762], [698045.2887609155, 5487846.706643089]]]}, "properties": {"id": "B117_00", "block": "B117", "kachel": "698_5487", "klasse": "gartenhaus", "sicher": false, "notiz": "kleines Dach am Gartenrand, im DOP sichtbar, Laser schwach", "flaeche": 7.3}}, {"type": "Feature", "geometry": {"type": "Polygon", "coordinates": [[[698068.7000000001, 5487843.5], [698068.7000000001, 5487846.5], [698066.1, 5487846.5], [698066.1, 5487843.5], [698068.7000000001, 5487843.5]]]}, "properties": {"id": "B117_01", "block": "B117", "kachel": "698_5487", "klasse": "gartenhaus", "sicher": false, "notiz": "kleines graues Dach, Laser ~2 m (Mischecho)", "flaeche": 7.8}}, {"type": "Feature", "geometry": {"type": "Polygon", "coordinates": [[[698228.0199631033, 5486848.985399069], [698227.1991147595, 5486851.240661359], [698224.380036897, 5486850.21460093], [698225.2008852409, 5486847.95933864], [698228.0199631033, 5486848.985399069]]]}, "properties": {"id": "B118_00", "block": "B118", "kachel": "698_5486", "klasse": "gartenhaus", "sicher": false, "notiz": "weiße Objekte im Garten, Laser nicht erhöht: Möbel/Pavillon", "flaeche": 7.2}}]}