{"type": "FeatureCollection", "crs": {"type": "name", "properties": {"name": "EPSG:25832"}}, "features": [{"type": "Feature", "geometry": {"type": "Polygon", "coordinates": [[[699425.1000000001, 5486451.0], [699426.8, 5486453.5], [699429.6000000001, 5486451.5], [699427.8, 5486449.0], [699425.1000000001, 5486451.0]]]}, "properties": {"id": "B000_00", "block": "B000", "kachel": "699_5486", "klasse": "gartenhaus", "sicher": false, "notiz": "kleiner Bau mit grünem Dach an Mehrfamilienhaus, evtl. Müll-/Radhaus", "flaeche": 10.4}}, {"type": "Feature", "geometry": {"type": "Polygon", "coordinates": [[[698958.4, 5486086.2], [698958.3918140354, 5486086.033370862], [698958.3673349768, 5486085.868346453], [698958.3267985708, 5486085.706516049], [698958.2705952054, 5486085.5494381655], [698958.1992661494, 5486085.398625548], [698958.113498341, 5486085.255530604], [698958.0141177708, 5486085.121531417], [698957.9020815281, 5486084.997918473], [698957.7784685831, 5486084.88588223], [698957.6444693962, 5486084.786501659], [698957.5013744527, 5486084.700733851], [698957.3505618351, 5486084.629404795], [698957.1934839514, 5486084.573201429], [698957.0316535475, 5486084.532665024], [698956.8666291386, 5486084.508185965], [698956.7000000001, 5486084.5], [698956.5333708616, 5486084.508185965], [698956.3683464526, 5486084.532665024], [698956.2065160488, 5486084.573201429], [698956.049438165, 5486084.629404795], [698955.8986255474, 5486084.700733851], [698955.7555306039, 5486084.786501659], [698955.621531417, 5486084.88588223], [698955.497918472, 5486084.997918473], [698955.3858822293, 5486085.121531417], [698955.2865016592, 5486085.255530604], [698955.2007338507, 5486085.398625548], [698955.1294047948, 5486085.5494381655], [698955.0732014293, 5486085.706516049], [698955.0326650233, 5486085.868346453], [698955.0081859648, 5486086.033370862], [698955.0000000001, 5486086.2], [698955.0081859648, 5486086.366629139], [698955.0326650233, 5486086.531653548], [698955.0732014293, 5486086.6934839515], [698955.1294047948, 5486086.850561835], [698955.2007338507, 5486087.001374452], [698955.2865016592, 5486087.144469396], [698955.3858822293, 5486087.278468584], [698955.497918472, 5486087.402081528], [698955.621531417, 5486087.514117771], [698955.7555306039, 5486087.613498341], [698955.8986255474, 5486087.69926615], [698956.049438165, 5486087.770595205], [698956.2065160488, 5486087.826798571], [698956.3683464526, 5486087.867334977], [698956.5333708616, 5486087.891814035], [698956.7000000001, 5486087.9], [698956.8666291386, 5486087.891814035], [698957.0316535475, 5486087.867334977], [698957.1934839514, 5486087.826798571], [698957.3505618351, 5486087.770595205], [698957.5013744527, 5486087.69926615], [698957.6444693962, 5486087.613498341], [698957.7784685831, 5486087.514117771], [698957.9020815281, 5486087.402081528], [698958.0141177708, 5486087.278468584], [698958.113498341, 5486087.144469396], [698958.1992661494, 5486087.001374452], [698958.2705952054, 5486086.850561835], [698958.3267985708, 5486086.6934839515], [698958.3673349768, 5486086.531653548], [698958.3918140354, 5486086.366629139], [698958.4, 5486086.2]]]}, "properties": {"id": "B001_00", "block": "B001", "kachel": "698_5486", "klasse": "trampolin", "sicher": true, "notiz": "dunkle Sprungmatte, im Laser 2025 nicht vorhanden", "flaeche": 9.1}}, {"type": "Feature", "geometry": {"type": "Polygon", "coordinates": [[[698837.2000000001, 5487260.0], [698837.1922955628, 5487259.843172575], [698837.1692564487, 5487259.687855485], [698837.1311045373, 5487259.5355445165], [698837.0782072521, 5487259.387706508], [698837.0110740231, 5487259.245765221], [698836.9303513798, 5487259.111087627], [698836.8368167254, 5487258.984970746], [698836.73137085, 5487258.86862915], [698836.6150292548, 5487258.763183274], [698836.488912373, 5487258.66964862], [698836.354234779, 5487258.588925977], [698836.2122934919, 5487258.521792748], [698836.0644554837, 5487258.468895463], [698835.9121445153, 5487258.430743552], [698835.7568274246, 5487258.407704437], [698835.6000000001, 5487258.4], [698835.4431725756, 5487258.407704437], [698835.2878554849, 5487258.430743552], [698835.1355445165, 5487258.468895463], [698834.9877065083, 5487258.521792748], [698834.8457652212, 5487258.588925977], [698834.7110876272, 5487258.66964862], [698834.5849707454, 5487258.763183274], [698834.4686291502, 5487258.86862915], [698834.3631832747, 5487258.984970746], [698834.2696486204, 5487259.111087627], [698834.1889259771, 5487259.245765221], [698834.1217927481, 5487259.387706508], [698834.0688954629, 5487259.5355445165], [698834.0307435514, 5487259.687855485], [698834.0077044374, 5487259.843172575], [698834.0000000001, 5487260.0], [698834.0077044374, 5487260.156827425], [698834.0307435514, 5487260.312144515], [698834.0688954629, 5487260.4644554835], [698834.1217927481, 5487260.612293492], [698834.1889259771, 5487260.754234779], [698834.2696486204, 5487260.888912373], [698834.3631832747, 5487261.015029254], [698834.4686291502, 5487261.13137085], [698834.5849707454, 5487261.236816726], [698834.7110876272, 5487261.33035138], [698834.8457652212, 5487261.411074023], [698834.9877065083, 5487261.478207252], [698835.1355445165, 5487261.531104537], [698835.2878554849, 5487261.569256448], [698835.4431725756, 5487261.592295563], [698835.6000000001, 5487261.6], [698835.7568274246, 5487261.592295563], [698835.9121445153, 5487261.569256448], [698836.0644554837, 5487261.531104537], [698836.2122934919, 5487261.478207252], [698836.354234779, 5487261.411074023], [698836.488912373, 5487261.33035138], [698836.6150292548, 5487261.236816726], [698836.73137085, 5487261.13137085], [698836.8368167254, 5487261.015029254], [698836.9303513798, 5487260.888912373], [698837.0110740231, 5487260.754234779], [698837.0782072521, 5487260.612293492], [698837.1311045373, 5487260.4644554835], [698837.1692564487, 5487260.312144515], [698837.1922955628, 5487260.156827425], [698837.2000000001, 5487260.0]]]}, "properties": {"id": "B003_00", "block": "B003", "kachel": "698_5487", "klasse": "trampolin", "sicher": true, "notiz": "Ring auch im Laser 2025", "flaeche": 8.0}}, {"type": "Feature", "geometry": {"type": "Polygon", "coordinates": [[[699783.3, 5486030.2], [699786.3, 5486030.7], [699786.3, 5486033.2], [699783.8, 5486033.7], [699783.3, 5486030.2]]]}, "properties": {"id": "B004_00", "block": "B004", "kachel": "699_5486", "klasse": "pool", "sicher": false, "notiz": "blaue Fläche, evtl. Plane oder Planschbecken", "flaeche": 8.2}}, {"type": "Feature", "geometry": {"type": "Polygon", "coordinates": [[[698906.6000000001, 5486932.8], [698906.5889248714, 5486932.574560577], [698906.555806145, 5486932.351292259], [698906.5009627722, 5486932.132345242], [698906.4249229248, 5486931.919828106], [698906.3284189081, 5486931.715787505], [698906.2123801083, 5486931.522188464], [698906.0779240428, 5486931.340895446], [698905.9263455968, 5486931.173654404], [698905.7591045536, 5486931.022075957], [698905.577811536, 5486930.887619891], [698905.3842124947, 5486930.771581092], [698905.1801718945, 5486930.675077075], [698904.9676547578, 5486930.599037227], [698904.7487077407, 5486930.544193855], [698904.5254394228, 5486930.511075129], [698904.3, 5486930.5], [698904.0745605773, 5486930.511075129], [698903.8512922594, 5486930.544193855], [698903.6323452423, 5486930.599037227], [698903.4198281056, 5486930.675077075], [698903.2157875054, 5486930.771581092], [698903.0221884641, 5486930.887619891], [698902.8408954465, 5486931.022075957], [698902.6736544033, 5486931.173654404], [698902.5220759573, 5486931.340895446], [698902.3876198918, 5486931.522188464], [698902.271581092, 5486931.715787505], [698902.1750770753, 5486931.919828106], [698902.0990372279, 5486932.132345242], [698902.0441938551, 5486932.351292259], [698902.0110751287, 5486932.574560577], [698902.0, 5486932.8], [698902.0110751287, 5486933.025439423], [698902.0441938551, 5486933.248707741], [698902.0990372279, 5486933.467654757], [698902.1750770753, 5486933.680171894], [698902.271581092, 5486933.884212495], [698902.3876198918, 5486934.077811535], [698902.5220759573, 5486934.259104554], [698902.6736544033, 5486934.426345596], [698902.8408954465, 5486934.577924043], [698903.0221884641, 5486934.712380108], [698903.2157875054, 5486934.828418908], [698903.4198281056, 5486934.9249229245], [698903.6323452423, 5486935.000962772], [698903.8512922594, 5486935.055806145], [698904.0745605773, 5486935.088924871], [698904.3, 5486935.1], [698904.5254394228, 5486935.088924871], [698904.7487077407, 5486935.055806145], [698904.9676547578, 5486935.000962772], [698905.1801718945, 5486934.9249229245], [698905.3842124947, 5486934.828418908], [698905.577811536, 5486934.712380108], [698905.7591045536, 5486934.577924043], [698905.9263455968, 5486934.426345596], [698906.0779240428, 5486934.259104554], [698906.2123801083, 5486934.077811535], [698906.3284189081, 5486933.884212495], [698906.4249229248, 5486933.680171894], [698906.5009627722, 5486933.467654757], [698906.555806145, 5486933.248707741], [698906.5889248714, 5486933.025439423], [698906.6000000001, 5486932.8]]]}, "properties": {"id": "B005_00", "block": "B005", "kachel": "698_5486", "klasse": "trampolin", "sicher": true, "notiz": "", "flaeche": 16.6}}, {"type": "Feature", "geometry": {"type": "Polygon", "coordinates": [[[698921.8, 5486943.0], [698927.8, 5486943.0], [698927.8, 5486949.2], [698921.8, 5486949.2], [698921.8, 5486943.0]]]}, "properties": {"id": "B005_01", "block": "B005", "kachel": "698_5486", "klasse": "carport_garage", "sicher": true, "notiz": "Garage an der Zufahrt, nicht im Hausumring (keine Zielklasse)", "flaeche": 37.2}}, {"type": "Feature", "geometry": {"type": "Polygon", "coordinates": [[[698188.052536558, 5486783.441369812], [698187.638426086, 5486784.986851133], [698184.5474634421, 5486784.1586301895], [698184.961573914, 5486782.613148868], [698188.052536558, 5486783.441369812]]]}, "properties": {"id": "B007_00", "block": "B007", "kachel": "698_5486", "klasse": "gewaechshaus", "sicher": false, "notiz": "helles längliches Objekt im Garten, evtl. Frühbeet/Folientunnel", "flaeche": 5.1}}, {"type": "Feature", "geometry": {"type": "Polygon", "coordinates": [[[698114.5438441033, 5487018.523441954], [698114.8401736286, 5487021.910503927], [698110.6561558968, 5487022.276558046], [698110.3598263713, 5487018.889496073], [698114.5438441033, 5487018.523441954]]]}, "properties": {"id": "B010_00", "block": "B010", "kachel": "698_5487", "klasse": "gartenhaus", "sicher": true, "notiz": "Schuppen im Garten, Laser 2–2,5 m", "flaeche": 14.3}}, {"type": "Feature", "geometry": {"type": "Polygon", "coordinates": [[[698125.5312506494, 5487028.67991978], [698126.5665268297, 5487032.543623086], [698123.6687493508, 5487033.320080221], [698122.6334731705, 5487029.456376915], [698125.5312506494, 5487028.67991978]]]}, "properties": {"id": "B010_01", "block": "B010", "kachel": "698_5487", "klasse": "gartenhaus", "sicher": false, "notiz": "weißer Pavillon/Zelt, im Laser 2025 nicht vorhanden", "flaeche": 12.0}}, {"type": "Feature", "geometry": {"type": "Polygon", "coordinates": [[[698141.7900748135, 5487027.029041521], [698142.2415600753, 5487029.589541678], [698137.8099251866, 5487030.370958478], [698137.3584399248, 5487027.810458321], [698141.7900748135, 5487027.029041521]]]}, "properties": {"id": "B010_02", "block": "B010", "kachel": "698_5487", "klasse": "gartenhaus", "sicher": false, "notiz": "graues Dach unter Bewuchs", "flaeche": 11.7}}, {"type": "Feature", "geometry": {"type": "Polygon", "coordinates": [[[699209.4500000001, 5486784.4], [699209.4410917445, 5486784.21866829], [699209.4144527689, 5486784.039082904], [699209.3703396212, 5486783.862973347], [699209.3091771352, 5486783.692035651], [699209.2315543392, 5486783.5279160375], [699209.1382187828, 5486783.37219507], [699209.0300693389, 5486783.2263724245], [699208.9081475453, 5486783.091852455], [699208.7736275758, 5486782.969930662], [699208.6278049311, 5486782.861781217], [699208.4720839632, 5486782.768445661], [699208.30796435, 5486782.690822865], [699208.137026653, 5486782.629660379], [699207.9609170958, 5486782.585547232], [699207.7813317097, 5486782.558908256], [699207.6000000001, 5486782.550000001], [699207.4186682905, 5486782.558908256], [699207.2390829044, 5486782.585547232], [699207.0629733471, 5486782.629660379], [699206.8920356502, 5486782.690822865], [699206.727916037, 5486782.768445661], [699206.572195069, 5486782.861781217], [699206.4263724244, 5486782.969930662], [699206.2918524549, 5486783.091852455], [699206.1699306613, 5486783.2263724245], [699206.0617812173, 5486783.37219507], [699205.968445661, 5486783.5279160375], [699205.890822865, 5486783.692035651], [699205.829660379, 5486783.862973347], [699205.7855472313, 5486784.039082904], [699205.7589082557, 5486784.21866829], [699205.7500000001, 5486784.4], [699205.7589082557, 5486784.58133171], [699205.7855472313, 5486784.760917096], [699205.829660379, 5486784.937026653], [699205.890822865, 5486785.10796435], [699205.968445661, 5486785.272083963], [699206.0617812173, 5486785.427804931], [699206.1699306613, 5486785.573627576], [699206.2918524549, 5486785.708147545], [699206.4263724244, 5486785.830069339], [699206.572195069, 5486785.938218784], [699206.727916037, 5486786.031554339], [699206.8920356502, 5486786.109177136], [699207.0629733471, 5486786.170339622], [699207.2390829044, 5486786.214452769], [699207.4186682905, 5486786.241091745], [699207.6000000001, 5486786.25], [699207.7813317097, 5486786.241091745], [699207.9609170958, 5486786.214452769], [699208.137026653, 5486786.170339622], [699208.30796435, 5486786.109177136], [699208.4720839632, 5486786.031554339], [699208.6278049311, 5486785.938218784], [699208.7736275758, 5486785.830069339], [699208.9081475453, 5486785.708147545], [699209.0300693389, 5486785.573627576], [699209.1382187828, 5486785.427804931], [699209.2315543392, 5486785.272083963], [699209.3091771352, 5486785.10796435], [699209.3703396212, 5486784.937026653], [699209.4144527689, 5486784.760917096], [699209.4410917445, 5486784.58133171], [699209.4500000001, 5486784.4]]]}, "properties": {"id": "B011_00", "block": "B011", "kachel": "699_5486", "klasse": "pool", "sicher": true, "notiz": "Aufstellpool, im Laser 2025 nicht vorhanden", "flaeche": 10.7}}, {"type": "Feature", "geometry": {"type": "Polygon", "coordinates": [[[699290.833595294, 5486744.153502924], [699292.0648678099, 5486747.536396359], [699287.3664047061, 5486749.246497076], [699286.1351321903, 5486745.863603641], [699290.833595294, 5486744.153502924]]]}, "properties": {"id": "B011_01", "block": "B011", "kachel": "699_5486", "klasse": "carport_garage", "sicher": false, "notiz": "Anbau/Garage am Haus, nicht im Hausumring", "flaeche": 18.0}}, {"type": "Feature", "geometry": {"type": "Polygon", "coordinates": [[[699263.8, 5486715.2], [699268.8, 5486714.7], [699269.3, 5486720.2], [699264.3, 5486721.2], [699263.8, 5486715.2]]]}, "properties": {"id": "B011_02", "block": "B011", "kachel": "699_5486", "klasse": "gartenhaus", "sicher": false, "notiz": "nur im Laser 2025 (2–3 m), im DOP 2023 nicht vorhanden", "flaeche": 29.1}}, {"type": "Feature", "geometry": {"type": "Polygon", "coordinates": [[[699924.9140607987, 5486290.709845477], [699926.0085252572, 5486293.716861863], [699921.6859392014, 5486295.290154522], [699920.5914747429, 5486292.283138136], [699924.9140607987, 5486290.709845477]]]}, "properties": {"id": "B012_00", "block": "B012", "kachel": "699_5486", "klasse": "gartenhaus", "sicher": true, "notiz": "weißes Dach, Laser ~1,7 m", "flaeche": 14.7}}, {"type": "Feature", "geometry": {"type": "Polygon", "coordinates": [[[699921.7802276791, 5486283.333612394], [699923.3123165651, 5486284.619187613], [699920.4197723216, 5486288.066387608], [699918.8876834356, 5486286.780812387], [699921.7802276791, 5486283.333612394]]]}, "properties": {"id": "B012_01", "block": "B012", "kachel": "699_5486", "klasse": "gewaechshaus", "sicher": false, "notiz": "weißes längliches Objekt, evtl. Gewächshaus oder Anhänger", "flaeche": 9.0}}, {"type": "Feature", "geometry": {"type": "Polygon", "coordinates": [[[699237.9, 5486246.8], [699237.889887926, 5486246.5941640055], [699237.8596490889, 5486246.390310324], [699237.8095747051, 5486246.190402177], [699237.7401470183, 5486245.996364792], [699237.6520346552, 5486245.810066853], [699237.5460861858, 5486245.633302511], [699237.4233219521, 5486245.467774103], [699237.2849242406, 5486245.31507576], [699237.1322258968, 5486245.1766780475], [699236.9666974894, 5486245.053913814], [699236.7899331474, 5486244.947965344], [699236.603635208, 5486244.859852982], [699236.4095978222, 5486244.790425295], [699236.2096896763, 5486244.740350911], [699236.0058359947, 5486244.710112073], [699235.8, 5486244.7], [699235.5941640054, 5486244.710112073], [699235.3903103238, 5486244.740350911], [699235.1904021779, 5486244.790425295], [699234.9963647921, 5486244.859852982], [699234.8100668527, 5486244.947965344], [699234.6333025107, 5486245.053913814], [699234.4677741033, 5486245.1766780475], [699234.3150757595, 5486245.31507576], [699234.176678048, 5486245.467774103], [699234.0539138142, 5486245.633302511], [699233.9479653449, 5486245.810066853], [699233.8598529818, 5486245.996364792], [699233.790425295, 5486246.190402177], [699233.7403509112, 5486246.390310324], [699233.710112074, 5486246.5941640055], [699233.7000000001, 5486246.8], [699233.710112074, 5486247.005835994], [699233.7403509112, 5486247.209689676], [699233.790425295, 5486247.409597822], [699233.8598529818, 5486247.603635208], [699233.9479653449, 5486247.789933147], [699234.0539138142, 5486247.966697489], [699234.176678048, 5486248.132225896], [699234.3150757595, 5486248.28492424], [699234.4677741033, 5486248.423321952], [699234.6333025107, 5486248.546086186], [699234.8100668527, 5486248.652034655], [699234.9963647921, 5486248.740147018], [699235.1904021779, 5486248.809574705], [699235.3903103238, 5486248.859649088], [699235.5941640054, 5486248.889887926], [699235.8, 5486248.899999999], [699236.0058359947, 5486248.889887926], [699236.2096896763, 5486248.859649088], [699236.4095978222, 5486248.809574705], [699236.603635208, 5486248.740147018], [699236.7899331474, 5486248.652034655], [699236.9666974894, 5486248.546086186], [699237.1322258968, 5486248.423321952], [699237.2849242406, 5486248.28492424], [699237.4233219521, 5486248.132225896], [699237.5460861858, 5486247.966697489], [699237.6520346552, 5486247.789933147], [699237.7401470183, 5486247.603635208], [699237.8095747051, 5486247.409597822], [699237.8596490889, 5486247.209689676], [699237.889887926, 5486247.005835994], [699237.9, 5486246.8]]]}, "properties": {"id": "B015_00", "block": "B015", "kachel": "699_5486", "klasse": "pool", "sicher": true, "notiz": "runder Aufstellpool, Laser ohne Echo (Wasser)", "flaeche": 13.8}}, {"type": "Feature", "geometry": {"type": "Polygon", "coordinates": [[[698119.05, 5486980.2], [698119.05, 5486982.8], [698116.1500000001, 5486982.8], [698116.1500000001, 5486980.2], [698119.05, 5486980.2]]]}, "properties": {"id": "B016_00", "block": "B016", "kachel": "698_5486", "klasse": "gartenhaus", "sicher": true, "notiz": "kleiner Schuppen, Laser ~2 m", "flaeche": 7.5}}, {"type": "Feature", "geometry": {"type": "Polygon", "coordinates": [[[698151.0687696445, 5486973.564019713], [698151.6765382665, 5486977.010846849], [698148.1312303557, 5486977.6359802885], [698147.5234617337, 5486974.1891531525], [698151.0687696445, 5486973.564019713]]]}, "properties": {"id": "B016_01", "block": "B016", "kachel": "698_5486", "klasse": "gartenhaus", "sicher": true, "notiz": "rotes Dach, Laser ~2 m", "flaeche": 12.6}}, {"type": "Feature", "geometry": {"type": "Polygon", "coordinates": [[[698164.6154346277, 5486911.450209756], [698165.7801203306, 5486915.796875975], [698159.9845653728, 5486917.349790245], [698158.8198796699, 5486913.003124027], [698164.6154346277, 5486911.450209756]]]}, "properties": {"id": "B016_02", "block": "B016", "kachel": "698_5486", "klasse": "gartenhaus", "sicher": false, "notiz": "blaues Dach neben Gärtnerei-Gewächshäusern", "flaeche": 27.0}}, {"type": "Feature", "geometry": {"type": "Polygon", "coordinates": [[[698171.1735571583, 5486910.576442842], [698168.9235571583, 5486914.473557159], [698165.0264428414, 5486912.223557159], [698167.2764428414, 5486908.326442842], [698171.1735571583, 5486910.576442842]]]}, "properties": {"id": "B016_03", "block": "B016", "kachel": "698_5486", "klasse": "gewaechshaus", "sicher": false, "notiz": "weißes Dach an der Gärtnerei, Gewächshaus oder Schuppen", "flaeche": 20.2}}, {"type": "Feature", "geometry": {"type": "Polygon", "coordinates": [[[698057.3150635089, 5487320.631346652], [698055.2150635093, 5487324.268653347], [698050.8849364908, 5487321.768653347], [698052.9849364904, 5487318.131346652], [698057.3150635089, 5487320.631346652]]]}, "properties": {"id": "B017_00", "block": "B017", "kachel": "698_5487", "klasse": "gartenhaus", "sicher": true, "notiz": "helles Dach, Laser ~2,5 m", "flaeche": 21.0}}, {"type": "Feature", "geometry": {"type": "Polygon", "coordinates": [[[698046.3978225645, 5487353.210964303], [698045.6453782495, 5487355.278288068], [698043.2021774354, 5487354.389035696], [698043.9546217502, 5487352.321711931], [698046.3978225645, 5487353.210964303]]]}, "properties": {"id": "B017_01", "block": "B017", "kachel": "698_5487", "klasse": "gartenhaus", "sicher": false, "notiz": "kleines braunes Dach, im Laser 2025 nicht vorhanden", "flaeche": 5.7}}, {"type": "Feature", "geometry": {"type": "Polygon", "coordinates": [[[698035.0, 5487583.5], [698034.9918140353, 5487583.333370862], [698034.9673349768, 5487583.1683464525], [698034.9267985708, 5487583.006516049], [698034.8705952053, 5487582.849438165], [698034.7992661494, 5487582.698625548], [698034.7134983409, 5487582.555530604], [698034.6141177708, 5487582.4215314165], [698034.5020815281, 5487582.297918472], [698034.3784685831, 5487582.185882229], [698034.2444693962, 5487582.086501659], [698034.1013744527, 5487582.0007338505], [698033.9505618351, 5487581.929404795], [698033.7934839514, 5487581.873201429], [698033.6316535475, 5487581.832665023], [698033.4666291386, 5487581.808185965], [698033.3, 5487581.8], [698033.1333708615, 5487581.808185965], [698032.9683464526, 5487581.832665023], [698032.8065160487, 5487581.873201429], [698032.649438165, 5487581.929404795], [698032.4986255474, 5487582.0007338505], [698032.3555306039, 5487582.086501659], [698032.221531417, 5487582.185882229], [698032.097918472, 5487582.297918472], [698031.9858822293, 5487582.4215314165], [698031.8865016592, 5487582.555530604], [698031.8007338507, 5487582.698625548], [698031.7294047948, 5487582.849438165], [698031.6732014293, 5487583.006516049], [698031.6326650233, 5487583.1683464525], [698031.6081859648, 5487583.333370862], [698031.6000000001, 5487583.5], [698031.6081859648, 5487583.666629138], [698031.6326650233, 5487583.8316535475], [698031.6732014293, 5487583.993483951], [698031.7294047948, 5487584.150561835], [698031.8007338507, 5487584.301374452], [698031.8865016592, 5487584.444469396], [698031.9858822293, 5487584.5784685835], [698032.097918472, 5487584.702081528], [698032.221531417, 5487584.814117771], [698032.3555306039, 5487584.913498341], [698032.4986255474, 5487584.9992661495], [698032.649438165, 5487585.070595205], [698032.8065160487, 5487585.126798571], [698032.9683464526, 5487585.167334977], [698033.1333708615, 5487585.191814035], [698033.3, 5487585.2], [698033.4666291386, 5487585.191814035], [698033.6316535475, 5487585.167334977], [698033.7934839514, 5487585.126798571], [698033.9505618351, 5487585.070595205], [698034.1013744527, 5487584.9992661495], [698034.2444693962, 5487584.913498341], [698034.3784685831, 5487584.814117771], [698034.5020815281, 5487584.702081528], [698034.6141177708, 5487584.5784685835], [698034.7134983409, 5487584.444469396], [698034.7992661494, 5487584.301374452], [698034.8705952053, 5487584.150561835], [698034.9267985708, 5487583.993483951], [698034.9673349768, 5487583.8316535475], [698034.9918140353, 5487583.666629138], [698035.0, 5487583.5]]]}, "properties": {"id": "B018_00", "block": "B018", "kachel": "698_5487", "klasse": "trampolin", "sicher": true, "notiz": "Rahmen und dunkle Matte", "flaeche": 9.1}}, {"type": "Feature", "geometry": {"type": "Polygon", "coordinates": [[[698030.0000000001, 5487583.8], [698029.9956662541, 5487583.711784573], [698029.9827067525, 5487583.62441871], [698029.9612463022, 5487583.53874379], [698029.9314915794, 5487583.455584911], [698029.893729138, 5487583.3757429365], [698029.8483226511, 5487583.29998679], [698029.7957094081, 5487583.229046044], [698029.7363961032, 5487583.163603897], [698029.6709539559, 5487583.104290592], [698029.6000132099, 5487583.051677349], [698029.5242570633, 5487583.006270862], [698029.4444150892, 5487582.9685084205], [698029.3612562097, 5487582.938753698], [698029.2755812899, 5487582.917293248], [698029.1882154264, 5487582.904333746], [698029.1000000001, 5487582.899999999], [698029.0117845738, 5487582.904333746], [698028.9244187103, 5487582.917293248], [698028.8387437905, 5487582.938753698], [698028.755584911, 5487582.9685084205], [698028.6757429369, 5487583.006270862], [698028.5999867903, 5487583.051677349], [698028.5290460443, 5487583.104290592], [698028.463603897, 5487583.163603897], [698028.4042905921, 5487583.229046044], [698028.3516773491, 5487583.29998679], [698028.3062708622, 5487583.3757429365], [698028.2685084208, 5487583.455584911], [698028.238753698, 5487583.53874379], [698028.2172932477, 5487583.62441871], [698028.2043337461, 5487583.711784573], [698028.2000000001, 5487583.8], [698028.2043337461, 5487583.888215426], [698028.2172932477, 5487583.975581289], [698028.238753698, 5487584.061256209], [698028.2685084208, 5487584.144415089], [698028.3062708622, 5487584.224257063], [698028.3516773491, 5487584.30001321], [698028.4042905921, 5487584.370953956], [698028.463603897, 5487584.436396102], [698028.5290460443, 5487584.495709408], [698028.5999867903, 5487584.548322651], [698028.6757429369, 5487584.593729137], [698028.755584911, 5487584.631491579], [698028.8387437905, 5487584.661246302], [698028.9244187103, 5487584.682706752], [698029.0117845738, 5487584.695666254], [698029.1000000001, 5487584.7], [698029.1882154264, 5487584.695666254], [698029.2755812899, 5487584.682706752], [698029.3612562097, 5487584.661246302], [698029.4444150892, 5487584.631491579], [698029.5242570633, 5487584.593729137], [698029.6000132099, 5487584.548322651], [698029.6709539559, 5487584.495709408], [698029.7363961032, 5487584.436396102], [698029.7957094081, 5487584.370953956], [698029.8483226511, 5487584.30001321], [698029.893729138, 5487584.224257063], [698029.9314915794, 5487584.144415089], [698029.9612463022, 5487584.061256209], [698029.9827067525, 5487583.975581289], [698029.9956662541, 5487583.888215426], [698030.0000000001, 5487583.8]]]}, "properties": {"id": "B018_01", "block": "B018", "kachel": "698_5487", "klasse": "pool", "sicher": false, "notiz": "kleiner runder Ring, Planschbecken oder Feuerschale", "flaeche": 2.5}}, {"type": "Feature", "geometry": {"type": "Polygon", "coordinates": [[[698092.8, 5487549.5], [698092.7918140354, 5487549.333370862], [698092.7673349768, 5487549.1683464525], [698092.7267985708, 5487549.006516049], [698092.6705952054, 5487548.849438165], [698092.5992661495, 5487548.698625548], [698092.513498341, 5487548.555530604], [698092.4141177709, 5487548.4215314165], [698092.3020815281, 5487548.297918472], [698092.1784685832, 5487548.185882229], [698092.0444693962, 5487548.086501659], [698091.9013744527, 5487548.0007338505], [698091.7505618351, 5487547.929404795], [698091.5934839514, 5487547.873201429], [698091.4316535476, 5487547.832665023], [698091.2666291386, 5487547.808185965], [698091.1000000001, 5487547.8], [698090.9333708616, 5487547.808185965], [698090.7683464526, 5487547.832665023], [698090.6065160488, 5487547.873201429], [698090.4494381651, 5487547.929404795], [698090.2986255474, 5487548.0007338505], [698090.155530604, 5487548.086501659], [698090.021531417, 5487548.185882229], [698089.8979184721, 5487548.297918472], [698089.7858822293, 5487548.4215314165], [698089.6865016592, 5487548.555530604], [698089.6007338507, 5487548.698625548], [698089.5294047948, 5487548.849438165], [698089.4732014294, 5487549.006516049], [698089.4326650234, 5487549.1683464525], [698089.4081859648, 5487549.333370862], [698089.4000000001, 5487549.5], [698089.4081859648, 5487549.666629138], [698089.4326650234, 5487549.8316535475], [698089.4732014294, 5487549.993483951], [698089.5294047948, 5487550.150561835], [698089.6007338507, 5487550.301374452], [698089.6865016592, 5487550.444469396], [698089.7858822293, 5487550.5784685835], [698089.8979184721, 5487550.702081528], [698090.021531417, 5487550.814117771], [698090.155530604, 5487550.913498341], [698090.2986255474, 5487550.9992661495], [698090.4494381651, 5487551.070595205], [698090.6065160488, 5487551.126798571], [698090.7683464526, 5487551.167334977], [698090.9333708616, 5487551.191814035], [698091.1000000001, 5487551.2], [698091.2666291386, 5487551.191814035], [698091.4316535476, 5487551.167334977], [698091.5934839514, 5487551.126798571], [698091.7505618351, 5487551.070595205], [698091.9013744527, 5487550.9992661495], [698092.0444693962, 5487550.913498341], [698092.1784685832, 5487550.814117771], [698092.3020815281, 5487550.702081528], [698092.4141177709, 5487550.5784685835], [698092.513498341, 5487550.444469396], [698092.5992661495, 5487550.301374452], [698092.6705952054, 5487550.150561835], [698092.7267985708, 5487549.993483951], [698092.7673349768, 5487549.8316535475], [698092.7918140354, 5487549.666629138], [698092.8, 5487549.5]]]}, "properties": {"id": "B018_02", "block": "B018", "kachel": "698_5487", "klasse": "pool", "sicher": false, "notiz": "weißes rundes Objekt: abgedeckter Pool oder Schirm", "flaeche": 9.1}}, {"type": "Feature", "geometry": {"type": "Polygon", "coordinates": [[[698027.1580098297, 5487565.499886077], [698028.8484828768, 5487569.125117225], [698025.0419901714, 5487570.9001139235], [698023.3515171243, 5487567.274882776], [698027.1580098297, 5487565.499886077]]]}, "properties": {"id": "B018_03", "block": "B018", "kachel": "698_5487", "klasse": "gartenhaus", "sicher": true, "notiz": "türkises Dach, Laser ~2 m", "flaeche": 16.8}}, {"type": "Feature", "geometry": {"type": "Polygon", "coordinates": [[[698019.3655444568, 5487562.452756813], [698021.065544457, 5487565.397243187], [698018.0344555436, 5487567.147243187], [698016.3344555434, 5487564.202756813], [698019.3655444568, 5487562.452756813]]]}, "properties": {"id": "B018_04", "block": "B018", "kachel": "698_5487", "klasse": "gartenhaus", "sicher": true, "notiz": "weißes Dach, Laser ~2 m", "flaeche": 11.9}}, {"type": "Feature", "geometry": {"type": "Polygon", "coordinates": [[[698058.1, 5487561.4], [698058.0894063987, 5487561.184362291], [698058.0577276169, 5487560.970801292], [698058.0052687386, 5487560.761373711], [698057.9325349715, 5487560.558096449], [698057.8402267816, 5487560.36292718], [698057.7292331471, 5487560.177745488], [698057.6006229974, 5487560.004334775], [698057.4556349186, 5487559.844365082], [698057.2956652251, 5487559.699377003], [698057.1222545126, 5487559.570766853], [698056.9370728211, 5487559.459773219], [698056.7419035513, 5487559.367465029], [698056.5386262899, 5487559.294731262], [698056.3291987084, 5487559.2422723835], [698056.1156377088, 5487559.210593602], [698055.9, 5487559.2], [698055.6843622912, 5487559.210593602], [698055.4708012916, 5487559.2422723835], [698055.2613737101, 5487559.294731262], [698055.0580964488, 5487559.367465029], [698054.862927179, 5487559.459773219], [698054.6777454874, 5487559.570766853], [698054.5043347749, 5487559.699377003], [698054.3443650814, 5487559.844365082], [698054.1993770027, 5487560.004334775], [698054.0707668529, 5487560.177745488], [698053.9597732185, 5487560.36292718], [698053.8674650285, 5487560.558096449], [698053.7947312614, 5487560.761373711], [698053.7422723832, 5487560.970801292], [698053.7105936013, 5487561.184362291], [698053.7000000001, 5487561.4], [698053.7105936013, 5487561.615637709], [698053.7422723832, 5487561.829198709], [698053.7947312614, 5487562.03862629], [698053.8674650285, 5487562.241903552], [698053.9597732185, 5487562.437072821], [698054.0707668529, 5487562.622254513], [698054.1993770027, 5487562.795665226], [698054.3443650814, 5487562.955634919], [698054.5043347749, 5487563.100622998], [698054.6777454874, 5487563.229233148], [698054.862927179, 5487563.340226782], [698055.0580964488, 5487563.432534972], [698055.2613737101, 5487563.505268739], [698055.4708012916, 5487563.557727617], [698055.6843622912, 5487563.589406399], [698055.9, 5487563.600000001], [698056.1156377088, 5487563.589406399], [698056.3291987084, 5487563.557727617], [698056.5386262899, 5487563.505268739], [698056.7419035513, 5487563.432534972], [698056.9370728211, 5487563.340226782], [698057.1222545126, 5487563.229233148], [698057.2956652251, 5487563.100622998], [698057.4556349186, 5487562.955634919], [698057.6006229974, 5487562.795665226], [698057.7292331471, 5487562.622254513], [698057.8402267816, 5487562.437072821], [698057.9325349715, 5487562.241903552], [698058.0052687386, 5487562.03862629], [698058.0577276169, 5487561.829198709], [698058.0894063987, 5487561.615637709], [698058.1, 5487561.4]]]}, "properties": {"id": "B018_05", "block": "B018", "kachel": "698_5487", "klasse": "trampolin", "sicher": false, "notiz": "dunkle runde Fläche mit Rand: Trampolin oder Pool", "flaeche": 15.2}}, {"type": "Feature", "geometry": {"type": "Polygon", "coordinates": [[[698044.8, 5486576.2], [698049.3, 5486579.5], [698052.6000000001, 5486577.7], [698051.8, 5486573.7], [698046.8, 5486573.2], [698044.8, 5486576.2]]]}, "properties": {"id": "B019_00", "block": "B019", "kachel": "698_5486", "klasse": "gartenhaus", "sicher": false, "notiz": "dunkles Dach unter Bäumen, Laser 2–2,5 m, evtl. Garage", "flaeche": 32.5}}, {"type": "Feature", "geometry": {"type": "Polygon", "coordinates": [[[698241.2000000001, 5486363.8], [698241.1903694534, 5486363.603965719], [698241.1615705609, 5486363.409819356], [698241.1138806716, 5486363.219430645], [698241.047759065, 5486363.034633135], [698240.9638425288, 5486362.857206526], [698240.8629392247, 5486362.6888595335], [698240.7460209068, 5486362.531213432], [698240.6142135625, 5486362.385786437], [698240.4687865684, 5486362.253979093], [698240.3111404661, 5486362.137060775], [698240.1427934737, 5486362.036157471], [698239.9653668648, 5486361.952240935], [698239.7805693545, 5486361.886119328], [698239.5901806441, 5486361.838429439], [698239.3960342808, 5486361.809630547], [698239.2000000001, 5486361.8], [698239.0039657194, 5486361.809630547], [698238.8098193561, 5486361.838429439], [698238.6194306456, 5486361.886119328], [698238.4346331353, 5486361.952240935], [698238.2572065265, 5486362.036157471], [698238.088859534, 5486362.137060775], [698237.9312134318, 5486362.253979093], [698237.7857864377, 5486362.385786437], [698237.6539790933, 5486362.531213432], [698237.5370607754, 5486362.6888595335], [698237.4361574714, 5486362.857206526], [698237.3522409351, 5486363.034633135], [698237.2861193286, 5486363.219430645], [698237.2384294393, 5486363.409819356], [698237.2096305467, 5486363.603965719], [698237.2000000001, 5486363.8], [698237.2096305467, 5486363.99603428], [698237.2384294393, 5486364.190180643], [698237.2861193286, 5486364.380569355], [698237.3522409351, 5486364.565366864], [698237.4361574714, 5486364.742793473], [698237.5370607754, 5486364.911140466], [698237.6539790933, 5486365.068786568], [698237.7857864377, 5486365.214213562], [698237.9312134318, 5486365.346020906], [698238.088859534, 5486365.462939224], [698238.2572065265, 5486365.5638425285], [698238.4346331353, 5486365.647759065], [698238.6194306456, 5486365.713880671], [698238.8098193561, 5486365.761570561], [698239.0039657194, 5486365.790369453], [698239.2000000001, 5486365.8], [698239.3960342808, 5486365.790369453], [698239.5901806441, 5486365.761570561], [698239.7805693545, 5486365.713880671], [698239.9653668648, 5486365.647759065], [698240.1427934737, 5486365.5638425285], [698240.3111404661, 5486365.462939224], [698240.4687865684, 5486365.346020906], [698240.6142135625, 5486365.214213562], [698240.7460209068, 5486365.068786568], [698240.8629392247, 5486364.911140466], [698240.9638425288, 5486364.742793473], [698241.047759065, 5486364.565366864], [698241.1138806716, 5486364.380569355], [698241.1615705609, 5486364.190180643], [698241.1903694534, 5486363.99603428], [698241.2000000001, 5486363.8]]]}, "properties": {"id": "B020_00", "block": "B020", "kachel": "698_5486", "klasse": "trampolin", "sicher": false, "notiz": "Ring mit hellem Zentrum, im Laser niedriger Ring: Trampolin oder rundes Beet", "flaeche": 12.5}}, {"type": "Feature", "geometry": {"type": "Polygon", "coordinates": [[[698292.5000000001, 5486331.300000001], [698292.5000000001, 5486333.9], [698287.7000000001, 5486333.9], [698287.7000000001, 5486331.300000001], [698292.5000000001, 5486331.300000001]]]}, "properties": {"id": "B020_01", "block": "B020", "kachel": "698_5486", "klasse": "gartenhaus", "sicher": false, "notiz": "weiß-rotes Objekt, Gartenhaus oder Wohnwagen", "flaeche": 12.5}}, {"type": "Feature", "geometry": {"type": "Polygon", "coordinates": [[[698179.651037557, 5487838.5881991265], [698179.9299359336, 5487841.7760221595], [698174.948962443, 5487842.211800873], [698174.6700640665, 5487839.02397784], [698179.651037557, 5487838.5881991265]]]}, "properties": {"id": "B022_00", "block": "B022", "kachel": "698_5487", "klasse": "gartenhaus", "sicher": true, "notiz": "hellblaues Dach, Laser ~2 m", "flaeche": 16.0}}, {"type": "Feature", "geometry": {"type": "Polygon", "coordinates": [[[698126.6561991711, 5487829.128624845], [698125.8921471894, 5487833.461778959], [698122.5438008291, 5487832.871375156], [698123.3078528108, 5487828.538221042], [698126.6561991711, 5487829.128624845]]]}, "properties": {"id": "B022_01", "block": "B022", "kachel": "698_5487", "klasse": "gartenhaus", "sicher": true, "notiz": "weißes Dach, Laser ~2 m", "flaeche": 15.0}}, {"type": "Feature", "geometry": {"type": "Polygon", "coordinates": [[[698141.124507985, 5487838.990856761], [698140.4299152743, 5487842.930087773], [698137.4754920151, 5487842.40914324], [698138.1700847258, 5487838.469912228], [698141.124507985, 5487838.990856761]]]}, "properties": {"id": "B022_02", "block": "B022", "kachel": "698_5487", "klasse": "gartenhaus", "sicher": false, "notiz": "hellgraues kleines Objekt, im Laser kaum erhöht", "flaeche": 12.0}}, {"type": "Feature", "geometry": {"type": "Polygon", "coordinates": [[[699009.9000000001, 5486821.8], [699009.8913325081, 5486821.623569148], [699009.8654135048, 5486821.44883742], [699009.8224926044, 5486821.277487581], [699009.7629831586, 5486821.111169822], [699009.6874582759, 5486820.951485873], [699009.5966453023, 5486820.79997358], [699009.4914188161, 5486820.658092088], [699009.3727922062, 5486820.527207794], [699009.2419079116, 5486820.408581184], [699009.1000264195, 5486820.303354697], [699008.9485141264, 5486820.212541724], [699008.7888301783, 5486820.137016841], [699008.6225124191, 5486820.077507395], [699008.4511625797, 5486820.034586495], [699008.2764308527, 5486820.008667491], [699008.1000000001, 5486820.0], [699007.9235691475, 5486820.008667491], [699007.7488374205, 5486820.034586495], [699007.5774875811, 5486820.077507395], [699007.4111698219, 5486820.137016841], [699007.2514858738, 5486820.212541724], [699007.0999735807, 5486820.303354697], [699006.9580920886, 5486820.408581184], [699006.827207794, 5486820.527207794], [699006.708581184, 5486820.658092088], [699006.6033546979, 5486820.79997358], [699006.5125417243, 5486820.951485873], [699006.4370168416, 5486821.111169822], [699006.3775073958, 5486821.277487581], [699006.3345864954, 5486821.44883742], [699006.3086674921, 5486821.623569148], [699006.3, 5486821.8], [699006.3086674921, 5486821.976430852], [699006.3345864954, 5486822.15116258], [699006.3775073958, 5486822.322512419], [699006.4370168416, 5486822.488830178], [699006.5125417243, 5486822.648514126], [699006.6033546979, 5486822.80002642], [699006.708581184, 5486822.941907912], [699006.827207794, 5486823.072792206], [699006.9580920886, 5486823.191418815], [699007.0999735807, 5486823.296645302], [699007.2514858738, 5486823.387458276], [699007.4111698219, 5486823.462983158], [699007.5774875811, 5486823.522492604], [699007.7488374205, 5486823.565413505], [699007.9235691475, 5486823.591332508], [699008.1000000001, 5486823.6], [699008.2764308527, 5486823.591332508], [699008.4511625797, 5486823.565413505], [699008.6225124191, 5486823.522492604], [699008.7888301783, 5486823.462983158], [699008.9485141264, 5486823.387458276], [699009.1000264195, 5486823.296645302], [699009.2419079116, 5486823.191418815], [699009.3727922062, 5486823.072792206], [699009.4914188161, 5486822.941907912], [699009.5966453023, 5486822.80002642], [699009.6874582759, 5486822.648514126], [699009.7629831586, 5486822.488830178], [699009.8224926044, 5486822.322512419], [699009.8654135048, 5486822.15116258], [699009.8913325081, 5486821.976430852], [699009.9000000001, 5486821.8]]]}, "properties": {"id": "B024_00", "block": "B024", "kachel": "699_5486", "klasse": "trampolin", "sicher": true, "notiz": "roter Randschutz, dunkle Matte, Rahmen im Laser", "flaeche": 10.2}}, {"type": "Feature", "geometry": {"type": "Polygon", "coordinates": [[[699047.7444733914, 5486887.092039701], [699048.8432808716, 5486889.448439946], [699044.8555266086, 5486891.307960299], [699043.7567191285, 5486888.951560053], [699047.7444733914, 5486887.092039701]]]}, "properties": {"id": "B024_01", "block": "B024", "kachel": "699_5486", "klasse": "gartenhaus", "sicher": false, "notiz": "weißes Dach ~2 m: Schuppen oder Fahrzeug", "flaeche": 11.4}}, {"type": "Feature", "geometry": {"type": "Polygon", "coordinates": [[[699042.0637489834, 5486808.1245129965], [699043.2950214993, 5486811.50740643], [699039.5362510162, 5486812.8754870035], [699038.3049785004, 5486809.49259357], [699042.0637489834, 5486808.1245129965]]]}, "properties": {"id": "B024_02", "block": "B024", "kachel": "699_5486", "klasse": "gartenhaus", "sicher": false, "notiz": "weißer Pavillon, im Laser 2025 nicht vorhanden", "flaeche": 14.4}}, {"type": "Feature", "geometry": {"type": "Polygon", "coordinates": [[[698938.5, 5487190.7], [698938.4922955628, 5487190.5431725755], [698938.4692564487, 5487190.387855485], [698938.4311045372, 5487190.235544517], [698938.378207252, 5487190.087706508], [698938.311074023, 5487189.9457652215], [698938.2303513797, 5487189.811087627], [698938.1368167254, 5487189.684970746], [698938.0313708499, 5487189.56862915], [698937.9150292547, 5487189.4631832745], [698937.7889123729, 5487189.3696486205], [698937.654234779, 5487189.288925977], [698937.5122934919, 5487189.221792748], [698937.3644554836, 5487189.168895463], [698937.2121445152, 5487189.130743552], [698937.0568274246, 5487189.107704437], [698936.9, 5487189.100000001], [698936.7431725755, 5487189.107704437], [698936.5878554848, 5487189.130743552], [698936.4355445164, 5487189.168895463], [698936.2877065082, 5487189.221792748], [698936.1457652211, 5487189.288925977], [698936.0110876272, 5487189.3696486205], [698935.8849707453, 5487189.4631832745], [698935.7686291501, 5487189.56862915], [698935.6631832747, 5487189.684970746], [698935.5696486203, 5487189.811087627], [698935.488925977, 5487189.9457652215], [698935.421792748, 5487190.087706508], [698935.3688954628, 5487190.235544517], [698935.3307435514, 5487190.387855485], [698935.3077044373, 5487190.5431725755], [698935.3, 5487190.7], [698935.3077044373, 5487190.856827425], [698935.3307435514, 5487191.012144515], [698935.3688954628, 5487191.164455484], [698935.421792748, 5487191.312293492], [698935.488925977, 5487191.454234779], [698935.5696486203, 5487191.588912373], [698935.6631832747, 5487191.715029255], [698935.7686291501, 5487191.83137085], [698935.8849707453, 5487191.936816726], [698936.0110876272, 5487192.03035138], [698936.1457652211, 5487192.111074023], [698936.2877065082, 5487192.178207252], [698936.4355445164, 5487192.231104537], [698936.5878554848, 5487192.269256448], [698936.7431725755, 5487192.292295563], [698936.9, 5487192.3], [698937.0568274246, 5487192.292295563], [698937.2121445152, 5487192.269256448], [698937.3644554836, 5487192.231104537], [698937.5122934919, 5487192.178207252], [698937.654234779, 5487192.111074023], [698937.7889123729, 5487192.03035138], [698937.9150292547, 5487191.936816726], [698938.0313708499, 5487191.83137085], [698938.1368167254, 5487191.715029255], [698938.2303513797, 5487191.588912373], [698938.311074023, 5487191.454234779], [698938.378207252, 5487191.312293492], [698938.4311045372, 5487191.164455484], [698938.4692564487, 5487191.012144515], [698938.4922955628, 5487190.856827425], [698938.5, 5487190.7]]]}, "properties": {"id": "B025_00", "block": "B025", "kachel": "698_5487", "klasse": "pool", "sicher": true, "notiz": "hellblauer runder Pool", "flaeche": 8.0}}, {"type": "Feature", "geometry": {"type": "Polygon", "coordinates": [[[698980.7650635096, 5487156.217949193], [698978.7650635096, 5487159.682050808], [698974.4349364906, 5487157.182050808], [698976.4349364906, 5487153.717949193], [698980.7650635096, 5487156.217949193]]]}, "properties": {"id": "B025_01", "block": "B025", "kachel": "698_5487", "klasse": "gartenhaus", "sicher": true, "notiz": "rotes Dach, Laser ~2 m", "flaeche": 20.0}}, {"type": "Feature", "geometry": {"type": "Polygon", "coordinates": [[[698962.2000000001, 5487134.7], [698962.1908509807, 5487134.513767433], [698962.1634920328, 5487134.329328388], [698962.118186638, 5487134.148459113], [698962.0553711118, 5487133.972901478], [698961.9756504023, 5487133.8043462], [698961.8797922634, 5487133.644416558], [698961.7687198614, 5487133.49465276], [698961.6435028843, 5487133.356497116], [698961.5053472399, 5487133.231280139], [698961.3555834428, 5487133.120207737], [698961.1956538, 5487133.024349598], [698961.0270985216, 5487132.944628889], [698960.8515408868, 5487132.881813362], [698960.6706716119, 5487132.836507968], [698960.4862325666, 5487132.809149019], [698960.3, 5487132.8], [698960.1137674334, 5487132.809149019], [698959.9293283882, 5487132.836507968], [698959.7484591133, 5487132.881813362], [698959.5729014785, 5487132.944628889], [698959.4043462, 5487133.024349598], [698959.2444165573, 5487133.120207737], [698959.0946527602, 5487133.231280139], [698958.9564971158, 5487133.356497116], [698958.8312801387, 5487133.49465276], [698958.7202077367, 5487133.644416558], [698958.6243495978, 5487133.8043462], [698958.5446288883, 5487133.972901478], [698958.4818133621, 5487134.148459113], [698958.4365079673, 5487134.329328388], [698958.4091490194, 5487134.513767433], [698958.4, 5487134.7], [698958.4091490194, 5487134.886232567], [698958.4365079673, 5487135.070671612], [698958.4818133621, 5487135.251540887], [698958.5446288883, 5487135.427098522], [698958.6243495978, 5487135.5956538], [698958.7202077367, 5487135.755583443], [698958.8312801387, 5487135.90534724], [698958.9564971158, 5487136.043502884], [698959.0946527602, 5487136.168719862], [698959.2444165573, 5487136.279792263], [698959.4043462, 5487136.375650402], [698959.5729014785, 5487136.455371112], [698959.7484591133, 5487136.518186638], [698959.9293283882, 5487136.563492033], [698960.1137674334, 5487136.590850981], [698960.3, 5487136.600000001], [698960.4862325666, 5487136.590850981], [698960.6706716119, 5487136.563492033], [698960.8515408868, 5487136.518186638], [698961.0270985216, 5487136.455371112], [698961.1956538, 5487136.375650402], [698961.3555834428, 5487136.279792263], [698961.5053472399, 5487136.168719862], [698961.6435028843, 5487136.043502884], [698961.7687198614, 5487135.90534724], [698961.8797922634, 5487135.755583443], [698961.9756504023, 5487135.5956538], [698962.0553711118, 5487135.427098522], [698962.118186638, 5487135.251540887], [698962.1634920328, 5487135.070671612], [698962.1908509807, 5487134.886232567], [698962.2000000001, 5487134.7]]]}, "properties": {"id": "B025_02", "block": "B025", "kachel": "698_5487", "klasse": "trampolin", "sicher": true, "notiz": "Ring mit dunkler Matte", "flaeche": 11.3}}, {"type": "Feature", "geometry": {"type": "Polygon", "coordinates": [[[698968.3490381062, 5487152.784936491], [698965.8490381062, 5487157.11506351], [698963.2509618944, 5487155.61506351], [698965.7509618944, 5487151.284936491], [698968.3490381062, 5487152.784936491]]]}, "properties": {"id": "B025_03", "block": "B025", "kachel": "698_5487", "klasse": "gewaechshaus", "sicher": false, "notiz": "durchsichtiger Rahmenbau im Nutzgarten", "flaeche": 15.0}}, {"type": "Feature", "geometry": {"type": "Polygon", "coordinates": [[[698457.5000000001, 5487893.7], [698457.5000000001, 5487897.7], [698448.7000000001, 5487897.7], [698448.7000000001, 5487893.7], [698457.5000000001, 5487893.7]]]}, "properties": {"id": "B026_00", "block": "B026", "kachel": "698_5487", "klasse": "pool", "sicher": true, "notiz": "rechteckiger Pool mit weißem Rand", "flaeche": 35.2}}, {"type": "Feature", "geometry": {"type": "Polygon", "coordinates": [[[698973.9000000001, 5486424.7], [698973.8913325081, 5486424.523569148], [698973.8654135048, 5486424.34883742], [698973.8224926044, 5486424.177487581], [698973.7629831586, 5486424.011169822], [698973.6874582759, 5486423.851485874], [698973.5966453023, 5486423.69997358], [698973.4914188161, 5486423.558092088], [698973.3727922062, 5486423.427207794], [698973.2419079116, 5486423.308581185], [698973.1000264195, 5486423.203354698], [698972.9485141264, 5486423.112541724], [698972.7888301783, 5486423.037016842], [698972.6225124191, 5486422.977507396], [698972.4511625797, 5486422.934586495], [698972.2764308527, 5486422.908667492], [698972.1000000001, 5486422.9], [698971.9235691475, 5486422.908667492], [698971.7488374205, 5486422.934586495], [698971.5774875811, 5486422.977507396], [698971.4111698219, 5486423.037016842], [698971.2514858738, 5486423.112541724], [698971.0999735807, 5486423.203354698], [698970.9580920886, 5486423.308581185], [698970.827207794, 5486423.427207794], [698970.708581184, 5486423.558092088], [698970.6033546979, 5486423.69997358], [698970.5125417243, 5486423.851485874], [698970.4370168416, 5486424.011169822], [698970.3775073958, 5486424.177487581], [698970.3345864954, 5486424.34883742], [698970.3086674921, 5486424.523569148], [698970.3, 5486424.7], [698970.3086674921, 5486424.876430852], [698970.3345864954, 5486425.05116258], [698970.3775073958, 5486425.222512419], [698970.4370168416, 5486425.388830178], [698970.5125417243, 5486425.548514127], [698970.6033546979, 5486425.70002642], [698970.708581184, 5486425.841907912], [698970.827207794, 5486425.972792206], [698970.9580920886, 5486426.091418816], [698971.0999735807, 5486426.196645303], [698971.2514858738, 5486426.287458276], [698971.4111698219, 5486426.362983159], [698971.5774875811, 5486426.422492605], [698971.7488374205, 5486426.465413505], [698971.9235691475, 5486426.491332509], [698972.1000000001, 5486426.5], [698972.2764308527, 5486426.491332509], [698972.4511625797, 5486426.465413505], [698972.6225124191, 5486426.422492605], [698972.7888301783, 5486426.362983159], [698972.9485141264, 5486426.287458276], [698973.1000264195, 5486426.196645303], [698973.2419079116, 5486426.091418816], [698973.3727922062, 5486425.972792206], [698973.4914188161, 5486425.841907912], [698973.5966453023, 5486425.70002642], [698973.6874582759, 5486425.548514127], [698973.7629831586, 5486425.388830178], [698973.8224926044, 5486425.222512419], [698973.8654135048, 5486425.05116258], [698973.8913325081, 5486424.876430852], [698973.9000000001, 5486424.7]]]}, "properties": {"id": "B027_00", "block": "B027", "kachel": "698_5486", "klasse": "pool", "sicher": true, "notiz": "runder hellblauer Pool", "flaeche": 10.2}}, {"type": "Feature", "geometry": {"type": "Polygon", "coordinates": [[[698947.6000000001, 5486427.7], [698947.6000000001, 5486434.7], [698945.0, 5486434.7], [698945.0, 5486427.7], [698947.6000000001, 5486427.7]]]}, "properties": {"id": "B027_01", "block": "B027", "kachel": "698_5486", "klasse": "gartenhaus", "sicher": false, "notiz": "längliches Objekt mit weißem Ende, Laser ~2 m", "flaeche": 18.2}}, {"type": "Feature", "geometry": {"type": "Polygon", "coordinates": [[[698961.5650353805, 5486427.274880062], [698961.1292566669, 5486432.255853552], [698959.6349646198, 5486432.125119938], [698960.0707433334, 5486427.144146447], [698961.5650353805, 5486427.274880062]]]}, "properties": {"id": "B027_02", "block": "B027", "kachel": "698_5486", "klasse": "gewaechshaus", "sicher": false, "notiz": "schmales türkises Objekt: Frühbeet/Folientunnel?", "flaeche": 7.5}}, {"type": "Feature", "geometry": {"type": "Polygon", "coordinates": [[[698995.0986741104, 5486484.892051815], [698995.978658864, 5486488.176199624], [698992.5013258893, 5486489.107948187], [698991.6213411358, 5486485.823800378], [698995.0986741104, 5486484.892051815]]]}, "properties": {"id": "B027_03", "block": "B027", "kachel": "698_5486", "klasse": "gartenhaus", "sicher": false, "notiz": "weißer Pavillon, im Laser 2025 nicht vorhanden", "flaeche": 12.2}}, {"type": "Feature", "geometry": {"type": "Polygon", "coordinates": [[[699851.1, 5486149.7], [699851.1, 5486155.7], [699848.7000000001, 5486155.7], [699848.7000000001, 5486149.7], [699851.1, 5486149.7]]]}, "properties": {"id": "B028_00", "block": "B028", "kachel": "699_5486", "klasse": "gewaechshaus", "sicher": false, "notiz": "helles schmales Objekt ~2 m hoch: Gewächshaus oder Schuppen", "flaeche": 14.4}}, {"type": "Feature", "geometry": {"type": "Polygon", "coordinates": [[[699901.8, 5486122.75], [699901.8, 5486127.25], [699896.8, 5486127.25], [699896.8, 5486122.75], [699901.8, 5486122.75]]]}, "properties": {"id": "B028_01", "block": "B028", "kachel": "699_5486", "klasse": "gartenhaus", "sicher": true, "notiz": "rotes Dach am Blockrand, Laser ~2,5 m", "flaeche": 22.5}}, {"type": "Feature", "geometry": {"type": "Polygon", "coordinates": [[[698836.3, 5486404.2], [698842.3, 5486404.7], [698842.3, 5486410.7], [698836.8, 5486411.2], [698836.3, 5486404.2]]]}, "properties": {"id": "B029_00", "block": "B029", "kachel": "698_5486", "klasse": "gartenhaus", "sicher": false, "notiz": "Laser 2–2,5 m, im DOP unter Bäumen kaum sichtbar", "flaeche": 37.4}}, {"type": "Feature", "geometry": {"type": "Polygon", "coordinates": [[[699023.7000000001, 5486173.9], [699023.7000000001, 5486178.1], [699019.9, 5486178.1], [699019.9, 5486173.9], [699023.7000000001, 5486173.9]]]}, "properties": {"id": "B032_00", "block": "B032", "kachel": "699_5486", "klasse": "gartenhaus", "sicher": false, "notiz": "kleiner Rahmenbau, Pergola oder Schuppen", "flaeche": 16.0}}, {"type": "Feature", "geometry": {"type": "Polygon", "coordinates": [[[699039.2000000001, 5486118.7], [699039.1908509807, 5486118.513767433], [699039.1634920328, 5486118.329328388], [699039.118186638, 5486118.148459113], [699039.0553711118, 5486117.972901478], [699038.9756504023, 5486117.8043462], [699038.8797922634, 5486117.644416558], [699038.7687198614, 5486117.49465276], [699038.6435028843, 5486117.356497116], [699038.5053472399, 5486117.231280139], [699038.3555834428, 5486117.120207737], [699038.1956538, 5486117.024349598], [699038.0270985216, 5486116.944628889], [699037.8515408868, 5486116.881813362], [699037.6706716119, 5486116.836507968], [699037.4862325666, 5486116.809149019], [699037.3, 5486116.8], [699037.1137674334, 5486116.809149019], [699036.9293283882, 5486116.836507968], [699036.7484591133, 5486116.881813362], [699036.5729014785, 5486116.944628889], [699036.4043462, 5486117.024349598], [699036.2444165573, 5486117.120207737], [699036.0946527602, 5486117.231280139], [699035.9564971158, 5486117.356497116], [699035.8312801387, 5486117.49465276], [699035.7202077367, 5486117.644416558], [699035.6243495978, 5486117.8043462], [699035.5446288883, 5486117.972901478], [699035.4818133621, 5486118.148459113], [699035.4365079673, 5486118.329328388], [699035.4091490194, 5486118.513767433], [699035.4, 5486118.7], [699035.4091490194, 5486118.886232567], [699035.4365079673, 5486119.070671612], [699035.4818133621, 5486119.251540887], [699035.5446288883, 5486119.427098522], [699035.6243495978, 5486119.5956538], [699035.7202077367, 5486119.755583443], [699035.8312801387, 5486119.90534724], [699035.9564971158, 5486120.043502884], [699036.0946527602, 5486120.168719862], [699036.2444165573, 5486120.279792263], [699036.4043462, 5486120.375650402], [699036.5729014785, 5486120.455371112], [699036.7484591133, 5486120.518186638], [699036.9293283882, 5486120.563492033], [699037.1137674334, 5486120.590850981], [699037.3, 5486120.600000001], [699037.4862325666, 5486120.590850981], [699037.6706716119, 5486120.563492033], [699037.8515408868, 5486120.518186638], [699038.0270985216, 5486120.455371112], [699038.1956538, 5486120.375650402], [699038.3555834428, 5486120.279792263], [699038.5053472399, 5486120.168719862], [699038.6435028843, 5486120.043502884], [699038.7687198614, 5486119.90534724], [699038.8797922634, 5486119.755583443], [699038.9756504023, 5486119.5956538], [699039.0553711118, 5486119.427098522], [699039.118186638, 5486119.251540887], [699039.1634920328, 5486119.070671612], [699039.1908509807, 5486118.886232567], [699039.2000000001, 5486118.7]]]}, "properties": {"id": "B032_01", "block": "B032", "kachel": "699_5486", "klasse": "pool", "sicher": false, "notiz": "weißes rundes Objekt: Schirm oder abgedeckter Pool", "flaeche": 11.3}}, {"type": "Feature", "geometry": {"type": "Polygon", "coordinates": [[[699115.6000000001, 5486332.0], [699115.5865172347, 5486331.725552007], [699115.5461987852, 5486331.453747098], [699115.4794329401, 5486331.187202903], [699115.386862691, 5486330.928486389], [699115.2693795402, 5486330.680089137], [699115.1281149145, 5486330.444403348], [699114.9644292694, 5486330.223698804], [699114.7798989874, 5486330.020101013], [699114.5763011957, 5486329.83557073], [699114.3555966525, 5486329.671885085], [699114.1199108631, 5486329.5306204595], [699113.8715136107, 5486329.413137309], [699113.6127970964, 5486329.32056706], [699113.3462529017, 5486329.2538012145], [699113.074447993, 5486329.2134827655], [699112.8, 5486329.2], [699112.5255520071, 5486329.2134827655], [699112.2537470984, 5486329.2538012145], [699111.9872029037, 5486329.32056706], [699111.7284863894, 5486329.413137309], [699111.480089137, 5486329.5306204595], [699111.2444033476, 5486329.671885085], [699111.0236988044, 5486329.83557073], [699110.8201010127, 5486330.020101013], [699110.6355707307, 5486330.223698804], [699110.4718850856, 5486330.444403348], [699110.3306204599, 5486330.680089137], [699110.2131373091, 5486330.928486389], [699110.12056706, 5486331.187202903], [699110.0538012149, 5486331.453747098], [699110.0134827654, 5486331.725552007], [699110.0, 5486332.0], [699110.0134827654, 5486332.274447993], [699110.0538012149, 5486332.546252902], [699110.12056706, 5486332.812797097], [699110.2131373091, 5486333.071513611], [699110.3306204599, 5486333.319910863], [699110.4718850856, 5486333.555596652], [699110.6355707307, 5486333.776301196], [699110.8201010127, 5486333.979898987], [699111.0236988044, 5486334.16442927], [699111.2444033476, 5486334.328114915], [699111.480089137, 5486334.4693795405], [699111.7284863894, 5486334.586862691], [699111.9872029037, 5486334.67943294], [699112.2537470984, 5486334.7461987855], [699112.5255520071, 5486334.7865172345], [699112.8, 5486334.8], [699113.074447993, 5486334.7865172345], [699113.3462529017, 5486334.7461987855], [699113.6127970964, 5486334.67943294], [699113.8715136107, 5486334.586862691], [699114.1199108631, 5486334.4693795405], [699114.3555966525, 5486334.328114915], [699114.5763011957, 5486334.16442927], [699114.7798989874, 5486333.979898987], [699114.9644292694, 5486333.776301196], [699115.1281149145, 5486333.555596652], [699115.2693795402, 5486333.319910863], [699115.386862691, 5486333.071513611], [699115.4794329401, 5486332.812797097], [699115.5461987852, 5486332.546252902], [699115.5865172347, 5486332.274447993], [699115.6000000001, 5486332.0]]]}, "properties": {"id": "B035_00", "block": "B035", "kachel": "699_5486", "klasse": "pool", "sicher": true, "notiz": "runder Pool, grau-blaues Wasser oder Abdeckung", "flaeche": 24.6}}, {"type": "Feature", "geometry": {"type": "Polygon", "coordinates": [[[699174.3, 5486352.2], [699174.291332508, 5486352.023569148], [699174.2654135047, 5486351.84883742], [699174.2224926043, 5486351.677487581], [699174.1629831585, 5486351.511169822], [699174.0874582758, 5486351.351485874], [699173.9966453022, 5486351.19997358], [699173.891418816, 5486351.058092088], [699173.7727922061, 5486350.927207794], [699173.6419079115, 5486350.808581185], [699173.5000264194, 5486350.703354698], [699173.3485141263, 5486350.612541724], [699173.1888301782, 5486350.537016842], [699173.022512419, 5486350.477507396], [699172.8511625796, 5486350.434586495], [699172.6764308526, 5486350.408667492], [699172.5, 5486350.4], [699172.3235691474, 5486350.408667492], [699172.1488374204, 5486350.434586495], [699171.977487581, 5486350.477507396], [699171.8111698218, 5486350.537016842], [699171.6514858737, 5486350.612541724], [699171.4999735806, 5486350.703354698], [699171.3580920885, 5486350.808581185], [699171.2272077939, 5486350.927207794], [699171.108581184, 5486351.058092088], [699171.0033546978, 5486351.19997358], [699170.9125417242, 5486351.351485874], [699170.8370168415, 5486351.511169822], [699170.7775073957, 5486351.677487581], [699170.7345864953, 5486351.84883742], [699170.708667492, 5486352.023569148], [699170.7, 5486352.2], [699170.708667492, 5486352.376430852], [699170.7345864953, 5486352.55116258], [699170.7775073957, 5486352.722512419], [699170.8370168415, 5486352.888830178], [699170.9125417242, 5486353.048514127], [699171.0033546978, 5486353.20002642], [699171.108581184, 5486353.341907912], [699171.2272077939, 5486353.472792206], [699171.3580920885, 5486353.591418816], [699171.4999735806, 5486353.696645303], [699171.6514858737, 5486353.787458276], [699171.8111698218, 5486353.862983159], [699171.977487581, 5486353.922492605], [699172.1488374204, 5486353.965413505], [699172.3235691474, 5486353.991332509], [699172.5, 5486354.0], [699172.6764308526, 5486353.991332509], [699172.8511625796, 5486353.965413505], [699173.022512419, 5486353.922492605], [699173.1888301782, 5486353.862983159], [699173.3485141263, 5486353.787458276], [699173.5000264194, 5486353.696645303], [699173.6419079115, 5486353.591418816], [699173.7727922061, 5486353.472792206], [699173.891418816, 5486353.341907912], [699173.9966453022, 5486353.20002642], [699174.0874582758, 5486353.048514127], [699174.1629831585, 5486352.888830178], [699174.2224926043, 5486352.722512419], [699174.2654135047, 5486352.55116258], [699174.291332508, 5486352.376430852], [699174.3, 5486352.2]]]}, "properties": {"id": "B035_01", "block": "B035", "kachel": "699_5486", "klasse": "trampolin", "sicher": false, "notiz": "dunkler Ring, Trampolin oder Pool", "flaeche": 10.2}}, {"type": "Feature", "geometry": {"type": "Polygon", "coordinates": [[[699768.1000000001, 5486139.2], [699768.0903694534, 5486139.00396572], [699768.0615705609, 5486138.809819357], [699768.0138806716, 5486138.619430645], [699767.9477590651, 5486138.434633136], [699767.8638425288, 5486138.257206527], [699767.7629392247, 5486138.088859534], [699767.6460209069, 5486137.931213432], [699767.5142135625, 5486137.785786438], [699767.3687865684, 5486137.653979094], [699767.2111404662, 5486137.537060776], [699767.0427934737, 5486137.4361574715], [699766.8653668648, 5486137.352240935], [699766.6805693546, 5486137.286119329], [699766.4901806441, 5486137.238429439], [699766.2960342808, 5486137.209630547], [699766.1000000001, 5486137.2], [699765.9039657194, 5486137.209630547], [699765.7098193561, 5486137.238429439], [699765.5194306456, 5486137.286119329], [699765.3346331354, 5486137.352240935], [699765.1572065265, 5486137.4361574715], [699764.988859534, 5486137.537060776], [699764.8312134318, 5486137.653979094], [699764.6857864377, 5486137.785786438], [699764.5539790933, 5486137.931213432], [699764.4370607755, 5486138.088859534], [699764.3361574714, 5486138.257206527], [699764.2522409351, 5486138.434633136], [699764.1861193286, 5486138.619430645], [699764.1384294393, 5486138.809819357], [699764.1096305468, 5486139.00396572], [699764.1000000001, 5486139.2], [699764.1096305468, 5486139.396034281], [699764.1384294393, 5486139.590180644], [699764.1861193286, 5486139.780569355], [699764.2522409351, 5486139.965366865], [699764.3361574714, 5486140.142793474], [699764.4370607755, 5486140.3111404665], [699764.5539790933, 5486140.468786568], [699764.6857864377, 5486140.614213563], [699764.8312134318, 5486140.746020907], [699764.988859534, 5486140.862939225], [699765.1572065265, 5486140.963842529], [699765.3346331354, 5486141.047759065], [699765.5194306456, 5486141.113880672], [699765.7098193561, 5486141.161570561], [699765.9039657194, 5486141.190369453], [699766.1000000001, 5486141.2], [699766.2960342808, 5486141.190369453], [699766.4901806441, 5486141.161570561], [699766.6805693546, 5486141.113880672], [699766.8653668648, 5486141.047759065], [699767.0427934737, 5486140.963842529], [699767.2111404662, 5486140.862939225], [699767.3687865684, 5486140.746020907], [699767.5142135625, 5486140.614213563], [699767.6460209069, 5486140.468786568], [699767.7629392247, 5486140.3111404665], [699767.8638425288, 5486140.142793474], [699767.9477590651, 5486139.965366865], [699768.0138806716, 5486139.780569355], [699768.0615705609, 5486139.590180644], [699768.0903694534, 5486139.396034281], [699768.1000000001, 5486139.2]]]}, "properties": {"id": "B037_00", "block": "B037", "kachel": "699_5486", "klasse": "trampolin", "sicher": true, "notiz": "Ring mit Netzrand, Laser zeigt Ring", "flaeche": 12.5}}, {"type": "Feature", "geometry": {"type": "Polygon", "coordinates": [[[698383.1, 5486457.5], [698383.1, 5486459.9], [698380.7000000001, 5486459.9], [698380.7000000001, 5486457.5], [698383.1, 5486457.5]]]}, "properties": {"id": "B038_00", "block": "B038", "kachel": "698_5486", "klasse": "gartenhaus", "sicher": false, "notiz": "kleines weißes Dach ~2,5 m am Gehölz", "flaeche": 5.8}}, {"type": "Feature", "geometry": {"type": "Polygon", "coordinates": [[[698378.8, 5486427.2], [698378.8, 5486431.2], [698376.8, 5486431.2], [698376.8, 5486427.2], [698378.8, 5486427.2]]]}, "properties": {"id": "B038_01", "block": "B038", "kachel": "698_5486", "klasse": "gartenhaus", "sicher": false, "notiz": "schmaler Anbau neben Hausumring, Laser ~2 m", "flaeche": 8.0}}, {"type": "Feature", "geometry": {"type": "Polygon", "coordinates": [[[698742.8659398213, 5487662.199353238], [698742.5173168504, 5487666.18413203], [698738.1340601788, 5487665.800646762], [698738.4826831497, 5487661.81586797], [698742.8659398213, 5487662.199353238]]]}, "properties": {"id": "B039_00", "block": "B039", "kachel": "698_5487", "klasse": "gartenhaus", "sicher": true, "notiz": "Zeltdach, Laser ~2,5 m", "flaeche": 17.6}}, {"type": "Feature", "geometry": {"type": "Polygon", "coordinates": [[[698422.4000000001, 5486052.9], [698422.4000000001, 5486057.5], [698416.8, 5486057.5], [698416.8, 5486052.9], [698422.4000000001, 5486052.9]]]}, "properties": {"id": "B041_00", "block": "B041", "kachel": "698_5486", "klasse": "gartenhaus", "sicher": true, "notiz": "graues Dach, Laser ~2,5 m", "flaeche": 25.8}}, {"type": "Feature", "geometry": {"type": "Polygon", "coordinates": [[[699024.05, 5486048.4], [699024.05, 5486052.0], [699018.55, 5486052.0], [699018.55, 5486048.4], [699024.05, 5486048.4]]]}, "properties": {"id": "B043_00", "block": "B043", "kachel": "699_5486", "klasse": "gartenhaus", "sicher": true, "notiz": "rotbraunes Dach, Laser ~2,5 m", "flaeche": 19.8}}, {"type": "Feature", "geometry": {"type": "Polygon", "coordinates": [[[699034.3, 5486094.0], [699034.3, 5486096.4], [699029.9000000001, 5486096.4], [699029.9000000001, 5486094.0], [699034.3, 5486094.0]]]}, "properties": {"id": "B043_01", "block": "B043", "kachel": "699_5486", "klasse": "gartenhaus", "sicher": false, "notiz": "heller Bau unter Baum, Laser kaum erhöht: Pergola/Schuppen", "flaeche": 10.6}}, {"type": "Feature", "geometry": {"type": "Polygon", "coordinates": [[[699210.2883606434, 5486821.933996933], [699207.5886526832, 5486825.151383593], [699203.9116393563, 5486822.0660030665], [699206.6113473165, 5486818.848616406], [699210.2883606434, 5486821.933996933]]]}, "properties": {"id": "B046_00", "block": "B046", "kachel": "699_5486", "klasse": "gartenhaus", "sicher": true, "notiz": "rotes Dach, Laser ~2 m", "flaeche": 20.2}}, {"type": "Feature", "geometry": {"type": "Polygon", "coordinates": [[[699231.3091752164, 5486808.114183236], [699228.7380247784, 5486811.178361008], [699225.2908247842, 5486808.285816764], [699227.8619752226, 5486805.221638992], [699231.3091752164, 5486808.114183236]]]}, "properties": {"id": "B046_01", "block": "B046", "kachel": "699_5486", "klasse": "gartenhaus", "sicher": false, "notiz": "im Laser ~2 m, im DOP unter Schatten", "flaeche": 18.0}}, {"type": "Feature", "geometry": {"type": "Polygon", "coordinates": [[[698274.2000000001, 5486688.2], [698274.1932586174, 5486688.062776004], [698274.1730993926, 5486687.92687355], [698274.13971647, 5486687.793601452], [698274.0934313455, 5486687.664243195], [698274.0346897701, 5486687.5400445685], [698273.9640574573, 5486687.4222016735], [698273.8822146348, 5486687.311849402], [698273.7899494937, 5486687.2100505065], [698273.6881505979, 5486687.117785365], [698273.5777983263, 5486687.035942543], [698273.4599554316, 5486686.96531023], [698273.3357568054, 5486686.906568655], [698273.2063985482, 5486686.86028353], [698273.0731264509, 5486686.826900608], [698272.9372239965, 5486686.806741383], [698272.8, 5486686.8], [698272.6627760036, 5486686.806741383], [698272.5268735492, 5486686.826900608], [698272.3936014519, 5486686.86028353], [698272.2642431947, 5486686.906568655], [698272.1400445685, 5486686.96531023], [698272.0222016738, 5486687.035942543], [698271.9118494022, 5486687.117785365], [698271.8100505064, 5486687.2100505065], [698271.7177853653, 5486687.311849402], [698271.6359425428, 5486687.4222016735], [698271.56531023, 5486687.5400445685], [698271.5065686546, 5486687.664243195], [698271.4602835301, 5486687.793601452], [698271.4269006075, 5486687.92687355], [698271.4067413827, 5486688.062776004], [698271.4, 5486688.2], [698271.4067413827, 5486688.337223996], [698271.4269006075, 5486688.473126451], [698271.4602835301, 5486688.606398548], [698271.5065686546, 5486688.735756805], [698271.56531023, 5486688.859955432], [698271.6359425428, 5486688.977798327], [698271.7177853653, 5486689.088150598], [698271.8100505064, 5486689.189949494], [698271.9118494022, 5486689.282214635], [698272.0222016738, 5486689.364057457], [698272.1400445685, 5486689.43468977], [698272.2642431947, 5486689.493431346], [698272.3936014519, 5486689.53971647], [698272.5268735492, 5486689.5730993925], [698272.6627760036, 5486689.593258617], [698272.8, 5486689.600000001], [698272.9372239965, 5486689.593258617], [698273.0731264509, 5486689.5730993925], [698273.2063985482, 5486689.53971647], [698273.3357568054, 5486689.493431346], [698273.4599554316, 5486689.43468977], [698273.5777983263, 5486689.364057457], [698273.6881505979, 5486689.282214635], [698273.7899494937, 5486689.189949494], [698273.8822146348, 5486689.088150598], [698273.9640574573, 5486688.977798327], [698274.0346897701, 5486688.859955432], [698274.0934313455, 5486688.735756805], [698274.13971647, 5486688.606398548], [698274.1730993926, 5486688.473126451], [698274.1932586174, 5486688.337223996], [698274.2000000001, 5486688.2]]]}, "properties": {"id": "B047_00", "block": "B047", "kachel": "698_5486", "klasse": "pool", "sicher": true, "notiz": "kleiner runder hellblauer Pool, Laser ohne Echo", "flaeche": 6.1}}, {"type": "Feature", "geometry": {"type": "Polygon", "coordinates": [[[698810.4, 5486263.8], [698810.3918140354, 5486263.633370861], [698810.3673349768, 5486263.468346452], [698810.3267985708, 5486263.3065160485], [698810.2705952054, 5486263.149438165], [698810.1992661494, 5486262.998625548], [698810.113498341, 5486262.855530604], [698810.0141177708, 5486262.721531416], [698809.9020815281, 5486262.597918472], [698809.7784685831, 5486262.485882229], [698809.6444693962, 5486262.386501659], [698809.5013744527, 5486262.30073385], [698809.3505618351, 5486262.229404795], [698809.1934839514, 5486262.173201429], [698809.0316535475, 5486262.132665023], [698808.8666291386, 5486262.108185965], [698808.7000000001, 5486262.1], [698808.5333708616, 5486262.108185965], [698808.3683464526, 5486262.132665023], [698808.2065160488, 5486262.173201429], [698808.049438165, 5486262.229404795], [698807.8986255474, 5486262.30073385], [698807.7555306039, 5486262.386501659], [698807.621531417, 5486262.485882229], [698807.497918472, 5486262.597918472], [698807.3858822293, 5486262.721531416], [698807.2865016592, 5486262.855530604], [698807.2007338507, 5486262.998625548], [698807.1294047948, 5486263.149438165], [698807.0732014293, 5486263.3065160485], [698807.0326650233, 5486263.468346452], [698807.0081859648, 5486263.633370861], [698807.0000000001, 5486263.8], [698807.0081859648, 5486263.966629138], [698807.0326650233, 5486264.131653547], [698807.0732014293, 5486264.293483951], [698807.1294047948, 5486264.4505618345], [698807.2007338507, 5486264.601374452], [698807.2865016592, 5486264.744469396], [698807.3858822293, 5486264.878468583], [698807.497918472, 5486265.002081527], [698807.621531417, 5486265.11411777], [698807.7555306039, 5486265.213498341], [698807.8986255474, 5486265.299266149], [698808.049438165, 5486265.370595205], [698808.2065160488, 5486265.426798571], [698808.3683464526, 5486265.467334976], [698808.5333708616, 5486265.491814035], [698808.7000000001, 5486265.5], [698808.8666291386, 5486265.491814035], [698809.0316535475, 5486265.467334976], [698809.1934839514, 5486265.426798571], [698809.3505618351, 5486265.370595205], [698809.5013744527, 5486265.299266149], [698809.6444693962, 5486265.213498341], [698809.7784685831, 5486265.11411777], [698809.9020815281, 5486265.002081527], [698810.0141177708, 5486264.878468583], [698810.113498341, 5486264.744469396], [698810.1992661494, 5486264.601374452], [698810.2705952054, 5486264.4505618345], [698810.3267985708, 5486264.293483951], [698810.3673349768, 5486264.131653547], [698810.3918140354, 5486263.966629138], [698810.4, 5486263.8]]]}, "properties": {"id": "B049_00", "block": "B049", "kachel": "698_5486", "klasse": "trampolin", "sicher": true, "notiz": "dunkle Matte mit hellem Rand", "flaeche": 9.1}}, {"type": "Feature", "geometry": {"type": "Polygon", "coordinates": [[[698834.5, 5486265.600000001], [698834.4922955628, 5486265.443172576], [698834.4692564487, 5486265.287855485], [698834.4311045372, 5486265.135544517], [698834.378207252, 5486264.9877065085], [698834.311074023, 5486264.845765222], [698834.2303513797, 5486264.711087627], [698834.1368167254, 5486264.584970746], [698834.0313708499, 5486264.468629151], [698833.9150292547, 5486264.363183275], [698833.7889123729, 5486264.269648621], [698833.654234779, 5486264.188925978], [698833.5122934919, 5486264.121792749], [698833.3644554836, 5486264.068895464], [698833.2121445152, 5486264.030743552], [698833.0568274246, 5486264.007704438], [698832.9, 5486264.000000001], [698832.7431725755, 5486264.007704438], [698832.5878554848, 5486264.030743552], [698832.4355445164, 5486264.068895464], [698832.2877065082, 5486264.121792749], [698832.1457652211, 5486264.188925978], [698832.0110876272, 5486264.269648621], [698831.8849707453, 5486264.363183275], [698831.7686291501, 5486264.468629151], [698831.6631832747, 5486264.584970746], [698831.5696486203, 5486264.711087627], [698831.488925977, 5486264.845765222], [698831.421792748, 5486264.9877065085], [698831.3688954628, 5486265.135544517], [698831.3307435514, 5486265.287855485], [698831.3077044373, 5486265.443172576], [698831.3, 5486265.600000001], [698831.3077044373, 5486265.756827425], [698831.3307435514, 5486265.912144516], [698831.3688954628, 5486266.064455484], [698831.421792748, 5486266.212293493], [698831.488925977, 5486266.354234779], [698831.5696486203, 5486266.488912374], [698831.6631832747, 5486266.615029255], [698831.7686291501, 5486266.7313708505], [698831.8849707453, 5486266.836816726], [698832.0110876272, 5486266.93035138], [698832.1457652211, 5486267.011074023], [698832.2877065082, 5486267.078207253], [698832.4355445164, 5486267.131104537], [698832.5878554848, 5486267.169256449], [698832.7431725755, 5486267.192295563], [698832.9, 5486267.2], [698833.0568274246, 5486267.192295563], [698833.2121445152, 5486267.169256449], [698833.3644554836, 5486267.131104537], [698833.5122934919, 5486267.078207253], [698833.654234779, 5486267.011074023], [698833.7889123729, 5486266.93035138], [698833.9150292547, 5486266.836816726], [698834.0313708499, 5486266.7313708505], [698834.1368167254, 5486266.615029255], [698834.2303513797, 5486266.488912374], [698834.311074023, 5486266.354234779], [698834.378207252, 5486266.212293493], [698834.4311045372, 5486266.064455484], [698834.4692564487, 5486265.912144516], [698834.4922955628, 5486265.756827425], [698834.5, 5486265.600000001]]]}, "properties": {"id": "B049_01", "block": "B049", "kachel": "698_5486", "klasse": "pool", "sicher": false, "notiz": "rundes türkises Objekt unter Pavillon/Überdachung", "flaeche": 8.0}}, {"type": "Feature", "geometry": {"type": "Polygon", "coordinates": [[[698450.7091432395, 5487375.175492016], [698451.2300877725, 5487378.129915275], [698447.2908567605, 5487378.824507985], [698446.7699122275, 5487375.870084726], [698450.7091432395, 5487375.175492016]]]}, "properties": {"id": "B051_00", "block": "B051", "kachel": "698_5487", "klasse": "gartenhaus", "sicher": false, "notiz": "kleines Dach im Altstadtgarten", "flaeche": 12.0}}, {"type": "Feature", "geometry": {"type": "Polygon", "coordinates": [[[698090.6000000001, 5487026.0], [698090.6000000001, 5487029.4], [698087.0, 5487029.4], [698087.0, 5487026.0], [698090.6000000001, 5487026.0]]]}, "properties": {"id": "B052_00", "block": "B052", "kachel": "698_5487", "klasse": "gartenhaus", "sicher": false, "notiz": "nur im Laser ~2,5 m, im DOP unter Bäumen", "flaeche": 12.2}}, {"type": "Feature", "geometry": {"type": "Polygon", "coordinates": [[[698135.5411257279, 5487703.811015794], [698133.7293924122, 5487710.572496578], [698130.0588742723, 5487709.588984206], [698131.870607588, 5487702.827503422], [698135.5411257279, 5487703.811015794]]]}, "properties": {"id": "B053_00", "block": "B053", "kachel": "698_5487", "klasse": "pool", "sicher": true, "notiz": "rechteckiger hellblauer Pool", "flaeche": 26.6}}, {"type": "Feature", "geometry": {"type": "Polygon", "coordinates": [[[698141.089659326, 5487715.972842397], [698141.7052955844, 5487717.664289115], [698138.5103406736, 5487718.827157603], [698137.8947044152, 5487717.135710885], [698141.089659326, 5487715.972842397]]]}, "properties": {"id": "B053_01", "block": "B053", "kachel": "698_5487", "klasse": "pool", "sicher": false, "notiz": "türkises Rechteck, evtl. Planschbecken", "flaeche": 6.1}}, {"type": "Feature", "geometry": {"type": "Polygon", "coordinates": [[[698154.5206155424, 5487783.33511842], [698155.1110193465, 5487786.683464781], [698150.679384458, 5487787.464881581], [698150.0889806539, 5487784.11653522], [698154.5206155424, 5487783.33511842]]]}, "properties": {"id": "B053_02", "block": "B053", "kachel": "698_5487", "klasse": "gartenhaus", "sicher": true, "notiz": "rotes Dach, Laser ~2,5 m", "flaeche": 15.3}}, {"type": "Feature", "geometry": {"type": "Polygon", "coordinates": [[[698160.9494526628, 5487782.9932256], [698161.5745861023, 5487786.538533511], [698156.6505473373, 5487787.406774399], [698156.0254138978, 5487783.861466488], [698160.9494526628, 5487782.9932256]]]}, "properties": {"id": "B053_03", "block": "B053", "kachel": "698_5487", "klasse": "gartenhaus", "sicher": true, "notiz": "rotes Dach, Laser ~2,5 m", "flaeche": 18.0}}, {"type": "Feature", "geometry": {"type": "Polygon", "coordinates": [[[698138.6803989159, 5487757.486067635], [698139.774863374, 5487760.493084021], [698137.5196010843, 5487761.313932365], [698136.4251366258, 5487758.306915979], [698138.6803989159, 5487757.486067635]]]}, "properties": {"id": "B053_04", "block": "B053", "kachel": "698_5487", "klasse": "gartenhaus", "sicher": false, "notiz": "kleiner Anbau am Haus", "flaeche": 7.7}}, {"type": "Feature", "geometry": {"type": "Polygon", "coordinates": [[[698728.7, 5486727.2], [698728.6894063987, 5486726.984362291], [698728.6577276168, 5486726.770801292], [698728.6052687386, 5486726.561373711], [698728.5325349715, 5486726.358096449], [698728.4402267815, 5486726.16292718], [698728.3292331471, 5486725.977745487], [698728.2006229974, 5486725.804334775], [698728.0556349186, 5486725.644365082], [698727.8956652251, 5486725.499377003], [698727.7222545126, 5486725.370766853], [698727.537072821, 5486725.259773219], [698727.3419035512, 5486725.167465028], [698727.1386262899, 5486725.094731262], [698726.9291987084, 5486725.042272383], [698726.7156377088, 5486725.0105936015], [698726.5, 5486725.0], [698726.2843622912, 5486725.0105936015], [698726.0708012916, 5486725.042272383], [698725.8613737101, 5486725.094731262], [698725.6580964488, 5486725.167465028], [698725.462927179, 5486725.259773219], [698725.2777454874, 5486725.370766853], [698725.1043347749, 5486725.499377003], [698724.9443650814, 5486725.644365082], [698724.7993770026, 5486725.804334775], [698724.6707668529, 5486725.977745487], [698724.5597732185, 5486726.16292718], [698724.4674650285, 5486726.358096449], [698724.3947312614, 5486726.561373711], [698724.3422723832, 5486726.770801292], [698724.3105936013, 5486726.984362291], [698724.3, 5486727.2], [698724.3105936013, 5486727.415637709], [698724.3422723832, 5486727.629198709], [698724.3947312614, 5486727.83862629], [698724.4674650285, 5486728.041903552], [698724.5597732185, 5486728.237072821], [698724.6707668529, 5486728.422254513], [698724.7993770026, 5486728.595665226], [698724.9443650814, 5486728.755634919], [698725.1043347749, 5486728.900622997], [698725.2777454874, 5486729.029233147], [698725.462927179, 5486729.140226781], [698725.6580964488, 5486729.232534972], [698725.8613737101, 5486729.305268738], [698726.0708012916, 5486729.357727617], [698726.2843622912, 5486729.389406399], [698726.5, 5486729.4], [698726.7156377088, 5486729.389406399], [698726.9291987084, 5486729.357727617], [698727.1386262899, 5486729.305268738], [698727.3419035512, 5486729.232534972], [698727.537072821, 5486729.140226781], [698727.7222545126, 5486729.029233147], [698727.8956652251, 5486728.900622997], [698728.0556349186, 5486728.755634919], [698728.2006229974, 5486728.595665226], [698728.3292331471, 5486728.422254513], [698728.4402267815, 5486728.237072821], [698728.5325349715, 5486728.041903552], [698728.6052687386, 5486727.83862629], [698728.6577276168, 5486727.629198709], [698728.6894063987, 5486727.415637709], [698728.7, 5486727.2]]]}, "properties": {"id": "B055_00", "block": "B055", "kachel": "698_5486", "klasse": "pool", "sicher": true, "notiz": "runder Aufstellpool", "flaeche": 15.2}}, {"type": "Feature", "geometry": {"type": "Polygon", "coordinates": [[[698708.1000000001, 5486714.5], [698708.1000000001, 5486719.1], [698704.5, 5486719.1], [698704.5, 5486714.5], [698708.1000000001, 5486714.5]]]}, "properties": {"id": "B055_01", "block": "B055", "kachel": "698_5486", "klasse": "gartenhaus", "sicher": true, "notiz": "weißes Dach neben Hausumring, Laser ~2,5 m", "flaeche": 16.6}}, {"type": "Feature", "geometry": {"type": "Polygon", "coordinates": [[[698733.6000000001, 5486704.0], [698733.5937401447, 5486703.8725777175], [698733.5750208646, 5486703.746382581], [698733.5440224365, 5486703.62262992], [698733.5010433923, 5486703.502511538], [698733.4464976437, 5486703.387184242], [698733.380910496, 5486703.277758697], [698733.3049135894, 5486703.17528873], [698733.2192388156, 5486703.080761185], [698733.1247112695, 5486702.995086411], [698733.022241303, 5486702.919089504], [698732.9128157579, 5486702.853502356], [698732.7974884621, 5486702.7989566075], [698732.6773700805, 5486702.755977564], [698732.5536174186, 5486702.724979135], [698732.4274222825, 5486702.706259855], [698732.3, 5486702.7], [698732.1725777176, 5486702.706259855], [698732.0463825815, 5486702.724979135], [698731.9226299196, 5486702.755977564], [698731.802511538, 5486702.7989566075], [698731.6871842422, 5486702.853502356], [698731.5777586971, 5486702.919089504], [698731.4752887306, 5486702.995086411], [698731.3807611845, 5486703.080761185], [698731.2950864107, 5486703.17528873], [698731.2190895041, 5486703.277758697], [698731.1535023564, 5486703.387184242], [698731.0989566077, 5486703.502511538], [698731.0559775636, 5486703.62262992], [698731.0249791355, 5486703.746382581], [698731.0062598553, 5486703.8725777175], [698731.0, 5486704.0], [698731.0062598553, 5486704.1274222825], [698731.0249791355, 5486704.253617419], [698731.0559775636, 5486704.37737008], [698731.0989566077, 5486704.497488462], [698731.1535023564, 5486704.612815758], [698731.2190895041, 5486704.722241303], [698731.2950864107, 5486704.82471127], [698731.3807611845, 5486704.919238815], [698731.4752887306, 5486705.004913589], [698731.5777586971, 5486705.080910496], [698731.6871842422, 5486705.146497644], [698731.802511538, 5486705.2010433925], [698731.9226299196, 5486705.244022436], [698732.0463825815, 5486705.275020865], [698732.1725777176, 5486705.293740145], [698732.3, 5486705.3], [698732.4274222825, 5486705.293740145], [698732.5536174186, 5486705.275020865], [698732.6773700805, 5486705.244022436], [698732.7974884621, 5486705.2010433925], [698732.9128157579, 5486705.146497644], [698733.022241303, 5486705.080910496], [698733.1247112695, 5486705.004913589], [698733.2192388156, 5486704.919238815], [698733.3049135894, 5486704.82471127], [698733.380910496, 5486704.722241303], [698733.4464976437, 5486704.612815758], [698733.5010433923, 5486704.497488462], [698733.5440224365, 5486704.37737008], [698733.5750208646, 5486704.253617419], [698733.5937401447, 5486704.1274222825], [698733.6000000001, 5486704.0]]]}, "properties": {"id": "B055_02", "block": "B055", "kachel": "698_5486", "klasse": "trampolin", "sicher": false, "notiz": "kleiner Ring, evtl. Kindertrampolin oder Feuerstelle", "flaeche": 5.3}}, {"type": "Feature", "geometry": {"type": "Polygon", "coordinates": [[[699015.3723972682, 5486265.11247841], [699016.1364492499, 5486269.445632524], [699010.2276027319, 5486270.487521591], [699009.4635507502, 5486266.154367477], [699015.3723972682, 5486265.11247841]]]}, "properties": {"id": "B056_00", "block": "B056", "kachel": "699_5486", "klasse": "gartenhaus", "sicher": true, "notiz": "rotes Dach im Gartengrundstück, Laser ~2,5 m", "flaeche": 26.4}}, {"type": "Feature", "geometry": {"type": "Polygon", "coordinates": [[[699006.8, 5486247.7], [699006.8, 5486250.7], [699003.8, 5486250.7], [699003.8, 5486247.7], [699006.8, 5486247.7]]]}, "properties": {"id": "B056_01", "block": "B056", "kachel": "699_5486", "klasse": "gartenhaus", "sicher": false, "notiz": "nur im Laser, unter Bäumen", "flaeche": 9.0}}, {"type": "Feature", "geometry": {"type": "Polygon", "coordinates": [[[699049.8, 5486254.0], [699049.8, 5486256.0], [699047.2, 5486256.0], [699047.2, 5486254.0], [699049.8, 5486254.0]]]}, "properties": {"id": "B056_02", "block": "B056", "kachel": "699_5486", "klasse": "gartenhaus", "sicher": false, "notiz": "kleines weißes Dach unter Bäumen", "flaeche": 5.2}}, {"type": "Feature", "geometry": {"type": "Polygon", "coordinates": [[[698537.9, 5487757.3], [698537.9, 5487762.3], [698534.7000000001, 5487762.3], [698534.7000000001, 5487757.3], [698537.9, 5487757.3]]]}, "properties": {"id": "B057_00", "block": "B057", "kachel": "698_5487", "klasse": "gartenhaus", "sicher": true, "notiz": "dunkles Dach, Laser ~2,5 m", "flaeche": 16.0}}, {"type": "Feature", "geometry": {"type": "Polygon", "coordinates": [[[698553.7968089001, 5487744.723826523], [698555.7408529038, 5487748.892842344], [698553.2031911004, 5487750.076173476], [698551.2591470967, 5487745.907157657], [698553.7968089001, 5487744.723826523]]]}, "properties": {"id": "B057_01", "block": "B057", "kachel": "698_5487", "klasse": "gartenhaus", "sicher": true, "notiz": "weißes Dach, Laser ~3 m", "flaeche": 12.9}}, {"type": "Feature", "geometry": {"type": "Polygon", "coordinates": [[[698847.8469013588, 5486327.847637305], [698849.790945363, 5486332.016653125], [698844.3530986405, 5486334.552362695], [698842.4090546367, 5486330.383346875], [698847.8469013588, 5486327.847637305]]]}, "properties": {"id": "B059_00", "block": "B059", "kachel": "698_5486", "klasse": "gartenhaus", "sicher": true, "notiz": "weißes Flachdach, Laser ~2,5 m, nicht im Hausumring", "flaeche": 27.6}}, {"type": "Feature", "geometry": {"type": "Polygon", "coordinates": [[[698803.0, 5486331.0], [698802.99277709, 5486330.852974289], [698802.9711779206, 5486330.707364517], [698802.9354105036, 5486330.564572984], [698802.8858192988, 5486330.4259748515], [698802.8228818965, 5486330.292904895], [698802.7472044184, 5486330.1666446505], [698802.65951568, 5486330.048410074], [698802.5606601718, 5486329.939339829], [698802.4515899263, 5486329.84048432], [698802.3333553495, 5486329.752795582], [698802.2070951052, 5486329.677118103], [698802.0740251485, 5486329.614180701], [698801.9354270159, 5486329.564589497], [698801.792635483, 5486329.528822079], [698801.6470257104, 5486329.50722291], [698801.5, 5486329.5], [698801.3529742896, 5486329.50722291], [698801.207364517, 5486329.528822079], [698801.0645729841, 5486329.564589497], [698800.9259748515, 5486329.614180701], [698800.7929048948, 5486329.677118103], [698800.6666446505, 5486329.752795582], [698800.5484100737, 5486329.84048432], [698800.4393398282, 5486329.939339829], [698800.34048432, 5486330.048410074], [698800.2527955816, 5486330.1666446505], [698800.1771181035, 5486330.292904895], [698800.1141807012, 5486330.4259748515], [698800.0645894964, 5486330.564572984], [698800.0288220794, 5486330.707364517], [698800.00722291, 5486330.852974289], [698800.0, 5486331.0], [698800.00722291, 5486331.147025711], [698800.0288220794, 5486331.292635483], [698800.0645894964, 5486331.435427016], [698800.1141807012, 5486331.5740251485], [698800.1771181035, 5486331.707095105], [698800.2527955816, 5486331.8333553495], [698800.34048432, 5486331.951589926], [698800.4393398282, 5486332.060660171], [698800.5484100737, 5486332.15951568], [698800.6666446505, 5486332.247204418], [698800.7929048948, 5486332.322881897], [698800.9259748515, 5486332.385819299], [698801.0645729841, 5486332.435410503], [698801.207364517, 5486332.471177921], [698801.3529742896, 5486332.49277709], [698801.5, 5486332.5], [698801.6470257104, 5486332.49277709], [698801.792635483, 5486332.471177921], [698801.9354270159, 5486332.435410503], [698802.0740251485, 5486332.385819299], [698802.2070951052, 5486332.322881897], [698802.3333553495, 5486332.247204418], [698802.4515899263, 5486332.15951568], [698802.5606601718, 5486332.060660171], [698802.65951568, 5486331.951589926], [698802.7472044184, 5486331.8333553495], [698802.8228818965, 5486331.707095105], [698802.8858192988, 5486331.5740251485], [698802.9354105036, 5486331.435427016], [698802.9711779206, 5486331.292635483], [698802.99277709, 5486331.147025711], [698803.0, 5486331.0]]]}, "properties": {"id": "B059_01", "block": "B059", "kachel": "698_5486", "klasse": "gartenhaus", "sicher": false, "notiz": "weißer achteckiger Pavillon, im Laser 2025 nicht vorhanden", "flaeche": 7.1}}, {"type": "Feature", "geometry": {"type": "Polygon", "coordinates": [[[699525.9891065832, 5486476.606695222], [699523.6750711885, 5486479.364455217], [699520.610893416, 5486476.793304778], [699522.9249288107, 5486474.035544783], [699525.9891065832, 5486476.606695222]]]}, "properties": {"id": "B060_00", "block": "B060", "kachel": "699_5486", "klasse": "gartenhaus", "sicher": true, "notiz": "graues Dach, Laser ~2 m", "flaeche": 14.4}}, {"type": "Feature", "geometry": {"type": "Polygon", "coordinates": [[[699555.858547311, 5486449.54116065], [699553.1588393508, 5486452.75854731], [699549.9414526897, 5486450.058839349], [699552.64116065, 5486446.841452689], [699555.858547311, 5486449.54116065]]]}, "properties": {"id": "B060_01", "block": "B060", "kachel": "699_5486", "klasse": "gartenhaus", "sicher": true, "notiz": "graues Dach, Laser ~2 m", "flaeche": 17.6}}, {"type": "Feature", "geometry": {"type": "Polygon", "coordinates": [[[699595.7176641056, 5486406.353486334], [699593.1465136667, 5486409.417664106], [699590.0823358942, 5486406.846513667], [699592.6534863331, 5486403.782335895], [699595.7176641056, 5486406.353486334]]]}, "properties": {"id": "B060_02", "block": "B060", "kachel": "699_5486", "klasse": "gartenhaus", "sicher": false, "notiz": "im Laser ~2 m, im DOP schwach", "flaeche": 16.0}}, {"type": "Feature", "geometry": {"type": "Polygon", "coordinates": [[[698448.5, 5487964.0], [698448.5, 5487967.6], [698440.5, 5487967.6], [698440.5, 5487964.0], [698448.5, 5487964.0]]]}, "properties": {"id": "B061_00", "block": "B061", "kachel": "698_5487", "klasse": "pool", "sicher": true, "notiz": "rechteckiger Pool mit Rand", "flaeche": 28.8}}, {"type": "Feature", "geometry": {"type": "Polygon", "coordinates": [[[698420.2000000001, 5487969.7], [698420.2000000001, 5487973.899999999], [698415.6, 5487973.899999999], [698415.6, 5487969.7], [698420.2000000001, 5487969.7]]]}, "properties": {"id": "B061_01", "block": "B061", "kachel": "698_5487", "klasse": "gartenhaus", "sicher": true, "notiz": "rotes Dach, Laser ~2,5 m, am Hausumring angrenzend", "flaeche": 19.3}}, {"type": "Feature", "geometry": {"type": "Polygon", "coordinates": [[[699067.4779453401, 5487186.904488685], [699067.7045502712, 5487189.4945949], [699063.12205466, 5487189.895511316], [699062.8954497287, 5487187.305405101], [699067.4779453401, 5487186.904488685]]]}, "properties": {"id": "B062_00", "block": "B062", "kachel": "699_5487", "klasse": "gartenhaus", "sicher": false, "notiz": "weißes Objekt am Haus: Pavillon/Markise", "flaeche": 12.0}}, {"type": "Feature", "geometry": {"type": "Polygon", "coordinates": [[[698975.2000000001, 5486111.600000001], [698975.1908509807, 5486111.413767434], [698975.1634920328, 5486111.229328388], [698975.118186638, 5486111.048459114], [698975.0553711118, 5486110.872901479], [698974.9756504023, 5486110.7043462], [698974.8797922634, 5486110.544416558], [698974.7687198614, 5486110.394652761], [698974.6435028843, 5486110.256497117], [698974.5053472399, 5486110.131280139], [698974.3555834428, 5486110.020207738], [698974.1956538, 5486109.924349599], [698974.0270985216, 5486109.844628889], [698973.8515408868, 5486109.781813363], [698973.6706716119, 5486109.736507968], [698973.4862325666, 5486109.70914902], [698973.3, 5486109.7], [698973.1137674334, 5486109.70914902], [698972.9293283882, 5486109.736507968], [698972.7484591133, 5486109.781813363], [698972.5729014785, 5486109.844628889], [698972.4043462, 5486109.924349599], [698972.2444165573, 5486110.020207738], [698972.0946527602, 5486110.131280139], [698971.9564971158, 5486110.256497117], [698971.8312801387, 5486110.394652761], [698971.7202077367, 5486110.544416558], [698971.6243495978, 5486110.7043462], [698971.5446288883, 5486110.872901479], [698971.4818133621, 5486111.048459114], [698971.4365079673, 5486111.229328388], [698971.4091490194, 5486111.413767434], [698971.4, 5486111.600000001], [698971.4091490194, 5486111.786232567], [698971.4365079673, 5486111.970671613], [698971.4818133621, 5486112.151540888], [698971.5446288883, 5486112.327098522], [698971.6243495978, 5486112.495653801], [698971.7202077367, 5486112.655583443], [698971.8312801387, 5486112.8053472405], [698971.9564971158, 5486112.943502884], [698972.0946527602, 5486113.068719862], [698972.2444165573, 5486113.179792264], [698972.4043462, 5486113.2756504025], [698972.5729014785, 5486113.355371112], [698972.7484591133, 5486113.4181866385], [698972.9293283882, 5486113.463492033], [698973.1137674334, 5486113.490850981], [698973.3, 5486113.500000001], [698973.4862325666, 5486113.490850981], [698973.6706716119, 5486113.463492033], [698973.8515408868, 5486113.4181866385], [698974.0270985216, 5486113.355371112], [698974.1956538, 5486113.2756504025], [698974.3555834428, 5486113.179792264], [698974.5053472399, 5486113.068719862], [698974.6435028843, 5486112.943502884], [698974.7687198614, 5486112.8053472405], [698974.8797922634, 5486112.655583443], [698974.9756504023, 5486112.495653801], [698975.0553711118, 5486112.327098522], [698975.118186638, 5486112.151540888], [698975.1634920328, 5486111.970671613], [698975.1908509807, 5486111.786232567], [698975.2000000001, 5486111.600000001]]]}, "properties": {"id": "B063_00", "block": "B063", "kachel": "698_5486", "klasse": "trampolin", "sicher": true, "notiz": "Ring mit Matte, im Laser 2025 nicht sichtbar", "flaeche": 11.3}}, {"type": "Feature", "geometry": {"type": "Polygon", "coordinates": [[[698980.9, 5486161.8], [698980.8922955628, 5486161.643172575], [698980.8692564487, 5486161.487855485], [698980.8311045372, 5486161.335544516], [698980.778207252, 5486161.187706508], [698980.711074023, 5486161.045765221], [698980.6303513797, 5486160.911087627], [698980.5368167254, 5486160.784970745], [698980.43137085, 5486160.66862915], [698980.3150292548, 5486160.563183274], [698980.1889123729, 5486160.46964862], [698980.054234779, 5486160.388925977], [698979.9122934919, 5486160.321792748], [698979.7644554836, 5486160.268895463], [698979.6121445153, 5486160.230743552], [698979.4568274246, 5486160.207704437], [698979.3, 5486160.2], [698979.1431725755, 5486160.207704437], [698978.9878554848, 5486160.230743552], [698978.8355445164, 5486160.268895463], [698978.6877065082, 5486160.321792748], [698978.5457652211, 5486160.388925977], [698978.4110876272, 5486160.46964862], [698978.2849707453, 5486160.563183274], [698978.1686291501, 5486160.66862915], [698978.0631832747, 5486160.784970745], [698977.9696486203, 5486160.911087627], [698977.888925977, 5486161.045765221], [698977.8217927481, 5486161.187706508], [698977.7688954629, 5486161.335544516], [698977.7307435514, 5486161.487855485], [698977.7077044373, 5486161.643172575], [698977.7000000001, 5486161.8], [698977.7077044373, 5486161.9568274245], [698977.7307435514, 5486162.112144515], [698977.7688954629, 5486162.264455483], [698977.8217927481, 5486162.412293492], [698977.888925977, 5486162.5542347785], [698977.9696486203, 5486162.688912373], [698978.0631832747, 5486162.815029254], [698978.1686291501, 5486162.93137085], [698978.2849707453, 5486163.0368167255], [698978.4110876272, 5486163.1303513795], [698978.5457652211, 5486163.211074023], [698978.6877065082, 5486163.278207252], [698978.8355445164, 5486163.331104537], [698978.9878554848, 5486163.369256448], [698979.1431725755, 5486163.392295563], [698979.3, 5486163.399999999], [698979.4568274246, 5486163.392295563], [698979.6121445153, 5486163.369256448], [698979.7644554836, 5486163.331104537], [698979.9122934919, 5486163.278207252], [698980.054234779, 5486163.211074023], [698980.1889123729, 5486163.1303513795], [698980.3150292548, 5486163.0368167255], [698980.43137085, 5486162.93137085], [698980.5368167254, 5486162.815029254], [698980.6303513797, 5486162.688912373], [698980.711074023, 5486162.5542347785], [698980.778207252, 5486162.412293492], [698980.8311045372, 5486162.264455483], [698980.8692564487, 5486162.112144515], [698980.8922955628, 5486161.9568274245], [698980.9, 5486161.8]]]}, "properties": {"id": "B063_01", "block": "B063", "kachel": "698_5486", "klasse": "trampolin", "sicher": false, "notiz": "dunkler Ring: Trampolin oder Pool", "flaeche": 8.0}}, {"type": "Feature", "geometry": {"type": "Polygon", "coordinates": [[[698982.0758330252, 5486140.843782216], [698981.375833025, 5486142.056217781], [698979.124166975, 5486140.756217781], [698979.8241669752, 5486139.5437822165], [698982.0758330252, 5486140.843782216]]]}, "properties": {"id": "B063_02", "block": "B063", "kachel": "698_5486", "klasse": "pool", "sicher": false, "notiz": "kleine helle Wanne/Planschbecken", "flaeche": 3.6}}, {"type": "Feature", "geometry": {"type": "Polygon", "coordinates": [[[698988.7000000001, 5486251.100000001], [698988.7000000001, 5486255.3], [698984.7000000001, 5486255.3], [698984.7000000001, 5486251.100000001], [698988.7000000001, 5486251.100000001]]]}, "properties": {"id": "B065_00", "block": "B065", "kachel": "698_5486", "klasse": "gartenhaus", "sicher": true, "notiz": "rotes Dach, Laser ~2,5 m, nicht im Hausumring", "flaeche": 16.8}}, {"type": "Feature", "geometry": {"type": "Polygon", "coordinates": [[[699429.8814329959, 5486527.503535007], [699427.310282557, 5486530.567712779], [699425.3185670048, 5486528.896464994], [699427.8897174436, 5486525.832287222], [699429.8814329959, 5486527.503535007]]]}, "properties": {"id": "B066_00", "block": "B066", "kachel": "699_5486", "klasse": "gartenhaus", "sicher": false, "notiz": "roter Pavillon zwischen Wohnblocks", "flaeche": 10.4}}, {"type": "Feature", "geometry": {"type": "Polygon", "coordinates": [[[698255.4, 5486043.4], [698255.4, 5486049.4], [698252.4, 5486049.4], [698252.4, 5486043.4], [698255.4, 5486043.4]]]}, "properties": {"id": "B067_00", "block": "B067", "kachel": "698_5486", "klasse": "gartenhaus", "sicher": false, "notiz": "nur im Laser ~2,5 m, unter Baumkronen", "flaeche": 18.0}}, {"type": "Feature", "geometry": {"type": "Polygon", "coordinates": [[[698735.619768081, 5486228.88512055], [698734.1148794505, 5486233.019768082], [698729.9802319191, 5486231.51487945], [698731.4851205498, 5486227.380231919], [698735.619768081, 5486228.88512055]]]}, "properties": {"id": "B068_00", "block": "B068", "kachel": "698_5486", "klasse": "gartenhaus", "sicher": true, "notiz": "rotes Dach im Garten, Laser ~2 m", "flaeche": 19.4}}, {"type": "Feature", "geometry": {"type": "Polygon", "coordinates": [[[698715.0383281268, 5486208.341388459], [698714.5502559675, 5486213.920078768], [698711.5616718731, 5486213.658611541], [698712.0497440326, 5486208.079921232], [698715.0383281268, 5486208.341388459]]]}, "properties": {"id": "B068_01", "block": "B068", "kachel": "698_5486", "klasse": "gartenhaus", "sicher": false, "notiz": "weißes Objekt neben Haus, Laser kaum erhöht: Wohnwagen/Plane?", "flaeche": 16.8}}, {"type": "Feature", "geometry": {"type": "Polygon", "coordinates": [[[698462.8, 5486329.2], [698462.8, 5486332.8], [698455.8, 5486332.8], [698455.8, 5486329.2], [698462.8, 5486329.2]]]}, "properties": {"id": "B069_00", "block": "B069", "kachel": "698_5486", "klasse": "gartenhaus", "sicher": true, "notiz": "weißes Dach, Laser ~2,5 m", "flaeche": 25.2}}, {"type": "Feature", "geometry": {"type": "Polygon", "coordinates": [[[698472.3, 5486329.600000001], [698472.3, 5486332.8], [698468.7, 5486332.8], [698468.7, 5486329.600000001], [698472.3, 5486329.600000001]]]}, "properties": {"id": "B069_01", "block": "B069", "kachel": "698_5486", "klasse": "gartenhaus", "sicher": false, "notiz": "rotes Zeltdach/Pavillon", "flaeche": 11.5}}, {"type": "Feature", "geometry": {"type": "Polygon", "coordinates": [[[698474.6, 5486303.600000001], [698474.5918140353, 5486303.433370862], [698474.5673349767, 5486303.268346453], [698474.5267985708, 5486303.106516049], [698474.4705952053, 5486302.949438166], [698474.3992661494, 5486302.798625548], [698474.3134983409, 5486302.6555306045], [698474.2141177708, 5486302.521531417], [698474.102081528, 5486302.397918473], [698473.9784685831, 5486302.28588223], [698473.8444693962, 5486302.186501659], [698473.7013744527, 5486302.100733851], [698473.550561835, 5486302.029404796], [698473.3934839513, 5486301.9732014295], [698473.2316535475, 5486301.932665024], [698473.0666291385, 5486301.908185965], [698472.9, 5486301.9], [698472.7333708615, 5486301.908185965], [698472.5683464526, 5486301.932665024], [698472.4065160487, 5486301.9732014295], [698472.249438165, 5486302.029404796], [698472.0986255474, 5486302.100733851], [698471.9555306039, 5486302.186501659], [698471.821531417, 5486302.28588223], [698471.697918472, 5486302.397918473], [698471.5858822293, 5486302.521531417], [698471.4865016592, 5486302.6555306045], [698471.4007338507, 5486302.798625548], [698471.3294047947, 5486302.949438166], [698471.2732014293, 5486303.106516049], [698471.2326650233, 5486303.268346453], [698471.2081859647, 5486303.433370862], [698471.2000000001, 5486303.600000001], [698471.2081859647, 5486303.766629139], [698471.2326650233, 5486303.931653548], [698471.2732014293, 5486304.093483952], [698471.3294047947, 5486304.250561835], [698471.4007338507, 5486304.401374453], [698471.4865016592, 5486304.544469397], [698471.5858822293, 5486304.678468584], [698471.697918472, 5486304.802081528], [698471.821531417, 5486304.914117771], [698471.9555306039, 5486305.013498342], [698472.0986255474, 5486305.09926615], [698472.249438165, 5486305.170595205], [698472.4065160487, 5486305.226798572], [698472.5683464526, 5486305.267334977], [698472.7333708615, 5486305.291814036], [698472.9, 5486305.300000001], [698473.0666291385, 5486305.291814036], [698473.2316535475, 5486305.267334977], [698473.3934839513, 5486305.226798572], [698473.550561835, 5486305.170595205], [698473.7013744527, 5486305.09926615], [698473.8444693962, 5486305.013498342], [698473.9784685831, 5486304.914117771], [698474.102081528, 5486304.802081528], [698474.2141177708, 5486304.678468584], [698474.3134983409, 5486304.544469397], [698474.3992661494, 5486304.401374453], [698474.4705952053, 5486304.250561835], [698474.5267985708, 5486304.093483952], [698474.5673349767, 5486303.931653548], [698474.5918140353, 5486303.766629139], [698474.6, 5486303.600000001]]]}, "properties": {"id": "B069_02", "block": "B069", "kachel": "698_5486", "klasse": "pool", "sicher": true, "notiz": "runder Pool mit dunklem Wasser", "flaeche": 9.1}}, {"type": "Feature", "geometry": {"type": "Polygon", "coordinates": [[[698408.01464282, 5487770.410050506], [698407.2899494935, 5487773.11464282], [698404.5853571799, 5487772.389949494], [698405.3100505064, 5487769.6853571795], [698408.01464282, 5487770.410050506]]]}, "properties": {"id": "B072_00", "block": "B072", "kachel": "698_5487", "klasse": "gartenhaus", "sicher": true, "notiz": "türkises Zeltdach, Laser ~2 m", "flaeche": 7.8}}, {"type": "Feature", "geometry": {"type": "Polygon", "coordinates": [[[698428.7948168713, 5487766.711740877], [698429.3504910398, 5487769.863125686], [698425.805183129, 5487770.4882591255], [698425.2495089605, 5487767.336874316], [698428.7948168713, 5487766.711740877]]]}, "properties": {"id": "B072_01", "block": "B072", "kachel": "698_5487", "klasse": "gartenhaus", "sicher": false, "notiz": "weißes Dach/Pavillon im Hof", "flaeche": 11.5}}, {"type": "Feature", "geometry": {"type": "Polygon", "coordinates": [[[698057.7000000001, 5486964.4], [698057.7000000001, 5486966.800000001], [698053.7000000001, 5486966.800000001], [698053.7000000001, 5486964.4], [698057.7000000001, 5486964.4]]]}, "properties": {"id": "B074_00", "block": "B074", "kachel": "698_5486", "klasse": "gartenhaus", "sicher": false, "notiz": "helles Dach im Wald, Laser niedrig: Hütte oder Plane", "flaeche": 9.6}}, {"type": "Feature", "geometry": {"type": "Polygon", "coordinates": [[[698473.4, 5487574.8], [698473.3927770901, 5487574.652974289], [698473.3711779206, 5487574.507364517], [698473.3354105037, 5487574.364572984], [698473.2858192988, 5487574.225974851], [698473.2228818965, 5487574.092904895], [698473.1472044184, 5487573.96664465], [698473.0595156801, 5487573.848410074], [698472.9606601718, 5487573.7393398285], [698472.8515899263, 5487573.64048432], [698472.7333553495, 5487573.5527955815], [698472.6070951052, 5487573.477118103], [698472.4740251485, 5487573.414180701], [698472.3354270159, 5487573.3645894965], [698472.192635483, 5487573.328822079], [698472.0470257105, 5487573.30722291], [698471.9, 5487573.3], [698471.7529742896, 5487573.30722291], [698471.607364517, 5487573.328822079], [698471.4645729841, 5487573.3645894965], [698471.3259748515, 5487573.414180701], [698471.1929048948, 5487573.477118103], [698471.0666446505, 5487573.5527955815], [698470.9484100738, 5487573.64048432], [698470.8393398282, 5487573.7393398285], [698470.74048432, 5487573.848410074], [698470.6527955816, 5487573.96664465], [698470.5771181035, 5487574.092904895], [698470.5141807012, 5487574.225974851], [698470.4645894964, 5487574.364572984], [698470.4288220794, 5487574.507364517], [698470.40722291, 5487574.652974289], [698470.4, 5487574.8], [698470.40722291, 5487574.947025711], [698470.4288220794, 5487575.092635483], [698470.4645894964, 5487575.235427015], [698470.5141807012, 5487575.374025148], [698470.5771181035, 5487575.507095105], [698470.6527955816, 5487575.633355349], [698470.74048432, 5487575.751589926], [698470.8393398282, 5487575.860660171], [698470.9484100738, 5487575.95951568], [698471.0666446505, 5487576.047204418], [698471.1929048948, 5487576.122881897], [698471.3259748515, 5487576.185819299], [698471.4645729841, 5487576.235410503], [698471.607364517, 5487576.2711779205], [698471.7529742896, 5487576.292777089], [698471.9, 5487576.3], [698472.0470257105, 5487576.292777089], [698472.192635483, 5487576.2711779205], [698472.3354270159, 5487576.235410503], [698472.4740251485, 5487576.185819299], [698472.6070951052, 5487576.122881897], [698472.7333553495, 5487576.047204418], [698472.8515899263, 5487575.95951568], [698472.9606601718, 5487575.860660171], [698473.0595156801, 5487575.751589926], [698473.1472044184, 5487575.633355349], [698473.2228818965, 5487575.507095105], [698473.2858192988, 5487575.374025148], [698473.3354105037, 5487575.235427015], [698473.3711779206, 5487575.092635483], [698473.3927770901, 5487574.947025711], [698473.4, 5487574.8]]]}, "properties": {"id": "B075_00", "block": "B075", "kachel": "698_5487", "klasse": "pool", "sicher": true, "notiz": "runder hellblauer Aufstellpool", "flaeche": 7.1}}, {"type": "Feature", "geometry": {"type": "Polygon", "coordinates": [[[698421.9000000001, 5487520.600000001], [698421.8913325081, 5487520.423569148], [698421.8654135048, 5487520.248837421], [698421.8224926044, 5487520.077487581], [698421.7629831586, 5487519.911169822], [698421.6874582759, 5487519.751485874], [698421.5966453023, 5487519.599973581], [698421.4914188161, 5487519.458092089], [698421.3727922062, 5487519.327207794], [698421.2419079116, 5487519.208581185], [698421.1000264195, 5487519.103354698], [698420.9485141264, 5487519.012541724], [698420.7888301783, 5487518.937016842], [698420.6225124191, 5487518.877507396], [698420.4511625797, 5487518.8345864955], [698420.2764308527, 5487518.808667492], [698420.1000000001, 5487518.800000001], [698419.9235691475, 5487518.808667492], [698419.7488374205, 5487518.8345864955], [698419.5774875811, 5487518.877507396], [698419.4111698219, 5487518.937016842], [698419.2514858738, 5487519.012541724], [698419.0999735807, 5487519.103354698], [698418.9580920886, 5487519.208581185], [698418.827207794, 5487519.327207794], [698418.708581184, 5487519.458092089], [698418.6033546979, 5487519.599973581], [698418.5125417243, 5487519.751485874], [698418.4370168416, 5487519.911169822], [698418.3775073958, 5487520.077487581], [698418.3345864954, 5487520.248837421], [698418.3086674921, 5487520.423569148], [698418.3, 5487520.600000001], [698418.3086674921, 5487520.776430853], [698418.3345864954, 5487520.95116258], [698418.3775073958, 5487521.12251242], [698418.4370168416, 5487521.288830179], [698418.5125417243, 5487521.448514127], [698418.6033546979, 5487521.60002642], [698418.708581184, 5487521.741907912], [698418.827207794, 5487521.872792207], [698418.9580920886, 5487521.991418816], [698419.0999735807, 5487522.096645303], [698419.2514858738, 5487522.187458277], [698419.4111698219, 5487522.262983159], [698419.5774875811, 5487522.322492605], [698419.7488374205, 5487522.365413506], [698419.9235691475, 5487522.391332509], [698420.1000000001, 5487522.4], [698420.2764308527, 5487522.391332509], [698420.4511625797, 5487522.365413506], [698420.6225124191, 5487522.322492605], [698420.7888301783, 5487522.262983159], [698420.9485141264, 5487522.187458277], [698421.1000264195, 5487522.096645303], [698421.2419079116, 5487521.991418816], [698421.3727922062, 5487521.872792207], [698421.4914188161, 5487521.741907912], [698421.5966453023, 5487521.60002642], [698421.6874582759, 5487521.448514127], [698421.7629831586, 5487521.288830179], [698421.8224926044, 5487521.12251242], [698421.8654135048, 5487520.95116258], [698421.8913325081, 5487520.776430853], [698421.9000000001, 5487520.600000001]]]}, "properties": {"id": "B075_01", "block": "B075", "kachel": "698_5487", "klasse": "trampolin", "sicher": true, "notiz": "dunkler Ring mit Rand, Laser niedrige Ringstruktur", "flaeche": 10.2}}, {"type": "Feature", "geometry": {"type": "Polygon", "coordinates": [[[699010.4, 5487020.0], [699010.4, 5487023.6], [699005.4, 5487023.6], [699005.4, 5487020.0], [699010.4, 5487020.0]]]}, "properties": {"id": "B078_00", "block": "B078", "kachel": "699_5487", "klasse": "gartenhaus", "sicher": true, "notiz": "rotes Dach unter Bäumen, Laser ~2,5 m", "flaeche": 18.0}}, {"type": "Feature", "geometry": {"type": "Polygon", "coordinates": [[[699067.2071279103, 5487060.104783479], [699068.0963802829, 5487062.547984293], [699066.5928720895, 5487063.095216522], [699065.7036197169, 5487060.652015708], [699067.2071279103, 5487060.104783479]]]}, "properties": {"id": "B078_01", "block": "B078", "kachel": "699_5487", "klasse": "gartenhaus", "sicher": false, "notiz": "kleines weißes Objekt, Gerätebox?", "flaeche": 4.2}}, {"type": "Feature", "geometry": {"type": "Polygon", "coordinates": [[[699090.7000000001, 5487043.4], [699090.7000000001, 5487047.0], [699087.1, 5487047.0], [699087.1, 5487043.4], [699090.7000000001, 5487043.4]]]}, "properties": {"id": "B078_02", "block": "B078", "kachel": "699_5487", "klasse": "gartenhaus", "sicher": false, "notiz": "graues Dach, Laser ~2 m", "flaeche": 13.0}}, {"type": "Feature", "geometry": {"type": "Polygon", "coordinates": [[[699748.5, 5486636.2], [699748.4922955628, 5486636.0431725755], [699748.4692564487, 5486635.887855485], [699748.4311045372, 5486635.735544517], [699748.378207252, 5486635.587706508], [699748.311074023, 5486635.4457652215], [699748.2303513797, 5486635.311087627], [699748.1368167254, 5486635.184970746], [699748.0313708499, 5486635.06862915], [699747.9150292547, 5486634.9631832745], [699747.7889123729, 5486634.8696486205], [699747.654234779, 5486634.788925977], [699747.5122934919, 5486634.721792748], [699747.3644554836, 5486634.668895463], [699747.2121445152, 5486634.630743552], [699747.0568274246, 5486634.607704437], [699746.9, 5486634.600000001], [699746.7431725755, 5486634.607704437], [699746.5878554848, 5486634.630743552], [699746.4355445164, 5486634.668895463], [699746.2877065082, 5486634.721792748], [699746.1457652211, 5486634.788925977], [699746.0110876272, 5486634.8696486205], [699745.8849707453, 5486634.9631832745], [699745.7686291501, 5486635.06862915], [699745.6631832747, 5486635.184970746], [699745.5696486203, 5486635.311087627], [699745.488925977, 5486635.4457652215], [699745.421792748, 5486635.587706508], [699745.3688954628, 5486635.735544517], [699745.3307435514, 5486635.887855485], [699745.3077044373, 5486636.0431725755], [699745.3, 5486636.2], [699745.3077044373, 5486636.356827425], [699745.3307435514, 5486636.512144515], [699745.3688954628, 5486636.664455484], [699745.421792748, 5486636.812293492], [699745.488925977, 5486636.954234779], [699745.5696486203, 5486637.088912373], [699745.6631832747, 5486637.215029255], [699745.7686291501, 5486637.33137085], [699745.8849707453, 5486637.436816726], [699746.0110876272, 5486637.53035138], [699746.1457652211, 5486637.611074023], [699746.2877065082, 5486637.678207252], [699746.4355445164, 5486637.731104537], [699746.5878554848, 5486637.769256448], [699746.7431725755, 5486637.792295563], [699746.9, 5486637.8], [699747.0568274246, 5486637.792295563], [699747.2121445152, 5486637.769256448], [699747.3644554836, 5486637.731104537], [699747.5122934919, 5486637.678207252], [699747.654234779, 5486637.611074023], [699747.7889123729, 5486637.53035138], [699747.9150292547, 5486637.436816726], [699748.0313708499, 5486637.33137085], [699748.1368167254, 5486637.215029255], [699748.2303513797, 5486637.088912373], [699748.311074023, 5486636.954234779], [699748.378207252, 5486636.812293492], [699748.4311045372, 5486636.664455484], [699748.4692564487, 5486636.512144515], [699748.4922955628, 5486636.356827425], [699748.5, 5486636.2]]]}, "properties": {"id": "B080_00", "block": "B080", "kachel": "699_5486", "klasse": "pool", "sicher": true, "notiz": "runder Pool mit blauem Rand", "flaeche": 8.0}}, {"type": "Feature", "geometry": {"type": "Polygon", "coordinates": [[[699751.7000000001, 5486636.5], [699751.7000000001, 5486639.1], [699749.5000000001, 5486639.1], [699749.5000000001, 5486636.5], [699751.7000000001, 5486636.5]]]}, "properties": {"id": "B080_01", "block": "B080", "kachel": "699_5486", "klasse": "gartenhaus", "sicher": false, "notiz": "kleine Hütte neben Pool, Laser ~2 m", "flaeche": 5.7}}, {"type": "Feature", "geometry": {"type": "Polygon", "coordinates": [[[698333.6407480151, 5486384.052059438], [698334.5207327686, 5486387.336207247], [698327.7592519845, 5486389.147940563], [698326.8792672311, 5486385.863792754], [698333.6407480151, 5486384.052059438]]]}, "properties": {"id": "B081_00", "block": "B081", "kachel": "698_5486", "klasse": "pool", "sicher": true, "notiz": "rechteckiger Pool, im Laser keine Echos (Wasser/Abdeckung)", "flaeche": 23.8}}, {"type": "Feature", "geometry": {"type": "Polygon", "coordinates": [[[698303.9, 5486391.8], [698303.8894063988, 5486391.584362291], [698303.8577276169, 5486391.370801291], [698303.8052687387, 5486391.16137371], [698303.7325349716, 5486390.958096448], [698303.6402267816, 5486390.762927179], [698303.5292331472, 5486390.577745487], [698303.4006229974, 5486390.404334774], [698303.2556349187, 5486390.244365081], [698303.0956652252, 5486390.099377003], [698302.9222545127, 5486389.970766853], [698302.7370728211, 5486389.859773219], [698302.5419035513, 5486389.767465028], [698302.33862629, 5486389.694731262], [698302.1291987085, 5486389.642272383], [698301.9156377089, 5486389.610593601], [698301.7000000001, 5486389.6], [698301.4843622913, 5486389.610593601], [698301.2708012917, 5486389.642272383], [698301.0613737102, 5486389.694731262], [698300.8580964488, 5486389.767465028], [698300.662927179, 5486389.859773219], [698300.4777454875, 5486389.970766853], [698300.304334775, 5486390.099377003], [698300.1443650814, 5486390.244365081], [698299.9993770027, 5486390.404334774], [698299.870766853, 5486390.577745487], [698299.7597732185, 5486390.762927179], [698299.6674650286, 5486390.958096448], [698299.5947312615, 5486391.16137371], [698299.5422723832, 5486391.370801291], [698299.5105936014, 5486391.584362291], [698299.5000000001, 5486391.8], [698299.5105936014, 5486392.015637709], [698299.5422723832, 5486392.229198708], [698299.5947312615, 5486392.438626289], [698299.6674650286, 5486392.641903551], [698299.7597732185, 5486392.83707282], [698299.870766853, 5486393.022254513], [698299.9993770027, 5486393.195665225], [698300.1443650814, 5486393.355634918], [698300.304334775, 5486393.500622997], [698300.4777454875, 5486393.629233147], [698300.662927179, 5486393.740226781], [698300.8580964488, 5486393.832534972], [698301.0613737102, 5486393.905268738], [698301.2708012917, 5486393.957727617], [698301.4843622913, 5486393.9894063985], [698301.7000000001, 5486394.0], [698301.9156377089, 5486393.9894063985], [698302.1291987085, 5486393.957727617], [698302.33862629, 5486393.905268738], [698302.5419035513, 5486393.832534972], [698302.7370728211, 5486393.740226781], [698302.9222545127, 5486393.629233147], [698303.0956652252, 5486393.500622997], [698303.2556349187, 5486393.355634918], [698303.4006229974, 5486393.195665225], [698303.5292331472, 5486393.022254513], [698303.6402267816, 5486392.83707282], [698303.7325349716, 5486392.641903551], [698303.8052687387, 5486392.438626289], [698303.8577276169, 5486392.229198708], [698303.8894063988, 5486392.015637709], [698303.9, 5486391.8]]]}, "properties": {"id": "B081_01", "block": "B081", "kachel": "698_5486", "klasse": "pool", "sicher": true, "notiz": "runder Pool am Blockrand (Mittelpunkt im Block)", "flaeche": 15.2}}, {"type": "Feature", "geometry": {"type": "Polygon", "coordinates": [[[698320.0, 5486332.100000001], [698320.0, 5486335.100000001], [698315.0, 5486335.100000001], [698315.0, 5486332.100000001], [698320.0, 5486332.100000001]]]}, "properties": {"id": "B081_02", "block": "B081", "kachel": "698_5486", "klasse": "gartenhaus", "sicher": true, "notiz": "Hütte am Weg, Laser ~2 m", "flaeche": 15.0}}, {"type": "Feature", "geometry": {"type": "Polygon", "coordinates": [[[698110.1000000001, 5486475.2], [698110.091332508, 5486475.023569148], [698110.0654135047, 5486474.84883742], [698110.0224926043, 5486474.677487581], [698109.9629831585, 5486474.511169822], [698109.8874582759, 5486474.351485874], [698109.7966453022, 5486474.19997358], [698109.6914188161, 5486474.058092088], [698109.5727922062, 5486473.927207794], [698109.4419079116, 5486473.808581185], [698109.3000264195, 5486473.703354698], [698109.1485141263, 5486473.612541724], [698108.9888301783, 5486473.537016842], [698108.8225124191, 5486473.477507396], [698108.6511625797, 5486473.434586495], [698108.4764308527, 5486473.408667492], [698108.3, 5486473.4], [698108.1235691474, 5486473.408667492], [698107.9488374204, 5486473.434586495], [698107.777487581, 5486473.477507396], [698107.6111698218, 5486473.537016842], [698107.4514858738, 5486473.612541724], [698107.2999735806, 5486473.703354698], [698107.1580920885, 5486473.808581185], [698107.0272077939, 5486473.927207794], [698106.908581184, 5486474.058092088], [698106.8033546979, 5486474.19997358], [698106.7125417242, 5486474.351485874], [698106.6370168416, 5486474.511169822], [698106.5775073958, 5486474.677487581], [698106.5345864954, 5486474.84883742], [698106.5086674921, 5486475.023569148], [698106.5, 5486475.2], [698106.5086674921, 5486475.376430852], [698106.5345864954, 5486475.55116258], [698106.5775073958, 5486475.722512419], [698106.6370168416, 5486475.888830178], [698106.7125417242, 5486476.048514127], [698106.8033546979, 5486476.20002642], [698106.908581184, 5486476.341907912], [698107.0272077939, 5486476.472792206], [698107.1580920885, 5486476.591418816], [698107.2999735806, 5486476.696645303], [698107.4514858738, 5486476.787458276], [698107.6111698218, 5486476.862983159], [698107.777487581, 5486476.922492605], [698107.9488374204, 5486476.965413505], [698108.1235691474, 5486476.991332509], [698108.3, 5486477.0], [698108.4764308527, 5486476.991332509], [698108.6511625797, 5486476.965413505], [698108.8225124191, 5486476.922492605], [698108.9888301783, 5486476.862983159], [698109.1485141263, 5486476.787458276], [698109.3000264195, 5486476.696645303], [698109.4419079116, 5486476.591418816], [698109.5727922062, 5486476.472792206], [698109.6914188161, 5486476.341907912], [698109.7966453022, 5486476.20002642], [698109.8874582759, 5486476.048514127], [698109.9629831585, 5486475.888830178], [698110.0224926043, 5486475.722512419], [698110.0654135047, 5486475.55116258], [698110.091332508, 5486475.376430852], [698110.1000000001, 5486475.2]]]}, "properties": {"id": "B082_00", "block": "B082", "kachel": "698_5486", "klasse": "trampolin", "sicher": false, "notiz": "nur im Laser 2025 runde Struktur ~1 m, im DOP 2023 Rasen", "flaeche": 10.2}}, {"type": "Feature", "geometry": {"type": "Polygon", "coordinates": [[[698540.8875154562, 5486729.137330842], [698542.6082447653, 5486731.594786975], [698538.5124845437, 5486734.4626691565], [698536.7917552346, 5486732.005213024], [698540.8875154562, 5486729.137330842]]]}, "properties": {"id": "B083_00", "block": "B083", "kachel": "698_5486", "klasse": "gewaechshaus", "sicher": true, "notiz": "hellgrünes durchscheinendes Dach (Kleingarten), Laser schwach", "flaeche": 15.0}}, {"type": "Feature", "geometry": {"type": "Polygon", "coordinates": [[[698532.8745699257, 5486723.1305918265], [698534.3658686599, 5486725.260387141], [698530.9254300736, 5486727.669408173], [698529.4341313394, 5486725.539612859], [698532.8745699257, 5486723.1305918265]]]}, "properties": {"id": "B083_01", "block": "B083", "kachel": "698_5486", "klasse": "gewaechshaus", "sicher": true, "notiz": "hellgrünes durchscheinendes Dach (Kleingarten)", "flaeche": 10.9}}, {"type": "Feature", "geometry": {"type": "Polygon", "coordinates": [[[698551.7926547213, 5486722.38794947], [698553.2839534555, 5486724.517744785], [698550.0073452785, 5486726.812050531], [698548.5160465443, 5486724.682255216], [698551.7926547213, 5486722.38794947]]]}, "properties": {"id": "B083_02", "block": "B083", "kachel": "698_5486", "klasse": "gewaechshaus", "sicher": true, "notiz": "hellgrünes durchscheinendes Dach (Kleingarten)", "flaeche": 10.4}}, {"type": "Feature", "geometry": {"type": "Polygon", "coordinates": [[[698540.5877592207, 5486722.615612531], [698539.2771159501, 5486723.533334829], [698537.2122407791, 5486720.584387469], [698538.5228840497, 5486719.666665171], [698540.5877592207, 5486722.615612531]]]}, "properties": {"id": "B083_03", "block": "B083", "kachel": "698_5486", "klasse": "gewaechshaus", "sicher": false, "notiz": "schmales helles Dach", "flaeche": 5.8}}, {"type": "Feature", "geometry": {"type": "Polygon", "coordinates": [[[698506.4288243128, 5486750.302664758], [698507.920123047, 5486752.432460072], [698504.9711756876, 5486754.497335243], [698503.4798769534, 5486752.367539928], [698506.4288243128, 5486750.302664758]]]}, "properties": {"id": "B083_04", "block": "B083", "kachel": "698_5486", "klasse": "gewaechshaus", "sicher": false, "notiz": "helles Dach, Gewächshaus oder Laube", "flaeche": 9.4}}, {"type": "Feature", "geometry": {"type": "Polygon", "coordinates": [[[698537.0779394342, 5486722.42411906], [698538.7986687433, 5486724.881575193], [698535.5220605659, 5486727.175880939], [698533.8013312572, 5486724.718424805], [698537.0779394342, 5486722.42411906]]]}, "properties": {"id": "B083_05", "block": "B083", "kachel": "698_5486", "klasse": "gartenhaus", "sicher": true, "notiz": "Gartenlaube im Kleingarten, Laser ~2 m", "flaeche": 12.0}}, {"type": "Feature", "geometry": {"type": "Polygon", "coordinates": [[[698531.9141090254, 5486727.938834349], [698533.6348383345, 5486730.396290481], [698530.6858909747, 5486732.461165652], [698528.9651616656, 5486730.003709519], [698531.9141090254, 5486727.938834349]]]}, "properties": {"id": "B083_06", "block": "B083", "kachel": "698_5486", "klasse": "gartenhaus", "sicher": false, "notiz": "Laube im Kleingarten", "flaeche": 10.8}}, {"type": "Feature", "geometry": {"type": "Polygon", "coordinates": [[[698521.1000000001, 5486712.0], [698521.1000000001, 5486715.6], [698517.5, 5486715.6], [698517.5, 5486712.0], [698521.1000000001, 5486712.0]]]}, "properties": {"id": "B083_07", "block": "B083", "kachel": "698_5486", "klasse": "gartenhaus", "sicher": false, "notiz": "rotes Dach unter Bäumen, Laser ~2,5 m", "flaeche": 13.0}}, {"type": "Feature", "geometry": {"type": "Polygon", "coordinates": [[[698364.9, 5486150.2], [698364.8903694534, 5486150.00396572], [698364.8615705608, 5486149.809819357], [698364.8138806715, 5486149.619430645], [698364.747759065, 5486149.434633136], [698364.6638425287, 5486149.257206527], [698364.5629392246, 5486149.088859534], [698364.4460209068, 5486148.931213432], [698364.3142135624, 5486148.785786438], [698364.1687865683, 5486148.653979094], [698364.0111404661, 5486148.537060776], [698363.8427934736, 5486148.4361574715], [698363.6653668648, 5486148.352240935], [698363.4805693545, 5486148.286119329], [698363.290180644, 5486148.238429439], [698363.0960342807, 5486148.209630547], [698362.9, 5486148.2], [698362.7039657193, 5486148.209630547], [698362.509819356, 5486148.238429439], [698362.3194306456, 5486148.286119329], [698362.1346331353, 5486148.352240935], [698361.9572065264, 5486148.4361574715], [698361.788859534, 5486148.537060776], [698361.6312134317, 5486148.653979094], [698361.4857864376, 5486148.785786438], [698361.3539790933, 5486148.931213432], [698361.2370607754, 5486149.088859534], [698361.1361574713, 5486149.257206527], [698361.052240935, 5486149.434633136], [698360.9861193285, 5486149.619430645], [698360.9384294392, 5486149.809819357], [698360.9096305467, 5486150.00396572], [698360.9, 5486150.2], [698360.9096305467, 5486150.396034281], [698360.9384294392, 5486150.590180644], [698360.9861193285, 5486150.780569355], [698361.052240935, 5486150.965366865], [698361.1361574713, 5486151.142793474], [698361.2370607754, 5486151.3111404665], [698361.3539790933, 5486151.468786568], [698361.4857864376, 5486151.614213563], [698361.6312134317, 5486151.746020907], [698361.788859534, 5486151.862939225], [698361.9572065264, 5486151.963842529], [698362.1346331353, 5486152.047759065], [698362.3194306456, 5486152.113880672], [698362.509819356, 5486152.161570561], [698362.7039657193, 5486152.190369453], [698362.9, 5486152.2], [698363.0960342807, 5486152.190369453], [698363.290180644, 5486152.161570561], [698363.4805693545, 5486152.113880672], [698363.6653668648, 5486152.047759065], [698363.8427934736, 5486151.963842529], [698364.0111404661, 5486151.862939225], [698364.1687865683, 5486151.746020907], [698364.3142135624, 5486151.614213563], [698364.4460209068, 5486151.468786568], [698364.5629392246, 5486151.3111404665], [698364.6638425287, 5486151.142793474], [698364.747759065, 5486150.965366865], [698364.8138806715, 5486150.780569355], [698364.8615705608, 5486150.590180644], [698364.8903694534, 5486150.396034281], [698364.9, 5486150.2]]]}, "properties": {"id": "B084_00", "block": "B084", "kachel": "698_5486", "klasse": "trampolin", "sicher": true, "notiz": "dunkle runde Matte mit Rand, Laser flacher Ring", "flaeche": 12.5}}, {"type": "Feature", "geometry": {"type": "Polygon", "coordinates": [[[699556.2587535735, 5486787.0982792], [699555.2326931437, 5486789.917357061], [699553.5412464261, 5486789.301720803], [699554.5673068559, 5486786.482642941], [699556.2587535735, 5486787.0982792]]]}, "properties": {"id": "B087_00", "block": "B087", "kachel": "699_5486", "klasse": "gartenhaus", "sicher": false, "notiz": "weiße Objekte am Hang: Gerätebox/Zelt", "flaeche": 5.4}}, {"type": "Feature", "geometry": {"type": "Polygon", "coordinates": [[[699327.8, 5487187.8], [699327.7918140354, 5487187.633370861], [699327.7673349768, 5487187.468346452], [699327.7267985708, 5487187.3065160485], [699327.6705952054, 5487187.149438165], [699327.5992661495, 5487186.998625548], [699327.513498341, 5487186.855530604], [699327.4141177709, 5487186.721531416], [699327.3020815281, 5487186.597918472], [699327.1784685832, 5487186.485882229], [699327.0444693962, 5487186.386501659], [699326.9013744527, 5487186.30073385], [699326.7505618351, 5487186.229404795], [699326.5934839514, 5487186.173201429], [699326.4316535476, 5487186.132665023], [699326.2666291386, 5487186.108185965], [699326.1000000001, 5487186.1], [699325.9333708616, 5487186.108185965], [699325.7683464526, 5487186.132665023], [699325.6065160488, 5487186.173201429], [699325.4494381651, 5487186.229404795], [699325.2986255474, 5487186.30073385], [699325.155530604, 5487186.386501659], [699325.021531417, 5487186.485882229], [699324.8979184721, 5487186.597918472], [699324.7858822293, 5487186.721531416], [699324.6865016592, 5487186.855530604], [699324.6007338507, 5487186.998625548], [699324.5294047948, 5487187.149438165], [699324.4732014294, 5487187.3065160485], [699324.4326650234, 5487187.468346452], [699324.4081859648, 5487187.633370861], [699324.4000000001, 5487187.8], [699324.4081859648, 5487187.966629138], [699324.4326650234, 5487188.131653547], [699324.4732014294, 5487188.293483951], [699324.5294047948, 5487188.4505618345], [699324.6007338507, 5487188.601374452], [699324.6865016592, 5487188.744469396], [699324.7858822293, 5487188.878468583], [699324.8979184721, 5487189.002081527], [699325.021531417, 5487189.11411777], [699325.155530604, 5487189.213498341], [699325.2986255474, 5487189.299266149], [699325.4494381651, 5487189.370595205], [699325.6065160488, 5487189.426798571], [699325.7683464526, 5487189.467334976], [699325.9333708616, 5487189.491814035], [699326.1000000001, 5487189.5], [699326.2666291386, 5487189.491814035], [699326.4316535476, 5487189.467334976], [699326.5934839514, 5487189.426798571], [699326.7505618351, 5487189.370595205], [699326.9013744527, 5487189.299266149], [699327.0444693962, 5487189.213498341], [699327.1784685832, 5487189.11411777], [699327.3020815281, 5487189.002081527], [699327.4141177709, 5487188.878468583], [699327.513498341, 5487188.744469396], [699327.5992661495, 5487188.601374452], [699327.6705952054, 5487188.4505618345], [699327.7267985708, 5487188.293483951], [699327.7673349768, 5487188.131653547], [699327.7918140354, 5487187.966629138], [699327.8, 5487187.8]]]}, "properties": {"id": "B089_00", "block": "B089", "kachel": "699_5487", "klasse": "pool", "sicher": true, "notiz": "runder Pool", "flaeche": 9.1}}, {"type": "Feature", "geometry": {"type": "Polygon", "coordinates": [[[699368.6624355654, 5487171.000961895], [699367.1624355654, 5487173.599038106], [699364.7375644345, 5487172.199038106], [699366.2375644345, 5487169.600961895], [699368.6624355654, 5487171.000961895]]]}, "properties": {"id": "B089_01", "block": "B089", "kachel": "699_5487", "klasse": "gartenhaus", "sicher": false, "notiz": "weißes Dach am Waldrand, Laser ~1,5 m", "flaeche": 8.4}}, {"type": "Feature", "geometry": {"type": "Polygon", "coordinates": [[[699016.3, 5486946.2], [699016.2922955628, 5486946.0431725755], [699016.2692564487, 5486945.887855485], [699016.2311045373, 5486945.735544517], [699016.178207252, 5486945.587706508], [699016.1110740231, 5486945.4457652215], [699016.0303513798, 5486945.311087627], [699015.9368167254, 5486945.184970746], [699015.83137085, 5486945.06862915], [699015.7150292548, 5486944.9631832745], [699015.588912373, 5486944.8696486205], [699015.454234779, 5486944.788925977], [699015.3122934919, 5486944.721792748], [699015.1644554837, 5486944.668895463], [699015.0121445153, 5486944.630743552], [699014.8568274246, 5486944.607704437], [699014.7000000001, 5486944.600000001], [699014.5431725755, 5486944.607704437], [699014.3878554848, 5486944.630743552], [699014.2355445165, 5486944.668895463], [699014.0877065082, 5486944.721792748], [699013.9457652211, 5486944.788925977], [699013.8110876272, 5486944.8696486205], [699013.6849707454, 5486944.9631832745], [699013.5686291502, 5486945.06862915], [699013.4631832747, 5486945.184970746], [699013.3696486204, 5486945.311087627], [699013.2889259771, 5486945.4457652215], [699013.2217927481, 5486945.587706508], [699013.1688954629, 5486945.735544517], [699013.1307435514, 5486945.887855485], [699013.1077044373, 5486946.0431725755], [699013.1000000001, 5486946.2], [699013.1077044373, 5486946.356827425], [699013.1307435514, 5486946.512144515], [699013.1688954629, 5486946.664455484], [699013.2217927481, 5486946.812293492], [699013.2889259771, 5486946.954234779], [699013.3696486204, 5486947.088912373], [699013.4631832747, 5486947.215029255], [699013.5686291502, 5486947.33137085], [699013.6849707454, 5486947.436816726], [699013.8110876272, 5486947.53035138], [699013.9457652211, 5486947.611074023], [699014.0877065082, 5486947.678207252], [699014.2355445165, 5486947.731104537], [699014.3878554848, 5486947.769256448], [699014.5431725755, 5486947.792295563], [699014.7000000001, 5486947.8], [699014.8568274246, 5486947.792295563], [699015.0121445153, 5486947.769256448], [699015.1644554837, 5486947.731104537], [699015.3122934919, 5486947.678207252], [699015.454234779, 5486947.611074023], [699015.588912373, 5486947.53035138], [699015.7150292548, 5486947.436816726], [699015.83137085, 5486947.33137085], [699015.9368167254, 5486947.215029255], [699016.0303513798, 5486947.088912373], [699016.1110740231, 5486946.954234779], [699016.178207252, 5486946.812293492], [699016.2311045373, 5486946.664455484], [699016.2692564487, 5486946.512144515], [699016.2922955628, 5486946.356827425], [699016.3, 5486946.2]]]}, "properties": {"id": "B090_00", "block": "B090", "kachel": "699_5486", "klasse": "pool", "sicher": true, "notiz": "runder dunkler Pool in heller Umrandung", "flaeche": 8.0}}, {"type": "Feature", "geometry": {"type": "Polygon", "coordinates": [[[699098.9, 5486945.0], [699098.8922955628, 5486944.843172575], [699098.8692564487, 5486944.687855485], [699098.8311045372, 5486944.5355445165], [699098.778207252, 5486944.387706508], [699098.711074023, 5486944.245765221], [699098.6303513797, 5486944.111087627], [699098.5368167254, 5486943.984970746], [699098.43137085, 5486943.86862915], [699098.3150292548, 5486943.763183274], [699098.1889123729, 5486943.66964862], [699098.054234779, 5486943.588925977], [699097.9122934919, 5486943.521792748], [699097.7644554836, 5486943.468895463], [699097.6121445153, 5486943.430743552], [699097.4568274246, 5486943.407704437], [699097.3, 5486943.4], [699097.1431725755, 5486943.407704437], [699096.9878554848, 5486943.430743552], [699096.8355445164, 5486943.468895463], [699096.6877065082, 5486943.521792748], [699096.5457652211, 5486943.588925977], [699096.4110876272, 5486943.66964862], [699096.2849707453, 5486943.763183274], [699096.1686291501, 5486943.86862915], [699096.0631832747, 5486943.984970746], [699095.9696486203, 5486944.111087627], [699095.888925977, 5486944.245765221], [699095.8217927481, 5486944.387706508], [699095.7688954629, 5486944.5355445165], [699095.7307435514, 5486944.687855485], [699095.7077044373, 5486944.843172575], [699095.7000000001, 5486945.0], [699095.7077044373, 5486945.156827425], [699095.7307435514, 5486945.312144515], [699095.7688954629, 5486945.4644554835], [699095.8217927481, 5486945.612293492], [699095.888925977, 5486945.754234779], [699095.9696486203, 5486945.888912373], [699096.0631832747, 5486946.015029254], [699096.1686291501, 5486946.13137085], [699096.2849707453, 5486946.236816726], [699096.4110876272, 5486946.33035138], [699096.5457652211, 5486946.411074023], [699096.6877065082, 5486946.478207252], [699096.8355445164, 5486946.531104537], [699096.9878554848, 5486946.569256448], [699097.1431725755, 5486946.592295563], [699097.3, 5486946.6], [699097.4568274246, 5486946.592295563], [699097.6121445153, 5486946.569256448], [699097.7644554836, 5486946.531104537], [699097.9122934919, 5486946.478207252], [699098.054234779, 5486946.411074023], [699098.1889123729, 5486946.33035138], [699098.3150292548, 5486946.236816726], [699098.43137085, 5486946.13137085], [699098.5368167254, 5486946.015029254], [699098.6303513797, 5486945.888912373], [699098.711074023, 5486945.754234779], [699098.778207252, 5486945.612293492], [699098.8311045372, 5486945.4644554835], [699098.8692564487, 5486945.312144515], [699098.8922955628, 5486945.156827425], [699098.9, 5486945.0]]]}, "properties": {"id": "B090_01", "block": "B090", "kachel": "699_5486", "klasse": "pool", "sicher": true, "notiz": "runder Pool mit blauem Rand", "flaeche": 8.0}}, {"type": "Feature", "geometry": {"type": "Polygon", "coordinates": [[[699754.8, 5486472.4], [699754.7908509807, 5486472.213767434], [699754.7634920328, 5486472.029328388], [699754.718186638, 5486471.848459113], [699754.6553711118, 5486471.672901479], [699754.5756504022, 5486471.5043462], [699754.4797922634, 5486471.344416558], [699754.3687198614, 5486471.19465276], [699754.2435028843, 5486471.056497117], [699754.1053472399, 5486470.931280139], [699753.9555834428, 5486470.820207737], [699753.7956538, 5486470.724349598], [699753.6270985216, 5486470.644628889], [699753.4515408868, 5486470.581813362], [699753.2706716119, 5486470.536507968], [699753.0862325666, 5486470.50914902], [699752.9, 5486470.5], [699752.7137674334, 5486470.50914902], [699752.5293283882, 5486470.536507968], [699752.3484591133, 5486470.581813362], [699752.1729014785, 5486470.644628889], [699752.0043462, 5486470.724349598], [699751.8444165572, 5486470.820207737], [699751.6946527602, 5486470.931280139], [699751.5564971158, 5486471.056497117], [699751.4312801387, 5486471.19465276], [699751.3202077367, 5486471.344416558], [699751.2243495978, 5486471.5043462], [699751.1446288882, 5486471.672901479], [699751.0818133621, 5486471.848459113], [699751.0365079673, 5486472.029328388], [699751.0091490194, 5486472.213767434], [699751.0, 5486472.4], [699751.0091490194, 5486472.586232567], [699751.0365079673, 5486472.770671613], [699751.0818133621, 5486472.951540887], [699751.1446288882, 5486473.127098522], [699751.2243495978, 5486473.2956538005], [699751.3202077367, 5486473.455583443], [699751.4312801387, 5486473.60534724], [699751.5564971158, 5486473.743502884], [699751.6946527602, 5486473.868719862], [699751.8444165572, 5486473.979792263], [699752.0043462, 5486474.075650402], [699752.1729014785, 5486474.155371112], [699752.3484591133, 5486474.218186638], [699752.5293283882, 5486474.263492033], [699752.7137674334, 5486474.290850981], [699752.9, 5486474.300000001], [699753.0862325666, 5486474.290850981], [699753.2706716119, 5486474.263492033], [699753.4515408868, 5486474.218186638], [699753.6270985216, 5486474.155371112], [699753.7956538, 5486474.075650402], [699753.9555834428, 5486473.979792263], [699754.1053472399, 5486473.868719862], [699754.2435028843, 5486473.743502884], [699754.3687198614, 5486473.60534724], [699754.4797922634, 5486473.455583443], [699754.5756504022, 5486473.2956538005], [699754.6553711118, 5486473.127098522], [699754.718186638, 5486472.951540887], [699754.7634920328, 5486472.770671613], [699754.7908509807, 5486472.586232567], [699754.8, 5486472.4]]]}, "properties": {"id": "B092_00", "block": "B092", "kachel": "699_5486", "klasse": "pool", "sicher": true, "notiz": "runder hellblauer Pool (im Laser 2025 Abdeckung, grau)", "flaeche": 11.3}}, {"type": "Feature", "geometry": {"type": "Polygon", "coordinates": [[[698339.8, 5487477.8], [698339.8, 5487483.8], [698334.8, 5487483.8], [698334.8, 5487477.8], [698339.8, 5487477.8]]]}, "properties": {"id": "B093_00", "block": "B093", "kachel": "698_5487", "klasse": "gartenhaus", "sicher": true, "notiz": "helles Flachdach, Laser ~3 m", "flaeche": 30.0}}, {"type": "Feature", "geometry": {"type": "Polygon", "coordinates": [[[698311.9588457264, 5487425.541154274], [698310.1588457266, 5487428.658845727], [698307.0411542731, 5487426.8588457275], [698308.8411542729, 5487423.741154274], [698311.9588457264, 5487425.541154274]]]}, "properties": {"id": "B093_01", "block": "B093", "kachel": "698_5487", "klasse": "gartenhaus", "sicher": false, "notiz": "kleines Dach unter Bäumen, im Laser verdeckt", "flaeche": 13.0}}, {"type": "Feature", "geometry": {"type": "Polygon", "coordinates": [[[699526.6758330248, 5486568.324166975], [699525.375833025, 5486570.575833024], [699523.1241669755, 5486569.275833025], [699524.4241669753, 5486567.024166974], [699526.6758330248, 5486568.324166975]]]}, "properties": {"id": "B094_00", "block": "B094", "kachel": "699_5486", "klasse": "gartenhaus", "sicher": false, "notiz": "weißes Zelt/Pavillon zwischen Reihenhausgärten, Laser nicht erhöht", "flaeche": 6.8}}, {"type": "Feature", "geometry": {"type": "Polygon", "coordinates": [[[699522.6758330248, 5486560.124166976], [699521.375833025, 5486562.375833025], [699519.124166975, 5486561.075833025], [699520.4241669748, 5486558.824166975], [699522.6758330248, 5486560.124166976]]]}, "properties": {"id": "B094_01", "block": "B094", "kachel": "699_5486", "klasse": "gartenhaus", "sicher": false, "notiz": "weißes Zelt/Pavillon, Laser nicht erhöht", "flaeche": 6.8}}, {"type": "Feature", "geometry": {"type": "Polygon", "coordinates": [[[698390.0898791748, 5487570.095132208], [698390.4517292375, 5487572.669829186], [698384.510120825, 5487573.504867791], [698384.1482707626, 5487570.930170814], [698390.0898791748, 5487570.095132208]]]}, "properties": {"id": "B095_00", "block": "B095", "kachel": "698_5487", "klasse": "carport_garage", "sicher": true, "notiz": "Garagenzeile/Carport neben Hausumring, Laser ~2,5 m (keine Zielklasse)", "flaeche": 15.6}}, {"type": "Feature", "geometry": {"type": "Polygon", "coordinates": [[[698317.0, 5487529.6], [698317.0, 5487532.0], [698314.0, 5487532.0], [698314.0, 5487529.6], [698317.0, 5487529.6]]]}, "properties": {"id": "B095_01", "block": "B095", "kachel": "698_5487", "klasse": "pool", "sicher": false, "notiz": "hellblaues Rechteck, Pool oder Plane", "flaeche": 7.2}}, {"type": "Feature", "geometry": {"type": "Polygon", "coordinates": [[[699941.077756813, 5486463.852885683], [699944.0222431861, 5486465.552885683], [699939.5222431861, 5486473.347114318], [699936.577756813, 5486471.647114317], [699941.077756813, 5486463.852885683]]]}, "properties": {"id": "B096_00", "block": "B096", "kachel": "699_5486", "klasse": "pool", "sicher": true, "notiz": "großer rechteckiger Pool, Laser ohne Echo (Wasser)", "flaeche": 30.6}}, {"type": "Feature", "geometry": {"type": "Polygon", "coordinates": [[[698359.7000000001, 5486020.2], [698359.6932586174, 5486020.062776004], [698359.6730993926, 5486019.92687355], [698359.63971647, 5486019.793601452], [698359.5934313455, 5486019.664243195], [698359.5346897701, 5486019.5400445685], [698359.4640574573, 5486019.4222016735], [698359.3822146348, 5486019.311849402], [698359.2899494937, 5486019.2100505065], [698359.1881505979, 5486019.117785365], [698359.0777983263, 5486019.035942543], [698358.9599554316, 5486018.96531023], [698358.8357568054, 5486018.906568655], [698358.7063985482, 5486018.86028353], [698358.5731264509, 5486018.826900608], [698358.4372239965, 5486018.806741383], [698358.3, 5486018.8], [698358.1627760036, 5486018.806741383], [698358.0268735492, 5486018.826900608], [698357.8936014519, 5486018.86028353], [698357.7642431947, 5486018.906568655], [698357.6400445685, 5486018.96531023], [698357.5222016738, 5486019.035942543], [698357.4118494022, 5486019.117785365], [698357.3100505064, 5486019.2100505065], [698357.2177853653, 5486019.311849402], [698357.1359425428, 5486019.4222016735], [698357.06531023, 5486019.5400445685], [698357.0065686546, 5486019.664243195], [698356.9602835301, 5486019.793601452], [698356.9269006075, 5486019.92687355], [698356.9067413827, 5486020.062776004], [698356.9, 5486020.2], [698356.9067413827, 5486020.337223996], [698356.9269006075, 5486020.473126451], [698356.9602835301, 5486020.606398548], [698357.0065686546, 5486020.735756805], [698357.06531023, 5486020.859955432], [698357.1359425428, 5486020.977798327], [698357.2177853653, 5486021.088150598], [698357.3100505064, 5486021.189949494], [698357.4118494022, 5486021.282214635], [698357.5222016738, 5486021.364057457], [698357.6400445685, 5486021.43468977], [698357.7642431947, 5486021.493431346], [698357.8936014519, 5486021.53971647], [698358.0268735492, 5486021.5730993925], [698358.1627760036, 5486021.593258617], [698358.3, 5486021.600000001], [698358.4372239965, 5486021.593258617], [698358.5731264509, 5486021.5730993925], [698358.7063985482, 5486021.53971647], [698358.8357568054, 5486021.493431346], [698358.9599554316, 5486021.43468977], [698359.0777983263, 5486021.364057457], [698359.1881505979, 5486021.282214635], [698359.2899494937, 5486021.189949494], [698359.3822146348, 5486021.088150598], [698359.4640574573, 5486020.977798327], [698359.5346897701, 5486020.859955432], [698359.5934313455, 5486020.735756805], [698359.63971647, 5486020.606398548], [698359.6730993926, 5486020.473126451], [698359.6932586174, 5486020.337223996], [698359.7000000001, 5486020.2]]]}, "properties": {"id": "B099_00", "block": "B099", "kachel": "698_5486", "klasse": "pool", "sicher": false, "notiz": "heller Ring ohne Wasser sichtbar: leerer Pool oder Trampolinrahmen", "flaeche": 6.1}}, {"type": "Feature", "geometry": {"type": "Polygon", "coordinates": [[[698369.2000000001, 5486008.9], [698369.2000000001, 5486013.9], [698364.6, 5486013.9], [698364.6, 5486008.9], [698369.2000000001, 5486008.9]]]}, "properties": {"id": "B099_01", "block": "B099", "kachel": "698_5486", "klasse": "carport_garage", "sicher": true, "notiz": "blaues Dach neben Haus, Laser ~2,5 m (keine Zielklasse)", "flaeche": 23.0}}, {"type": "Feature", "geometry": {"type": "Polygon", "coordinates": [[[698322.9, 5486023.4], [698322.9, 5486025.800000001], [698318.5000000001, 5486025.800000001], [698318.5000000001, 5486023.4], [698322.9, 5486023.4]]]}, "properties": {"id": "B099_02", "block": "B099", "kachel": "698_5486", "klasse": "gartenhaus", "sicher": true, "notiz": "weißes Dach mit rotem Rand, Laser ~2 m", "flaeche": 10.6}}, {"type": "Feature", "geometry": {"type": "Polygon", "coordinates": [[[698562.8588457268, 5486584.767949194], [698560.8588457268, 5486588.232050808], [698557.7411542733, 5486586.432050807], [698559.7411542733, 5486582.967949193], [698562.8588457268, 5486584.767949194]]]}, "properties": {"id": "B101_00", "block": "B101", "kachel": "698_5486", "klasse": "gartenhaus", "sicher": false, "notiz": "weißes Dach im DOP 2023, im Laser 2025 kaum erhöht (abgebaut?)", "flaeche": 14.4}}, {"type": "Feature", "geometry": {"type": "Polygon", "coordinates": [[[698919.5176641054, 5487240.953486334], [698916.9465136665, 5487244.017664106], [698913.882335894, 5487241.446513667], [698916.4534863329, 5487238.382335895], [698919.5176641054, 5487240.953486334]]]}, "properties": {"id": "B102_00", "block": "B102", "kachel": "698_5487", "klasse": "gartenhaus", "sicher": true, "notiz": "rotes Dach, Laser ~2,5 m", "flaeche": 16.0}}, {"type": "Feature", "geometry": {"type": "Polygon", "coordinates": [[[698927.0447096846, 5487231.477926051], [698925.950245226, 5487234.484942437], [698922.7552903153, 5487233.3220739495], [698923.8497547738, 5487230.315057564], [698927.0447096846, 5487231.477926051]]]}, "properties": {"id": "B102_01", "block": "B102", "kachel": "698_5487", "klasse": "gartenhaus", "sicher": true, "notiz": "braunes Dach, Laser ~2,5 m", "flaeche": 10.9}}, {"type": "Feature", "geometry": {"type": "Polygon", "coordinates": [[[698927.2, 5487208.8], [698927.1918140353, 5487208.633370861], [698927.1673349767, 5487208.468346452], [698927.1267985707, 5487208.3065160485], [698927.0705952053, 5487208.149438165], [698926.9992661494, 5487207.998625548], [698926.9134983409, 5487207.855530604], [698926.8141177708, 5487207.721531416], [698926.702081528, 5487207.597918472], [698926.5784685831, 5487207.485882229], [698926.4444693961, 5487207.386501659], [698926.3013744527, 5487207.30073385], [698926.150561835, 5487207.229404795], [698925.9934839513, 5487207.173201429], [698925.8316535475, 5487207.132665023], [698925.6666291385, 5487207.108185965], [698925.5, 5487207.1], [698925.3333708615, 5487207.108185965], [698925.1683464525, 5487207.132665023], [698925.0065160487, 5487207.173201429], [698924.849438165, 5487207.229404795], [698924.6986255473, 5487207.30073385], [698924.5555306039, 5487207.386501659], [698924.4215314169, 5487207.485882229], [698924.297918472, 5487207.597918472], [698924.1858822292, 5487207.721531416], [698924.0865016591, 5487207.855530604], [698924.0007338506, 5487207.998625548], [698923.9294047947, 5487208.149438165], [698923.8732014293, 5487208.3065160485], [698923.8326650233, 5487208.468346452], [698923.8081859647, 5487208.633370861], [698923.8, 5487208.8], [698923.8081859647, 5487208.966629138], [698923.8326650233, 5487209.131653547], [698923.8732014293, 5487209.293483951], [698923.9294047947, 5487209.4505618345], [698924.0007338506, 5487209.601374452], [698924.0865016591, 5487209.744469396], [698924.1858822292, 5487209.878468583], [698924.297918472, 5487210.002081527], [698924.4215314169, 5487210.11411777], [698924.5555306039, 5487210.213498341], [698924.6986255473, 5487210.299266149], [698924.849438165, 5487210.370595205], [698925.0065160487, 5487210.426798571], [698925.1683464525, 5487210.467334976], [698925.3333708615, 5487210.491814035], [698925.5, 5487210.5], [698925.6666291385, 5487210.491814035], [698925.8316535475, 5487210.467334976], [698925.9934839513, 5487210.426798571], [698926.150561835, 5487210.370595205], [698926.3013744527, 5487210.299266149], [698926.4444693961, 5487210.213498341], [698926.5784685831, 5487210.11411777], [698926.702081528, 5487210.002081527], [698926.8141177708, 5487209.878468583], [698926.9134983409, 5487209.744469396], [698926.9992661494, 5487209.601374452], [698927.0705952053, 5487209.4505618345], [698927.1267985707, 5487209.293483951], [698927.1673349767, 5487209.131653547], [698927.1918140353, 5487208.966629138], [698927.2, 5487208.8]]]}, "properties": {"id": "B102_02", "block": "B102", "kachel": "698_5487", "klasse": "pool", "sicher": true, "notiz": "runder Pool mit Rand", "flaeche": 9.1}}, {"type": "Feature", "geometry": {"type": "Polygon", "coordinates": [[[699814.3939564559, 5486057.111947709], [699814.1950798221, 5486060.906739941], [699806.2060435441, 5486060.488052291], [699806.4049201779, 5486056.693260059], [699814.3939564559, 5486057.111947709]]]}, "properties": {"id": "B103_00", "block": "B103", "kachel": "699_5486", "klasse": "pool", "sicher": true, "notiz": "rechteckiger hellblauer Pool, Teil im Bogen", "flaeche": 30.4}}, {"type": "Feature", "geometry": {"type": "Polygon", "coordinates": [[[699851.9037892107, 5486097.522836249], [699851.6771842795, 5486100.112942464], [699846.6962107893, 5486099.677163751], [699846.9228157203, 5486097.0870575365], [699851.9037892107, 5486097.522836249]]]}, "properties": {"id": "B103_01", "block": "B103", "kachel": "699_5486", "klasse": "gartenhaus", "sicher": true, "notiz": "rotes Dach, Laser ~2,5 m", "flaeche": 13.0}}, {"type": "Feature", "geometry": {"type": "Polygon", "coordinates": [[[699843.7088457269, 5486021.227756813], [699842.0088457267, 5486024.172243186], [699838.8911542732, 5486022.3722431855], [699840.5911542734, 5486019.427756812], [699843.7088457269, 5486021.227756813]]]}, "properties": {"id": "B103_02", "block": "B103", "kachel": "699_5486", "klasse": "gartenhaus", "sicher": true, "notiz": "rotes Zeltdach, Laser ~2,5 m", "flaeche": 12.2}}, {"type": "Feature", "geometry": {"type": "Polygon", "coordinates": [[[699850.1000000001, 5486092.5], [699850.1000000001, 5486095.1], [699846.5, 5486095.1], [699846.5, 5486092.5], [699850.1000000001, 5486092.5]]]}, "properties": {"id": "B103_03", "block": "B103", "kachel": "699_5486", "klasse": "gartenhaus", "sicher": false, "notiz": "weißes Dach/Pavillon", "flaeche": 9.4}}, {"type": "Feature", "geometry": {"type": "Polygon", "coordinates": [[[698283.2368434186, 5486455.659764821], [698284.0820799421, 5486457.472380395], [698281.3631565811, 5486458.74023518], [698280.5179200575, 5486456.927619605], [698283.2368434186, 5486455.659764821]]]}, "properties": {"id": "B104_00", "block": "B104", "kachel": "698_5486", "klasse": "pool", "sicher": false, "notiz": "kleine hellblaue Fläche zwischen Terrassen, Pool oder Plane", "flaeche": 6.0}}, {"type": "Feature", "geometry": {"type": "Polygon", "coordinates": [[[699057.1, 5487239.8], [699057.0894063987, 5487239.584362291], [699057.0577276169, 5487239.370801291], [699057.0052687386, 5487239.16137371], [699056.9325349715, 5487238.958096448], [699056.8402267816, 5487238.762927179], [699056.7292331471, 5487238.577745487], [699056.6006229974, 5487238.404334774], [699056.4556349186, 5487238.244365081], [699056.2956652251, 5487238.099377003], [699056.1222545126, 5487237.970766853], [699055.9370728211, 5487237.859773219], [699055.7419035513, 5487237.767465028], [699055.5386262899, 5487237.694731262], [699055.3291987084, 5487237.642272383], [699055.1156377088, 5487237.610593601], [699054.9, 5487237.6], [699054.6843622912, 5487237.610593601], [699054.4708012916, 5487237.642272383], [699054.2613737101, 5487237.694731262], [699054.0580964488, 5487237.767465028], [699053.862927179, 5487237.859773219], [699053.6777454874, 5487237.970766853], [699053.5043347749, 5487238.099377003], [699053.3443650814, 5487238.244365081], [699053.1993770027, 5487238.404334774], [699053.0707668529, 5487238.577745487], [699052.9597732185, 5487238.762927179], [699052.8674650285, 5487238.958096448], [699052.7947312614, 5487239.16137371], [699052.7422723832, 5487239.370801291], [699052.7105936013, 5487239.584362291], [699052.7000000001, 5487239.8], [699052.7105936013, 5487240.015637709], [699052.7422723832, 5487240.229198708], [699052.7947312614, 5487240.438626289], [699052.8674650285, 5487240.641903551], [699052.9597732185, 5487240.83707282], [699053.0707668529, 5487241.022254513], [699053.1993770027, 5487241.195665225], [699053.3443650814, 5487241.355634918], [699053.5043347749, 5487241.500622997], [699053.6777454874, 5487241.629233147], [699053.862927179, 5487241.740226781], [699054.0580964488, 5487241.832534972], [699054.2613737101, 5487241.905268738], [699054.4708012916, 5487241.957727617], [699054.6843622912, 5487241.9894063985], [699054.9, 5487242.0], [699055.1156377088, 5487241.9894063985], [699055.3291987084, 5487241.957727617], [699055.5386262899, 5487241.905268738], [699055.7419035513, 5487241.832534972], [699055.9370728211, 5487241.740226781], [699056.1222545126, 5487241.629233147], [699056.2956652251, 5487241.500622997], [699056.4556349186, 5487241.355634918], [699056.6006229974, 5487241.195665225], [699056.7292331471, 5487241.022254513], [699056.8402267816, 5487240.83707282], [699056.9325349715, 5487240.641903551], [699057.0052687386, 5487240.438626289], [699057.0577276169, 5487240.229198708], [699057.0894063987, 5487240.015637709], [699057.1, 5487239.8]]]}, "properties": {"id": "B107_00", "block": "B107", "kachel": "699_5487", "klasse": "trampolin", "sicher": true, "notiz": "dunkle Matte mit Netz, Laser ohne Höhe in der Mitte", "flaeche": 15.2}}, {"type": "Feature", "geometry": {"type": "Polygon", "coordinates": [[[699057.692928879, 5487251.433166255], [699058.0402252343, 5487253.402781761], [699053.7070711213, 5487254.166833743], [699053.3597747658, 5487252.197218237], [699057.692928879, 5487251.433166255]]]}, "properties": {"id": "B107_01", "block": "B107", "kachel": "699_5487", "klasse": "gartenhaus", "sicher": false, "notiz": "helles Dach neben Haus, Laser ~2 m", "flaeche": 8.8}}, {"type": "Feature", "geometry": {"type": "Polygon", "coordinates": [[[699315.2950144897, 5486750.590463382], [699313.1095366164, 5486753.195014489], [699310.5049855101, 5486751.0095366165], [699312.6904633834, 5486748.40498551], [699315.2950144897, 5486750.590463382]]]}, "properties": {"id": "B109_00", "block": "B109", "kachel": "699_5486", "klasse": "gartenhaus", "sicher": true, "notiz": "rotes Zeltdach, Laser ~2 m", "flaeche": 11.6}}, {"type": "Feature", "geometry": {"type": "Polygon", "coordinates": [[[699361.5088457272, 5486728.427756812], [699359.808845727, 5486731.3722431855], [699356.6911542735, 5486729.572243186], [699358.3911542736, 5486726.627756813], [699361.5088457272, 5486728.427756812]]]}, "properties": {"id": "B109_01", "block": "B109", "kachel": "699_5486", "klasse": "gartenhaus", "sicher": true, "notiz": "rotes Dach, Laser ~2 m", "flaeche": 12.2}}, {"type": "Feature", "geometry": {"type": "Polygon", "coordinates": [[[699340.8, 5486749.0], [699340.7927770901, 5486748.852974289], [699340.7711779206, 5486748.707364517], [699340.7354105037, 5486748.564572984], [699340.6858192988, 5486748.4259748515], [699340.6228818966, 5486748.292904895], [699340.5472044185, 5486748.1666446505], [699340.4595156801, 5486748.048410074], [699340.3606601718, 5486747.939339829], [699340.2515899263, 5486747.84048432], [699340.1333553495, 5486747.752795582], [699340.0070951052, 5486747.677118103], [699339.8740251486, 5486747.614180701], [699339.7354270159, 5486747.564589497], [699339.592635483, 5486747.528822079], [699339.4470257105, 5486747.50722291], [699339.3, 5486747.5], [699339.1529742896, 5486747.50722291], [699339.0073645171, 5486747.528822079], [699338.8645729842, 5486747.564589497], [699338.7259748515, 5486747.614180701], [699338.5929048948, 5486747.677118103], [699338.4666446506, 5486747.752795582], [699338.3484100738, 5486747.84048432], [699338.2393398283, 5486747.939339829], [699338.14048432, 5486748.048410074], [699338.0527955816, 5486748.1666446505], [699337.9771181035, 5486748.292904895], [699337.9141807012, 5486748.4259748515], [699337.8645894964, 5486748.564572984], [699337.8288220795, 5486748.707364517], [699337.80722291, 5486748.852974289], [699337.8, 5486749.0], [699337.80722291, 5486749.147025711], [699337.8288220795, 5486749.292635483], [699337.8645894964, 5486749.435427016], [699337.9141807012, 5486749.5740251485], [699337.9771181035, 5486749.707095105], [699338.0527955816, 5486749.8333553495], [699338.14048432, 5486749.951589926], [699338.2393398283, 5486750.060660171], [699338.3484100738, 5486750.15951568], [699338.4666446506, 5486750.247204418], [699338.5929048948, 5486750.322881897], [699338.7259748515, 5486750.385819299], [699338.8645729842, 5486750.435410503], [699339.0073645171, 5486750.471177921], [699339.1529742896, 5486750.49277709], [699339.3, 5486750.5], [699339.4470257105, 5486750.49277709], [699339.592635483, 5486750.471177921], [699339.7354270159, 5486750.435410503], [699339.8740251486, 5486750.385819299], [699340.0070951052, 5486750.322881897], [699340.1333553495, 5486750.247204418], [699340.2515899263, 5486750.15951568], [699340.3606601718, 5486750.060660171], [699340.4595156801, 5486749.951589926], [699340.5472044185, 5486749.8333553495], [699340.6228818966, 5486749.707095105], [699340.6858192988, 5486749.5740251485], [699340.7354105037, 5486749.435427016], [699340.7711779206, 5486749.292635483], [699340.7927770901, 5486749.147025711], [699340.8, 5486749.0]]]}, "properties": {"id": "B109_02", "block": "B109", "kachel": "699_5486", "klasse": "pool", "sicher": false, "notiz": "weißes rundes Objekt: abgedeckter Pool oder Schirm", "flaeche": 7.1}}, {"type": "Feature", "geometry": {"type": "Polygon", "coordinates": [[[699682.5, 5486375.0], [699682.4922955628, 5486374.843172575], [699682.4692564487, 5486374.687855485], [699682.4311045372, 5486374.5355445165], [699682.378207252, 5486374.387706508], [699682.311074023, 5486374.245765221], [699682.2303513797, 5486374.111087627], [699682.1368167254, 5486373.984970746], [699682.0313708499, 5486373.86862915], [699681.9150292547, 5486373.763183274], [699681.7889123729, 5486373.66964862], [699681.654234779, 5486373.588925977], [699681.5122934919, 5486373.521792748], [699681.3644554836, 5486373.468895463], [699681.2121445152, 5486373.430743552], [699681.0568274246, 5486373.407704437], [699680.9, 5486373.4], [699680.7431725755, 5486373.407704437], [699680.5878554848, 5486373.430743552], [699680.4355445164, 5486373.468895463], [699680.2877065082, 5486373.521792748], [699680.1457652211, 5486373.588925977], [699680.0110876272, 5486373.66964862], [699679.8849707453, 5486373.763183274], [699679.7686291501, 5486373.86862915], [699679.6631832747, 5486373.984970746], [699679.5696486203, 5486374.111087627], [699679.488925977, 5486374.245765221], [699679.421792748, 5486374.387706508], [699679.3688954628, 5486374.5355445165], [699679.3307435514, 5486374.687855485], [699679.3077044373, 5486374.843172575], [699679.3, 5486375.0], [699679.3077044373, 5486375.156827425], [699679.3307435514, 5486375.312144515], [699679.3688954628, 5486375.4644554835], [699679.421792748, 5486375.612293492], [699679.488925977, 5486375.754234779], [699679.5696486203, 5486375.888912373], [699679.6631832747, 5486376.015029254], [699679.7686291501, 5486376.13137085], [699679.8849707453, 5486376.236816726], [699680.0110876272, 5486376.33035138], [699680.1457652211, 5486376.411074023], [699680.2877065082, 5486376.478207252], [699680.4355445164, 5486376.531104537], [699680.5878554848, 5486376.569256448], [699680.7431725755, 5486376.592295563], [699680.9, 5486376.6], [699681.0568274246, 5486376.592295563], [699681.2121445152, 5486376.569256448], [699681.3644554836, 5486376.531104537], [699681.5122934919, 5486376.478207252], [699681.654234779, 5486376.411074023], [699681.7889123729, 5486376.33035138], [699681.9150292547, 5486376.236816726], [699682.0313708499, 5486376.13137085], [699682.1368167254, 5486376.015029254], [699682.2303513797, 5486375.888912373], [699682.311074023, 5486375.754234779], [699682.378207252, 5486375.612293492], [699682.4311045372, 5486375.4644554835], [699682.4692564487, 5486375.312144515], [699682.4922955628, 5486375.156827425], [699682.5, 5486375.0]]]}, "properties": {"id": "B110_00", "block": "B110", "kachel": "699_5486", "klasse": "trampolin", "sicher": true, "notiz": "dunkle Matte mit weißem Rand, im Laser 2025 nicht vorhanden", "flaeche": 8.0}}, {"type": "Feature", "geometry": {"type": "Polygon", "coordinates": [[[699654.6320508078, 5486385.267949193], [699652.6320508078, 5486388.732050808], [699649.1679491925, 5486386.732050808], [699651.1679491925, 5486383.267949193], [699654.6320508078, 5486385.267949193]]]}, "properties": {"id": "B110_01", "block": "B110", "kachel": "699_5486", "klasse": "gartenhaus", "sicher": true, "notiz": "weißes Dach im Garten, Laser ~2,5 m, nicht im Hausumring", "flaeche": 16.0}}, {"type": "Feature", "geometry": {"type": "Polygon", "coordinates": [[[699635.5088457267, 5486367.93493649], [699633.0088457267, 5486372.265063509], [699629.8911542732, 5486370.4650635095], [699632.3911542732, 5486366.13493649], [699635.5088457267, 5486367.93493649]]]}, "properties": {"id": "B110_02", "block": "B110", "kachel": "699_5486", "klasse": "gartenhaus", "sicher": true, "notiz": "rotes Dach, Laser ~2 m", "flaeche": 18.0}}, {"type": "Feature", "geometry": {"type": "Polygon", "coordinates": [[[699616.8856406461, 5486372.214359353], [699615.2856406465, 5486374.985640645], [699612.5143593543, 5486373.385640645], [699614.1143593539, 5486370.614359354], [699616.8856406461, 5486372.214359353]]]}, "properties": {"id": "B110_03", "block": "B110", "kachel": "699_5486", "klasse": "gartenhaus", "sicher": true, "notiz": "rotes Dach, Laser ~2 m", "flaeche": 10.2}}, {"type": "Feature", "geometry": {"type": "Polygon", "coordinates": [[[699631.4722431868, 5486373.4375644345], [699630.0722431864, 5486375.862435565], [699627.1277568133, 5486374.162435566], [699628.5277568137, 5486371.737564435], [699631.4722431868, 5486373.4375644345]]]}, "properties": {"id": "B110_04", "block": "B110", "kachel": "699_5486", "klasse": "gartenhaus", "sicher": false, "notiz": "Dach am Garten, Laser ~2 m", "flaeche": 9.5}}, {"type": "Feature", "geometry": {"type": "Polygon", "coordinates": [[[699630.7490381061, 5486377.850961895], [699629.2490381061, 5486380.449038106], [699626.6509618948, 5486378.949038106], [699628.1509618948, 5486376.350961895], [699630.7490381061, 5486377.850961895]]]}, "properties": {"id": "B110_05", "block": "B110", "kachel": "699_5486", "klasse": "gartenhaus", "sicher": false, "notiz": "kleines Dach, Laser ~1,5 m", "flaeche": 9.0}}, {"type": "Feature", "geometry": {"type": "Polygon", "coordinates": [[[698851.5044769323, 5486509.406097326], [698850.4784165022, 5486512.225175189], [698847.0955230675, 5486510.993902673], [698848.1215834974, 5486508.174824811], [698851.5044769323, 5486509.406097326]]]}, "properties": {"id": "B112_00", "block": "B112", "kachel": "698_5486", "klasse": "gartenhaus", "sicher": false, "notiz": "Dach im Garten, Laser ~2 m, teils verdeckt", "flaeche": 10.8}}, {"type": "Feature", "geometry": {"type": "Polygon", "coordinates": [[[698855.1888811161, 5486504.946154663], [698854.3088963627, 5486508.2303024735], [698851.4111188839, 5486507.453845338], [698852.2911036373, 5486504.169697528], [698855.1888811161, 5486504.946154663]]]}, "properties": {"id": "B112_01", "block": "B112", "kachel": "698_5486", "klasse": "pool", "sicher": false, "notiz": "hellblaue Fläche neben Anbau: Pool oder Folie", "flaeche": 10.2}}, {"type": "Feature", "geometry": {"type": "Polygon", "coordinates": [[[698596.7000000001, 5487330.8], [698596.691332508, 5487330.623569148], [698596.6654135047, 5487330.44883742], [698596.6224926043, 5487330.277487581], [698596.5629831585, 5487330.111169822], [698596.4874582759, 5487329.951485873], [698596.3966453022, 5487329.79997358], [698596.2914188161, 5487329.658092088], [698596.1727922062, 5487329.527207794], [698596.0419079115, 5487329.408581184], [698595.9000264194, 5487329.303354697], [698595.7485141263, 5487329.212541724], [698595.5888301783, 5487329.137016841], [698595.422512419, 5487329.077507395], [698595.2511625796, 5487329.034586495], [698595.0764308526, 5487329.008667491], [698594.9, 5487329.0], [698594.7235691474, 5487329.008667491], [698594.5488374204, 5487329.034586495], [698594.377487581, 5487329.077507395], [698594.2111698218, 5487329.137016841], [698594.0514858738, 5487329.212541724], [698593.8999735806, 5487329.303354697], [698593.7580920885, 5487329.408581184], [698593.6272077939, 5487329.527207794], [698593.508581184, 5487329.658092088], [698593.4033546979, 5487329.79997358], [698593.3125417242, 5487329.951485873], [698593.2370168415, 5487330.111169822], [698593.1775073957, 5487330.277487581], [698593.1345864953, 5487330.44883742], [698593.108667492, 5487330.623569148], [698593.1, 5487330.8], [698593.108667492, 5487330.976430852], [698593.1345864953, 5487331.15116258], [698593.1775073957, 5487331.322512419], [698593.2370168415, 5487331.488830178], [698593.3125417242, 5487331.648514126], [698593.4033546979, 5487331.80002642], [698593.508581184, 5487331.941907912], [698593.6272077939, 5487332.072792206], [698593.7580920885, 5487332.191418815], [698593.8999735806, 5487332.296645302], [698594.0514858738, 5487332.387458276], [698594.2111698218, 5487332.462983158], [698594.377487581, 5487332.522492604], [698594.5488374204, 5487332.565413505], [698594.7235691474, 5487332.591332508], [698594.9, 5487332.6], [698595.0764308526, 5487332.591332508], [698595.2511625796, 5487332.565413505], [698595.422512419, 5487332.522492604], [698595.5888301783, 5487332.462983158], [698595.7485141263, 5487332.387458276], [698595.9000264194, 5487332.296645302], [698596.0419079115, 5487332.191418815], [698596.1727922062, 5487332.072792206], [698596.2914188161, 5487331.941907912], [698596.3966453022, 5487331.80002642], [698596.4874582759, 5487331.648514126], [698596.5629831585, 5487331.488830178], [698596.6224926043, 5487331.322512419], [698596.6654135047, 5487331.15116258], [698596.691332508, 5487330.976430852], [698596.7000000001, 5487330.8]]]}, "properties": {"id": "B114_00", "block": "B114", "kachel": "698_5487", "klasse": "trampolin", "sicher": true, "notiz": "Ring mit dunkler Matte, Laser ohne Höhe", "flaeche": 10.2}}, {"type": "Feature", "geometry": {"type": "Polygon", "coordinates": [[[698521.7000000001, 5487321.8], [698521.6922955628, 5487321.643172575], [698521.6692564487, 5487321.487855485], [698521.6311045373, 5487321.335544516], [698521.5782072521, 5487321.187706508], [698521.5110740231, 5487321.045765221], [698521.4303513798, 5487320.911087627], [698521.3368167254, 5487320.784970745], [698521.23137085, 5487320.66862915], [698521.1150292548, 5487320.563183274], [698520.988912373, 5487320.46964862], [698520.854234779, 5487320.388925977], [698520.7122934919, 5487320.321792748], [698520.5644554837, 5487320.268895463], [698520.4121445153, 5487320.230743552], [698520.2568274246, 5487320.207704437], [698520.1000000001, 5487320.2], [698519.9431725756, 5487320.207704437], [698519.7878554849, 5487320.230743552], [698519.6355445165, 5487320.268895463], [698519.4877065083, 5487320.321792748], [698519.3457652212, 5487320.388925977], [698519.2110876272, 5487320.46964862], [698519.0849707454, 5487320.563183274], [698518.9686291502, 5487320.66862915], [698518.8631832747, 5487320.784970745], [698518.7696486204, 5487320.911087627], [698518.6889259771, 5487321.045765221], [698518.6217927481, 5487321.187706508], [698518.5688954629, 5487321.335544516], [698518.5307435514, 5487321.487855485], [698518.5077044374, 5487321.643172575], [698518.5000000001, 5487321.8], [698518.5077044374, 5487321.9568274245], [698518.5307435514, 5487322.112144515], [698518.5688954629, 5487322.264455483], [698518.6217927481, 5487322.412293492], [698518.6889259771, 5487322.5542347785], [698518.7696486204, 5487322.688912373], [698518.8631832747, 5487322.815029254], [698518.9686291502, 5487322.93137085], [698519.0849707454, 5487323.0368167255], [698519.2110876272, 5487323.1303513795], [698519.3457652212, 5487323.211074023], [698519.4877065083, 5487323.278207252], [698519.6355445165, 5487323.331104537], [698519.7878554849, 5487323.369256448], [698519.9431725756, 5487323.392295563], [698520.1000000001, 5487323.399999999], [698520.2568274246, 5487323.392295563], [698520.4121445153, 5487323.369256448], [698520.5644554837, 5487323.331104537], [698520.7122934919, 5487323.278207252], [698520.854234779, 5487323.211074023], [698520.988912373, 5487323.1303513795], [698521.1150292548, 5487323.0368167255], [698521.23137085, 5487322.93137085], [698521.3368167254, 5487322.815029254], [698521.4303513798, 5487322.688912373], [698521.5110740231, 5487322.5542347785], [698521.5782072521, 5487322.412293492], [698521.6311045373, 5487322.264455483], [698521.6692564487, 5487322.112144515], [698521.6922955628, 5487321.9568274245], [698521.7000000001, 5487321.8]]]}, "properties": {"id": "B114_01", "block": "B114", "kachel": "698_5487", "klasse": "trampolin", "sicher": false, "notiz": "dunkler Ring im Hof: Trampolin oder Pool", "flaeche": 8.0}}, {"type": "Feature", "geometry": {"type": "Polygon", "coordinates": [[[698431.3442756333, 5486430.638429767], [698432.0172051506, 5486433.149836916], [698425.2557243665, 5486434.961570231], [698424.5827948493, 5486432.450163083], [698431.3442756333, 5486430.638429767]]]}, "properties": {"id": "B115_00", "block": "B115", "kachel": "698_5486", "klasse": "gartenhaus", "sicher": false, "notiz": "langer heller Unterstand/Carport am Hang", "flaeche": 18.2}}, {"type": "Feature", "geometry": {"type": "Polygon", "coordinates": [[[699353.7000000001, 5486830.2], [699353.691332508, 5486830.023569148], [699353.6654135047, 5486829.84883742], [699353.6224926043, 5486829.677487581], [699353.5629831585, 5486829.511169822], [699353.4874582759, 5486829.351485874], [699353.3966453022, 5486829.19997358], [699353.2914188161, 5486829.058092088], [699353.1727922062, 5486828.927207794], [699353.0419079115, 5486828.808581185], [699352.9000264194, 5486828.703354698], [699352.7485141263, 5486828.612541724], [699352.5888301783, 5486828.537016842], [699352.422512419, 5486828.477507396], [699352.2511625796, 5486828.434586495], [699352.0764308526, 5486828.408667492], [699351.9, 5486828.4], [699351.7235691474, 5486828.408667492], [699351.5488374204, 5486828.434586495], [699351.377487581, 5486828.477507396], [699351.2111698218, 5486828.537016842], [699351.0514858738, 5486828.612541724], [699350.8999735806, 5486828.703354698], [699350.7580920885, 5486828.808581185], [699350.6272077939, 5486828.927207794], [699350.508581184, 5486829.058092088], [699350.4033546979, 5486829.19997358], [699350.3125417242, 5486829.351485874], [699350.2370168415, 5486829.511169822], [699350.1775073957, 5486829.677487581], [699350.1345864953, 5486829.84883742], [699350.108667492, 5486830.023569148], [699350.1, 5486830.2], [699350.108667492, 5486830.376430852], [699350.1345864953, 5486830.55116258], [699350.1775073957, 5486830.722512419], [699350.2370168415, 5486830.888830178], [699350.3125417242, 5486831.048514127], [699350.4033546979, 5486831.20002642], [699350.508581184, 5486831.341907912], [699350.6272077939, 5486831.472792206], [699350.7580920885, 5486831.591418816], [699350.8999735806, 5486831.696645303], [699351.0514858738, 5486831.787458276], [699351.2111698218, 5486831.862983159], [699351.377487581, 5486831.922492605], [699351.5488374204, 5486831.965413505], [699351.7235691474, 5486831.991332509], [699351.9, 5486832.0], [699352.0764308526, 5486831.991332509], [699352.2511625796, 5486831.965413505], [699352.422512419, 5486831.922492605], [699352.5888301783, 5486831.862983159], [699352.7485141263, 5486831.787458276], [699352.9000264194, 5486831.696645303], [699353.0419079115, 5486831.591418816], [699353.1727922062, 5486831.472792206], [699353.2914188161, 5486831.341907912], [699353.3966453022, 5486831.20002642], [699353.4874582759, 5486831.048514127], [699353.5629831585, 5486830.888830178], [699353.6224926043, 5486830.722512419], [699353.6654135047, 5486830.55116258], [699353.691332508, 5486830.376430852], [699353.7000000001, 5486830.2]]]}, "properties": {"id": "B116_00", "block": "B116", "kachel": "699_5486", "klasse": "pool", "sicher": true, "notiz": "runder Pool, Laser ohne Echo", "flaeche": 10.2}}, {"type": "Feature", "geometry": {"type": "Polygon", "coordinates": [[[699313.5, 5486875.2], [699313.4922955628, 5486875.0431725755], [699313.4692564487, 5486874.887855485], [699313.4311045372, 5486874.735544517], [699313.378207252, 5486874.587706508], [699313.311074023, 5486874.4457652215], [699313.2303513797, 5486874.311087627], [699313.1368167254, 5486874.184970746], [699313.0313708499, 5486874.06862915], [699312.9150292547, 5486873.9631832745], [699312.7889123729, 5486873.8696486205], [699312.654234779, 5486873.788925977], [699312.5122934919, 5486873.721792748], [699312.3644554836, 5486873.668895463], [699312.2121445152, 5486873.630743552], [699312.0568274246, 5486873.607704437], [699311.9, 5486873.600000001], [699311.7431725755, 5486873.607704437], [699311.5878554848, 5486873.630743552], [699311.4355445164, 5486873.668895463], [699311.2877065082, 5486873.721792748], [699311.1457652211, 5486873.788925977], [699311.0110876272, 5486873.8696486205], [699310.8849707453, 5486873.9631832745], [699310.7686291501, 5486874.06862915], [699310.6631832747, 5486874.184970746], [699310.5696486203, 5486874.311087627], [699310.488925977, 5486874.4457652215], [699310.421792748, 5486874.587706508], [699310.3688954628, 5486874.735544517], [699310.3307435514, 5486874.887855485], [699310.3077044373, 5486875.0431725755], [699310.3, 5486875.2], [699310.3077044373, 5486875.356827425], [699310.3307435514, 5486875.512144515], [699310.3688954628, 5486875.664455484], [699310.421792748, 5486875.812293492], [699310.488925977, 5486875.954234779], [699310.5696486203, 5486876.088912373], [699310.6631832747, 5486876.215029255], [699310.7686291501, 5486876.33137085], [699310.8849707453, 5486876.436816726], [699311.0110876272, 5486876.53035138], [699311.1457652211, 5486876.611074023], [699311.2877065082, 5486876.678207252], [699311.4355445164, 5486876.731104537], [699311.5878554848, 5486876.769256448], [699311.7431725755, 5486876.792295563], [699311.9, 5486876.8], [699312.0568274246, 5486876.792295563], [699312.2121445152, 5486876.769256448], [699312.3644554836, 5486876.731104537], [699312.5122934919, 5486876.678207252], [699312.654234779, 5486876.611074023], [699312.7889123729, 5486876.53035138], [699312.9150292547, 5486876.436816726], [699313.0313708499, 5486876.33137085], [699313.1368167254, 5486876.215029255], [699313.2303513797, 5486876.088912373], [699313.311074023, 5486875.954234779], [699313.378207252, 5486875.812293492], [699313.4311045372, 5486875.664455484], [699313.4692564487, 5486875.512144515], [699313.4922955628, 5486875.356827425], [699313.5, 5486875.2]]]}, "properties": {"id": "B116_01", "block": "B116", "kachel": "699_5486", "klasse": "pool", "sicher": true, "notiz": "runder Pool, Laser ohne Echo", "flaeche": 8.0}}, {"type": "Feature", "geometry": {"type": "Polygon", "coordinates": [[[698045.5887609156, 5487845.906643089], [698044.9158313983, 5487848.418050237], [698042.2112390847, 5487847.693356911], [698042.884168602, 5487845.181949763], [698045.5887609156, 5487845.906643089]]]}, "properties": {"id": "B117_00", "block": "B117", "kachel": "698_5487", "klasse": "gartenhaus", "sicher": false, "notiz": "kleines Dach am Gartenrand, im DOP sichtbar, Laser schwach", "flaeche": 7.3}}, {"type": "Feature", "geometry": {"type": "Polygon", "coordinates": [[[698069.0000000001, 5487842.7], [698069.0000000001, 5487845.7], [698066.4, 5487845.7], [698066.4, 5487842.7], [698069.0000000001, 5487842.7]]]}, "properties": {"id": "B117_01", "block": "B117", "kachel": "698_5487", "klasse": "gartenhaus", "sicher": false, "notiz": "kleines graues Dach, Laser ~2 m (Mischecho)", "flaeche": 7.8}}, {"type": "Feature", "geometry": {"type": "Polygon", "coordinates": [[[698228.3199631034, 5486848.185399069], [698227.4991147595, 5486850.44066136], [698224.6800368971, 5486849.41460093], [698225.500885241, 5486847.15933864], [698228.3199631034, 5486848.185399069]]]}, "properties": {"id": "B118_00", "block": "B118", "kachel": "698_5486", "klasse": "gartenhaus", "sicher": false, "notiz": "weiße Objekte im Garten, Laser nicht erhöht: Möbel/Pavillon", "flaeche": 7.2}}]}