{
 "type": "FeatureCollection",
 "crs": {
  "type": "name",
  "properties": {
   "name": "EPSG:25832"
  }
 },
 "features": [
  {
   "type": "Feature",
   "geometry": {
    "type": "Polygon",
    "coordinates": [
     [
      [
       698667.0,
       5487163.0
      ],
      [
       698672.0,
       5487163.0
      ],
      [
       698680.0,
       5487165.0
      ],
      [
       698682.0,
       5487170.0
      ],
      [
       698678.0,
       5487174.0
      ],
      [
       698670.0,
       5487175.0
      ],
      [
       698665.0,
       5487172.0
      ],
      [
       698667.0,
       5487163.0
      ]
     ]
    ]
   },
   "properties": {
    "grundstueck": "A01",
    "nr": 0,
    "klasse": "baum",
    "hoehe_geschaetzt_m": 14.7,
    "hoehe_quelle": "Laser 2025, 99. Perzentil über Bodenpunkten (automatisch, nur Konsistenz)",
    "umriss_methode": "Eckpunkte von Hand",
    "sicher": true,
    "notiz": "große Baumkrone im Nordgarten",
    "split": "dev",
    "zone": "Altstadt"
   }
  },
  {
   "type": "Feature",
   "geometry": {
    "type": "Polygon",
    "coordinates": [
     [
      [
       698659.0,
       5487142.0
      ],
      [
       698661.0,
       5487142.0
      ],
      [
       698661.5,
       5487152.0
      ],
      [
       698659.5,
       5487152.0
      ],
      [
       698659.0,
       5487142.0
      ]
     ]
    ]
   },
   "properties": {
    "grundstueck": "A01",
    "nr": 1,
    "klasse": "hecke",
    "hoehe_geschaetzt_m": 5.64,
    "hoehe_quelle": "Laser 2025, 99. Perzentil über Bodenpunkten (automatisch, nur Konsistenz)",
    "umriss_methode": "Eckpunkte von Hand",
    "sicher": true,
    "notiz": "Hecke an der Westgrenze ~4 m",
    "split": "dev",
    "zone": "Altstadt"
   }
  },
  {
   "type": "Feature",
   "geometry": {
    "type": "Polygon",
    "coordinates": [
     [
      [
       698661.0,
       5487142.0
      ],
      [
       698674.0,
       5487143.5
      ],
      [
       698674.0,
       5487145.0
      ],
      [
       698661.0,
       5487143.5
      ],
      [
       698661.0,
       5487142.0
      ]
     ]
    ]
   },
   "properties": {
    "grundstueck": "A01",
    "nr": 2,
    "klasse": "hecke",
    "hoehe_geschaetzt_m": 4.14,
    "hoehe_quelle": "Laser 2025, 99. Perzentil über Bodenpunkten (automatisch, nur Konsistenz)",
    "umriss_methode": "Eckpunkte von Hand",
    "sicher": false,
    "notiz": "Gehölz an der Südgrenze",
    "split": "dev",
    "zone": "Altstadt"
   }
  },
  {
   "type": "Feature",
   "geometry": {
    "type": "Polygon",
    "coordinates": [
     [
      [
       698660.5,
       5487150.0
      ],
      [
       698663.5,
       5487150.0
      ],
      [
       698663.5,
       5487153.5
      ],
      [
       698660.5,
       5487153.5
      ],
      [
       698660.5,
       5487150.0
      ]
     ]
    ]
   },
   "properties": {
    "grundstueck": "A01",
    "nr": 3,
    "klasse": "strauch",
    "hoehe_geschaetzt_m": 5.71,
    "hoehe_quelle": "Laser 2025, 99. Perzentil über Bodenpunkten (automatisch, nur Konsistenz)",
    "umriss_methode": "Eckpunkte von Hand",
    "sicher": true,
    "notiz": "Großstrauch ~4 m",
    "split": "dev",
    "zone": "Altstadt"
   }
  },
  {
   "type": "Feature",
   "geometry": {
    "type": "Polygon",
    "coordinates": [
     [
      [
       698662.0,
       5487154.0
      ],
      [
       698665.5,
       5487154.0
      ],
      [
       698666.0,
       5487165.0
      ],
      [
       698662.0,
       5487165.0
      ],
      [
       698662.0,
       5487154.0
      ]
     ]
    ]
   },
   "properties": {
    "grundstueck": "A01",
    "nr": 4,
    "klasse": "terrasse",
    "hoehe_geschaetzt_m": null,
    "hoehe_quelle": null,
    "umriss_methode": "Eckpunkte von Hand",
    "sicher": false,
    "notiz": "befestigter Hof westlich des Hauses",
    "split": "dev",
    "zone": "Altstadt"
   }
  },
  {
   "type": "Feature",
   "geometry": {
    "type": "Polygon",
    "coordinates": [
     [
      [
       698821.5,
       5486955.5
      ],
      [
       698830.0,
       5486953.3
      ],
      [
       698830.0,
       5486954.2
      ],
      [
       698821.5,
       5486956.3
      ],
      [
       698821.5,
       5486955.5
      ]
     ]
    ]
   },
   "properties": {
    "grundstueck": "A02",
    "nr": 0,
    "klasse": "zaun_mauer",
    "hoehe_geschaetzt_m": 2.53,
    "hoehe_quelle": "Laser 2025, 99. Perzentil über Bodenpunkten (automatisch, nur Konsistenz)",
    "umriss_methode": "Eckpunkte von Hand",
    "sicher": false,
    "notiz": "Mauer/Einfassung vor dem Haus, Laser ~2,5 m",
    "split": "dev",
    "zone": "Altstadt"
   }
  },
  {
   "type": "Feature",
   "geometry": {
    "type": "Polygon",
    "coordinates": [
     [
      [
       698818.0,
       5486961.0
      ],
      [
       698822.5,
       5486958.0
      ],
      [
       698828.0,
       5486956.5
      ],
      [
       698830.0,
       5486954.0
      ],
      [
       698822.0,
       5486953.5
      ],
      [
       698819.0,
       5486957.0
      ],
      [
       698818.0,
       5486961.0
      ]
     ]
    ]
   },
   "properties": {
    "grundstueck": "A02",
    "nr": 1,
    "klasse": "terrasse",
    "hoehe_geschaetzt_m": null,
    "hoehe_quelle": null,
    "umriss_methode": "Eckpunkte von Hand",
    "sicher": false,
    "notiz": "befestigte Fläche vor dem Haus (Straßenraum?)",
    "split": "dev",
    "zone": "Altstadt"
   }
  },
  {
   "type": "Feature",
   "geometry": {
    "type": "Polygon",
    "coordinates": [
     [
      [
       698096.8820699634,
       5487129.944657028
      ],
      [
       698099.2002919465,
       5487129.323491319
      ],
      [
       698099.7179300367,
       5487131.2553429715
      ],
      [
       698097.3997080536,
       5487131.87650868
      ],
      [
       698096.8820699634,
       5487129.944657028
      ]
     ]
    ]
   },
   "properties": {
    "grundstueck": "A03",
    "nr": 0,
    "klasse": "gartenhaus",
    "hoehe_geschaetzt_m": 2.94,
    "hoehe_quelle": "Laser 2025, 99. Perzentil über Bodenpunkten (automatisch, nur Konsistenz)",
    "umriss_methode": "Rechteck von Hand",
    "sicher": false,
    "notiz": "kleiner Unterstand/Schuppen am Weg (Laser ~3 m), Art unklar",
    "split": "test",
    "zone": "Altstadt"
   }
  },
  {
   "type": "Feature",
   "geometry": {
    "type": "Polygon",
    "coordinates": [
     [
      [
       698106.3,
       5487129.1
      ],
      [
       698106.2989159107,
       5487129.0558390925
      ],
      [
       698106.295666254,
       5487129.011784573
      ],
      [
       698106.2902588589,
       5487128.967942572
      ],
      [
       698106.2827067524,
       5487128.92441871
      ],
      [
       698106.2730281278,
       5487128.881317838
      ],
      [
       698106.2612463022,
       5487128.83874379
      ],
      [
       698106.2473896587,
       5487128.796799132
      ],
      [
       698106.2314915793,
       5487128.7555849105
      ],
      [
       698106.2135903639,
       5487128.715200416
      ],
      [
       698106.1937291379,
       5487128.675742936
      ],
      [
       698106.171955749,
       5487128.63730753
      ],
      [
       698106.148322651,
       5487128.59998679
      ],
      [
       698106.1228867783,
       5487128.563870626
      ],
      [
       698106.095709408,
       5487128.529046044
      ],
      [
       698106.0668560128,
       5487128.495596941
      ],
      [
       698106.0363961031,
       5487128.463603897
      ],
      [
       698106.0044030594,
       5487128.433143986
      ],
      [
       698105.9709539558,
       5487128.404290591
      ],
      [
       698105.9361293741,
       5487128.377113221
      ],
      [
       698105.9000132098,
       5487128.351677349
      ],
      [
       698105.8626924698,
       5487128.328044251
      ],
      [
       698105.8242570632,
       5487128.306270862
      ],
      [
       698105.7847995841,
       5487128.286409636
      ],
      [
       698105.7444150891,
       5487128.26850842
      ],
      [
       698105.7032008681,
       5487128.252610341
      ],
      [
       698105.6612562096,
       5487128.238753698
      ],
      [
       698105.6186821619,
       5487128.226971872
      ],
      [
       698105.5755812898,
       5487128.217293248
      ],
      [
       698105.532057427,
       5487128.209741141
      ],
      [
       698105.4882154263,
       5487128.204333746
      ],
      [
       698105.444160907,
       5487128.201084089
      ],
      [
       698105.4,
       5487128.199999999
      ],
      [
       698105.3558390931,
       5487128.201084089
      ],
      [
       698105.3117845737,
       5487128.204333746
      ],
      [
       698105.2679425731,
       5487128.209741141
      ],
      [
       698105.2244187102,
       5487128.217293248
      ],
      [
       698105.1813178381,
       5487128.226971872
      ],
      [
       698105.1387437904,
       5487128.238753698
      ],
      [
       698105.096799132,
       5487128.252610341
      ],
      [
       698105.0555849109,
       5487128.26850842
      ],
      [
       698105.015200416,
       5487128.286409636
      ],
      [
       698104.9757429368,
       5487128.306270862
      ],
      [
       698104.9373075302,
       5487128.328044251
      ],
      [
       698104.8999867903,
       5487128.351677349
      ],
      [
       698104.863870626,
       5487128.377113221
      ],
      [
       698104.8290460443,
       5487128.404290591
      ],
      [
       698104.7955969407,
       5487128.433143986
      ],
      [
       698104.763603897,
       5487128.463603897
      ],
      [
       698104.7331439873,
       5487128.495596941
      ],
      [
       698104.704290592,
       5487128.529046044
      ],
      [
       698104.6771132217,
       5487128.563870626
      ],
      [
       698104.651677349,
       5487128.59998679
      ],
      [
       698104.628044251,
       5487128.63730753
      ],
      [
       698104.6062708622,
       5487128.675742936
      ],
      [
       698104.5864096362,
       5487128.715200416
      ],
      [
       698104.5685084207,
       5487128.7555849105
      ],
      [
       698104.5526103413,
       5487128.796799132
      ],
      [
       698104.5387536979,
       5487128.83874379
      ],
      [
       698104.5269718722,
       5487128.881317838
      ],
      [
       698104.5172932476,
       5487128.92441871
      ],
      [
       698104.5097411411,
       5487128.967942572
      ],
      [
       698104.504333746,
       5487129.011784573
      ],
      [
       698104.5010840894,
       5487129.0558390925
      ],
      [
       698104.5,
       5487129.1
      ],
      [
       698104.5010840894,
       5487129.144160907
      ],
      [
       698104.504333746,
       5487129.188215426
      ],
      [
       698104.5097411411,
       5487129.232057427
      ],
      [
       698104.5172932476,
       5487129.275581289
      ],
      [
       698104.5269718722,
       5487129.318682161
      ],
      [
       698104.5387536979,
       5487129.361256209
      ],
      [
       698104.5526103413,
       5487129.403200868
      ],
      [
       698104.5685084207,
       5487129.444415089
      ],
      [
       698104.5864096362,
       5487129.484799583
      ],
      [
       698104.6062708622,
       5487129.524257063
      ],
      [
       698104.628044251,
       5487129.562692469
      ],
      [
       698104.651677349,
       5487129.6000132095
      ],
      [
       698104.6771132217,
       5487129.636129374
      ],
      [
       698104.704290592,
       5487129.6709539555
      ],
      [
       698104.7331439873,
       5487129.704403059
      ],
      [
       698104.763603897,
       5487129.736396102
      ],
      [
       698104.7955969407,
       5487129.766856013
      ],
      [
       698104.8290460443,
       5487129.795709408
      ],
      [
       698104.863870626,
       5487129.822886778
      ],
      [
       698104.8999867903,
       5487129.84832265
      ],
      [
       698104.9373075302,
       5487129.871955749
      ],
      [
       698104.9757429368,
       5487129.893729137
      ],
      [
       698105.015200416,
       5487129.913590363
      ],
      [
       698105.0555849109,
       5487129.931491579
      ],
      [
       698105.096799132,
       5487129.947389659
      ],
      [
       698105.1387437904,
       5487129.961246301
      ],
      [
       698105.1813178381,
       5487129.973028127
      ],
      [
       698105.2244187102,
       5487129.982706752
      ],
      [
       698105.2679425731,
       5487129.990258859
      ],
      [
       698105.3117845737,
       5487129.995666253
      ],
      [
       698105.3558390931,
       5487129.99891591
      ],
      [
       698105.4,
       5487130.0
      ],
      [
       698105.444160907,
       5487129.99891591
      ],
      [
       698105.4882154263,
       5487129.995666253
      ],
      [
       698105.532057427,
       5487129.990258859
      ],
      [
       698105.5755812898,
       5487129.982706752
      ],
      [
       698105.6186821619,
       5487129.973028127
      ],
      [
       698105.6612562096,
       5487129.961246301
      ],
      [
       698105.7032008681,
       5487129.947389659
      ],
      [
       698105.7444150891,
       5487129.931491579
      ],
      [
       698105.7847995841,
       5487129.913590363
      ],
      [
       698105.8242570632,
       5487129.893729137
      ],
      [
       698105.8626924698,
       5487129.871955749
      ],
      [
       698105.9000132098,
       5487129.84832265
      ],
      [
       698105.9361293741,
       5487129.822886778
      ],
      [
       698105.9709539558,
       5487129.795709408
      ],
      [
       698106.0044030594,
       5487129.766856013
      ],
      [
       698106.0363961031,
       5487129.736396102
      ],
      [
       698106.0668560128,
       5487129.704403059
      ],
      [
       698106.095709408,
       5487129.6709539555
      ],
      [
       698106.1228867783,
       5487129.636129374
      ],
      [
       698106.148322651,
       5487129.6000132095
      ],
      [
       698106.171955749,
       5487129.562692469
      ],
      [
       698106.1937291379,
       5487129.524257063
      ],
      [
       698106.2135903639,
       5487129.484799583
      ],
      [
       698106.2314915793,
       5487129.444415089
      ],
      [
       698106.2473896587,
       5487129.403200868
      ],
      [
       698106.2612463022,
       5487129.361256209
      ],
      [
       698106.2730281278,
       5487129.318682161
      ],
      [
       698106.2827067524,
       5487129.275581289
      ],
      [
       698106.2902588589,
       5487129.232057427
      ],
      [
       698106.295666254,
       5487129.188215426
      ],
      [
       698106.2989159107,
       5487129.144160907
      ],
      [
       698106.3,
       5487129.1
      ]
     ]
    ]
   },
   "properties": {
    "grundstueck": "A03",
    "nr": 1,
    "klasse": "strauch",
    "hoehe_geschaetzt_m": 3.09,
    "hoehe_quelle": "Laser 2025, 99. Perzentil über Bodenpunkten (automatisch, nur Konsistenz)",
    "umriss_methode": "Kreis von Hand",
    "sicher": true,
    "notiz": "runder Strauch ~2,5 m",
    "split": "test",
    "zone": "Altstadt"
   }
  },
  {
   "type": "Feature",
   "geometry": {
    "type": "Polygon",
    "coordinates": [
     [
      [
       698092.0,
       5487127.0
      ],
      [
       698095.5,
       5487127.0
      ],
      [
       698095.5,
       5487132.0
      ],
      [
       698092.0,
       5487132.0
      ],
      [
       698092.0,
       5487127.0
      ]
     ]
    ]
   },
   "properties": {
    "grundstueck": "A03",
    "nr": 2,
    "klasse": "strauch",
    "hoehe_geschaetzt_m": 7.01,
    "hoehe_quelle": "Laser 2025, 99. Perzentil über Bodenpunkten (automatisch, nur Konsistenz)",
    "umriss_methode": "Eckpunkte von Hand",
    "sicher": false,
    "notiz": "Gehölz westlich",
    "split": "test",
    "zone": "Altstadt"
   }
  },
  {
   "type": "Feature",
   "geometry": {
    "type": "Polygon",
    "coordinates": [
     [
      [
       698101.0,
       5487127.0
      ],
      [
       698109.0,
       5487131.5
      ],
      [
       698109.3,
       5487130.9
      ],
      [
       698101.3,
       5487126.4
      ],
      [
       698101.0,
       5487127.0
      ]
     ]
    ]
   },
   "properties": {
    "grundstueck": "A03",
    "nr": 3,
    "klasse": "zaun_mauer",
    "hoehe_geschaetzt_m": 9.33,
    "hoehe_quelle": "Laser 2025, 99. Perzentil über Bodenpunkten (automatisch, nur Konsistenz)",
    "umriss_methode": "Eckpunkte von Hand",
    "sicher": false,
    "notiz": "Mauer am Hang (~1,5 m), Laser rot = Höhensprung",
    "split": "test",
    "zone": "Altstadt"
   }
  },
  {
   "type": "Feature",
   "geometry": {
    "type": "Polygon",
    "coordinates": [
     [
      [
       698641.0,
       5487085.0
      ],
      [
       698646.0,
       5487084.0
      ],
      [
       698649.0,
       5487087.0
      ],
      [
       698648.0,
       5487091.0
      ],
      [
       698643.0,
       5487092.0
      ],
      [
       698640.5,
       5487089.0
      ],
      [
       698641.0,
       5487085.0
      ]
     ]
    ]
   },
   "properties": {
    "grundstueck": "A04",
    "nr": 0,
    "klasse": "baum",
    "hoehe_geschaetzt_m": 11.65,
    "hoehe_quelle": "Laser 2025, 99. Perzentil über Bodenpunkten (automatisch, nur Konsistenz)",
    "umriss_methode": "Eckpunkte von Hand",
    "sicher": true,
    "notiz": "Baum NW, Krone im Laser hoch",
    "split": "dev",
    "zone": "Altstadt"
   }
  },
  {
   "type": "Feature",
   "geometry": {
    "type": "Polygon",
    "coordinates": [
     [
      [
       698650.0,
       5487086.0
      ],
      [
       698656.0,
       5487085.0
      ],
      [
       698658.0,
       5487088.0
      ],
      [
       698657.0,
       5487092.0
      ],
      [
       698651.0,
       5487092.0
      ],
      [
       698650.0,
       5487086.0
      ]
     ]
    ]
   },
   "properties": {
    "grundstueck": "A04",
    "nr": 1,
    "klasse": "baum",
    "hoehe_geschaetzt_m": 9.17,
    "hoehe_quelle": "Laser 2025, 99. Perzentil über Bodenpunkten (automatisch, nur Konsistenz)",
    "umriss_methode": "Eckpunkte von Hand",
    "sicher": true,
    "notiz": "Baum N",
    "split": "dev",
    "zone": "Altstadt"
   }
  },
  {
   "type": "Feature",
   "geometry": {
    "type": "Polygon",
    "coordinates": [
     [
      [
       698653.0,
       5487058.0
      ],
      [
       698659.0,
       5487057.0
      ],
      [
       698661.0,
       5487061.0
      ],
      [
       698659.0,
       5487066.0
      ],
      [
       698654.0,
       5487066.0
      ],
      [
       698652.0,
       5487062.0
      ],
      [
       698653.0,
       5487058.0
      ]
     ]
    ]
   },
   "properties": {
    "grundstueck": "A04",
    "nr": 2,
    "klasse": "baum",
    "hoehe_geschaetzt_m": 13.13,
    "hoehe_quelle": "Laser 2025, 99. Perzentil über Bodenpunkten (automatisch, nur Konsistenz)",
    "umriss_methode": "Eckpunkte von Hand",
    "sicher": true,
    "notiz": "Baum südlich des Hauses",
    "split": "dev",
    "zone": "Altstadt"
   }
  },
  {
   "type": "Feature",
   "geometry": {
    "type": "Polygon",
    "coordinates": [
     [
      [
       698638.0,
       5487095.0
      ],
      [
       698658.0,
       5487093.0
      ],
      [
       698658.0,
       5487092.0
      ],
      [
       698638.0,
       5487094.0
      ],
      [
       698638.0,
       5487095.0
      ]
     ]
    ]
   },
   "properties": {
    "grundstueck": "A04",
    "nr": 3,
    "klasse": "hecke",
    "hoehe_geschaetzt_m": 5.32,
    "hoehe_quelle": "Laser 2025, 99. Perzentil über Bodenpunkten (automatisch, nur Konsistenz)",
    "umriss_methode": "Eckpunkte von Hand",
    "sicher": false,
    "notiz": "Gehölz an der Nordgrenze",
    "split": "dev",
    "zone": "Altstadt"
   }
  },
  {
   "type": "Feature",
   "geometry": {
    "type": "Polygon",
    "coordinates": [
     [
      [
       698644.0,
       5487050.0
      ],
      [
       698652.0,
       5487053.0
      ],
      [
       698654.0,
       5487060.0
      ],
      [
       698647.0,
       5487064.0
      ],
      [
       698642.0,
       5487058.0
      ],
      [
       698644.0,
       5487050.0
      ]
     ]
    ]
   },
   "properties": {
    "grundstueck": "A04",
    "nr": 4,
    "klasse": "baum",
    "hoehe_geschaetzt_m": 18.39,
    "hoehe_quelle": "Laser 2025, 99. Perzentil über Bodenpunkten (automatisch, nur Konsistenz)",
    "umriss_methode": "Eckpunkte von Hand",
    "sicher": false,
    "notiz": "Baumbestand im Südzipfel",
    "split": "dev",
    "zone": "Altstadt"
   }
  },
  {
   "type": "Feature",
   "geometry": {
    "type": "Polygon",
    "coordinates": [
     [
      [
       698408.0,
       5487206.0
      ],
      [
       698414.0,
       5487204.0
      ],
      [
       698417.0,
       5487208.0
      ],
      [
       698416.0,
       5487213.0
      ],
      [
       698411.0,
       5487215.0
      ],
      [
       698407.0,
       5487211.0
      ],
      [
       698408.0,
       5487206.0
      ]
     ]
    ]
   },
   "properties": {
    "grundstueck": "A07",
    "nr": 0,
    "klasse": "baum",
    "hoehe_geschaetzt_m": 11.7,
    "hoehe_quelle": "Laser 2025, 99. Perzentil über Bodenpunkten (automatisch, nur Konsistenz)",
    "umriss_methode": "Eckpunkte von Hand",
    "sicher": true,
    "notiz": "Baum NW",
    "split": "test",
    "zone": "Altstadt"
   }
  },
  {
   "type": "Feature",
   "geometry": {
    "type": "Polygon",
    "coordinates": [
     [
      [
       698420.0,
       5487198.0
      ],
      [
       698427.0,
       5487197.0
      ],
      [
       698429.0,
       5487201.0
      ],
      [
       698427.0,
       5487206.0
      ],
      [
       698421.0,
       5487206.0
      ],
      [
       698419.0,
       5487202.0
      ],
      [
       698420.0,
       5487198.0
      ]
     ]
    ]
   },
   "properties": {
    "grundstueck": "A07",
    "nr": 1,
    "klasse": "baum",
    "hoehe_geschaetzt_m": 14.41,
    "hoehe_quelle": "Laser 2025, 99. Perzentil über Bodenpunkten (automatisch, nur Konsistenz)",
    "umriss_methode": "Eckpunkte von Hand",
    "sicher": true,
    "notiz": "Baum Mitte",
    "split": "test",
    "zone": "Altstadt"
   }
  },
  {
   "type": "Feature",
   "geometry": {
    "type": "Polygon",
    "coordinates": [
     [
      [
       698438.0,
       5487204.0
      ],
      [
       698447.0,
       5487204.0
      ],
      [
       698450.0,
       5487209.0
      ],
      [
       698446.0,
       5487213.0
      ],
      [
       698439.0,
       5487212.0
      ],
      [
       698438.0,
       5487204.0
      ]
     ]
    ]
   },
   "properties": {
    "grundstueck": "A07",
    "nr": 2,
    "klasse": "baum",
    "hoehe_geschaetzt_m": 11.02,
    "hoehe_quelle": "Laser 2025, 99. Perzentil über Bodenpunkten (automatisch, nur Konsistenz)",
    "umriss_methode": "Eckpunkte von Hand",
    "sicher": true,
    "notiz": "Baum NO",
    "split": "test",
    "zone": "Altstadt"
   }
  },
  {
   "type": "Feature",
   "geometry": {
    "type": "Polygon",
    "coordinates": [
     [
      [
       698422.0,
       5487208.0
      ],
      [
       698430.0,
       5487207.0
      ],
      [
       698434.0,
       5487211.0
      ],
      [
       698430.0,
       5487215.0
      ],
      [
       698423.0,
       5487215.0
      ],
      [
       698422.0,
       5487208.0
      ]
     ]
    ]
   },
   "properties": {
    "grundstueck": "A07",
    "nr": 3,
    "klasse": "baum",
    "hoehe_geschaetzt_m": 18.28,
    "hoehe_quelle": "Laser 2025, 99. Perzentil über Bodenpunkten (automatisch, nur Konsistenz)",
    "umriss_methode": "Eckpunkte von Hand",
    "sicher": false,
    "notiz": "Kronen N, verschmolzen",
    "split": "test",
    "zone": "Altstadt"
   }
  },
  {
   "type": "Feature",
   "geometry": {
    "type": "Polygon",
    "coordinates": [
     [
      [
       698442.0,
       5487177.0
      ],
      [
       698444.0,
       5487184.0
      ],
      [
       698444.8,
       5487183.8
      ],
      [
       698442.8,
       5487176.8
      ],
      [
       698442.0,
       5487177.0
      ]
     ]
    ]
   },
   "properties": {
    "grundstueck": "A07",
    "nr": 4,
    "klasse": "hecke",
    "hoehe_geschaetzt_m": 3.98,
    "hoehe_quelle": "Laser 2025, 99. Perzentil über Bodenpunkten (automatisch, nur Konsistenz)",
    "umriss_methode": "Eckpunkte von Hand",
    "sicher": false,
    "notiz": "schmale Hecke an der Ostgrenze ~1,5 m",
    "split": "test",
    "zone": "Altstadt"
   }
  },
  {
   "type": "Feature",
   "geometry": {
    "type": "Polygon",
    "coordinates": [
     [
      [
       698471.0,
       5487067.0
      ],
      [
       698479.0,
       5487067.0
      ],
      [
       698480.0,
       5487072.0
      ],
      [
       698476.0,
       5487074.0
      ],
      [
       698471.0,
       5487072.5
      ],
      [
       698471.0,
       5487067.0
      ]
     ]
    ]
   },
   "properties": {
    "grundstueck": "A08",
    "nr": 0,
    "klasse": "baum",
    "hoehe_geschaetzt_m": 8.37,
    "hoehe_quelle": "Laser 2025, 99. Perzentil über Bodenpunkten (automatisch, nur Konsistenz)",
    "umriss_methode": "Eckpunkte von Hand",
    "sicher": true,
    "notiz": "Baum/Großgehölz im Hinterhof",
    "split": "dev",
    "zone": "Altstadt"
   }
  },
  {
   "type": "Feature",
   "geometry": {
    "type": "Polygon",
    "coordinates": [
     [
      [
       698470.5,
       5487100.0
      ],
      [
       698472.0,
       5487100.0
      ],
      [
       698472.0,
       5487106.0
      ],
      [
       698470.5,
       5487106.0
      ],
      [
       698470.5,
       5487100.0
      ]
     ]
    ]
   },
   "properties": {
    "grundstueck": "A08",
    "nr": 1,
    "klasse": "strauch",
    "hoehe_geschaetzt_m": 8.6,
    "hoehe_quelle": "Laser 2025, 99. Perzentil über Bodenpunkten (automatisch, nur Konsistenz)",
    "umriss_methode": "Eckpunkte von Hand",
    "sicher": false,
    "notiz": "Gehölz an der Brandwand",
    "split": "dev",
    "zone": "Altstadt"
   }
  },
  {
   "type": "Feature",
   "geometry": {
    "type": "Polygon",
    "coordinates": [
     [
      [
       698460.0,
       5486976.0
      ],
      [
       698467.0,
       5486973.0
      ],
      [
       698474.0,
       5486976.0
      ],
      [
       698475.0,
       5486985.0
      ],
      [
       698468.0,
       5486987.0
      ],
      [
       698461.0,
       5486984.0
      ],
      [
       698460.0,
       5486976.0
      ]
     ]
    ]
   },
   "properties": {
    "grundstueck": "A09",
    "nr": 0,
    "klasse": "baum",
    "hoehe_geschaetzt_m": 16.17,
    "hoehe_quelle": "Laser 2025, 99. Perzentil über Bodenpunkten (automatisch, nur Konsistenz)",
    "umriss_methode": "Eckpunkte von Hand",
    "sicher": true,
    "notiz": "großer Baum NW (Kronen verschmolzen)",
    "split": "dev",
    "zone": "Altstadt"
   }
  },
  {
   "type": "Feature",
   "geometry": {
    "type": "Polygon",
    "coordinates": [
     [
      [
       698476.0,
       5486974.0
      ],
      [
       698483.0,
       5486973.0
      ],
      [
       698486.0,
       5486978.0
      ],
      [
       698484.0,
       5486984.0
      ],
      [
       698477.0,
       5486984.0
      ],
      [
       698476.0,
       5486974.0
      ]
     ]
    ]
   },
   "properties": {
    "grundstueck": "A09",
    "nr": 1,
    "klasse": "baum",
    "hoehe_geschaetzt_m": 14.69,
    "hoehe_quelle": "Laser 2025, 99. Perzentil über Bodenpunkten (automatisch, nur Konsistenz)",
    "umriss_methode": "Eckpunkte von Hand",
    "sicher": true,
    "notiz": "Baum NO",
    "split": "dev",
    "zone": "Altstadt"
   }
  },
  {
   "type": "Feature",
   "geometry": {
    "type": "Polygon",
    "coordinates": [
     [
      [
       698459.0,
       5486960.0
      ],
      [
       698466.0,
       5486959.0
      ],
      [
       698469.0,
       5486964.0
      ],
      [
       698466.0,
       5486969.0
      ],
      [
       698460.0,
       5486968.0
      ],
      [
       698459.0,
       5486960.0
      ]
     ]
    ]
   },
   "properties": {
    "grundstueck": "A09",
    "nr": 2,
    "klasse": "baum",
    "hoehe_geschaetzt_m": 10.54,
    "hoehe_quelle": "Laser 2025, 99. Perzentil über Bodenpunkten (automatisch, nur Konsistenz)",
    "umriss_methode": "Eckpunkte von Hand",
    "sicher": false,
    "notiz": "Baumgruppe SW",
    "split": "dev",
    "zone": "Altstadt"
   }
  },
  {
   "type": "Feature",
   "geometry": {
    "type": "Polygon",
    "coordinates": [
     [
      [
       698469.0,
       5486957.0
      ],
      [
       698477.0,
       5486957.0
      ],
      [
       698478.0,
       5486962.0
      ],
      [
       698472.0,
       5486965.0
      ],
      [
       698469.0,
       5486962.0
      ],
      [
       698469.0,
       5486957.0
      ]
     ]
    ]
   },
   "properties": {
    "grundstueck": "A09",
    "nr": 3,
    "klasse": "baum",
    "hoehe_geschaetzt_m": 6.32,
    "hoehe_quelle": "Laser 2025, 99. Perzentil über Bodenpunkten (automatisch, nur Konsistenz)",
    "umriss_methode": "Eckpunkte von Hand",
    "sicher": false,
    "notiz": "Gehölz S",
    "split": "dev",
    "zone": "Altstadt"
   }
  },
  {
   "type": "Feature",
   "geometry": {
    "type": "Polygon",
    "coordinates": [
     [
      [
       698526.0,
       5487150.0
      ],
      [
       698532.0,
       5487148.0
      ],
      [
       698537.0,
       5487151.0
      ],
      [
       698537.0,
       5487158.0
      ],
      [
       698532.0,
       5487161.0
      ],
      [
       698527.0,
       5487158.0
      ],
      [
       698526.0,
       5487150.0
      ]
     ]
    ]
   },
   "properties": {
    "grundstueck": "A10",
    "nr": 0,
    "klasse": "baum",
    "hoehe_geschaetzt_m": 11.84,
    "hoehe_quelle": "Laser 2025, 99. Perzentil über Bodenpunkten (automatisch, nur Konsistenz)",
    "umriss_methode": "Eckpunkte von Hand",
    "sicher": true,
    "notiz": "großer Baum im Hof",
    "split": "test",
    "zone": "Altstadt"
   }
  },
  {
   "type": "Feature",
   "geometry": {
    "type": "Polygon",
    "coordinates": [
     [
      [
       698534.3,
       5487140.6
      ],
      [
       698534.2975909124,
       5487140.501864651
      ],
      [
       698534.2903694534,
       5487140.403965719
      ],
      [
       698534.27835302,
       5487140.30653905
      ],
      [
       698534.2615705609,
       5487140.209819356
      ],
      [
       698534.2400625064,
       5487140.11403964
      ],
      [
       698534.2138806715,
       5487140.019430645
      ],
      [
       698534.1830881304,
       5487139.926220293
      ],
      [
       698534.147759065,
       5487139.834633135
      ],
      [
       698534.1079785863,
       5487139.744889813
      ],
      [
       698534.0638425287,
       5487139.657206526
      ],
      [
       698534.01545722,
       5487139.571794511
      ],
      [
       698533.9629392247,
       5487139.488859533
      ],
      [
       698533.906415063,
       5487139.40860139
      ],
      [
       698533.8460209068,
       5487139.331213431
      ],
      [
       698533.7819022507,
       5487139.25688209
      ],
      [
       698533.7142135624,
       5487139.185786437
      ],
      [
       698533.6431179098,
       5487139.118097749
      ],
      [
       698533.5687865684,
       5487139.053979093
      ],
      [
       698533.491398609,
       5487138.9935849365
      ],
      [
       698533.4111404661,
       5487138.937060775
      ],
      [
       698533.3282054884,
       5487138.88454278
      ],
      [
       698533.2427934736,
       5487138.836157471
      ],
      [
       698533.1551101869,
       5487138.792021413
      ],
      [
       698533.0653668648,
       5487138.752240934
      ],
      [
       698532.9737797069,
       5487138.716911869
      ],
      [
       698532.8805693545,
       5487138.686119328
      ],
      [
       698532.7859603598,
       5487138.6599374935
      ],
      [
       698532.690180644,
       5487138.638429439
      ],
      [
       698532.5934609489,
       5487138.62164698
      ],
      [
       698532.4960342807,
       5487138.6096305465
      ],
      [
       698532.3981353487,
       5487138.602409087
      ],
      [
       698532.3,
       5487138.6
      ],
      [
       698532.2018646514,
       5487138.602409087
      ],
      [
       698532.1039657193,
       5487138.6096305465
      ],
      [
       698532.0065390512,
       5487138.62164698
      ],
      [
       698531.909819356,
       5487138.638429439
      ],
      [
       698531.8140396402,
       5487138.6599374935
      ],
      [
       698531.7194306456,
       5487138.686119328
      ],
      [
       698531.6262202932,
       5487138.716911869
      ],
      [
       698531.5346331353,
       5487138.752240934
      ],
      [
       698531.4448898132,
       5487138.792021413
      ],
      [
       698531.3572065264,
       5487138.836157471
      ],
      [
       698531.2717945117,
       5487138.88454278
      ],
      [
       698531.188859534,
       5487138.937060775
      ],
      [
       698531.1086013911,
       5487138.9935849365
      ],
      [
       698531.0312134317,
       5487139.053979093
      ],
      [
       698530.9568820903,
       5487139.118097749
      ],
      [
       698530.8857864377,
       5487139.185786437
      ],
      [
       698530.8180977494,
       5487139.25688209
      ],
      [
       698530.7539790933,
       5487139.331213431
      ],
      [
       698530.6935849371,
       5487139.40860139
      ],
      [
       698530.6370607754,
       5487139.488859533
      ],
      [
       698530.5845427801,
       5487139.571794511
      ],
      [
       698530.5361574714,
       5487139.657206526
      ],
      [
       698530.4920214138,
       5487139.744889813
      ],
      [
       698530.4522409351,
       5487139.834633135
      ],
      [
       698530.4169118697,
       5487139.926220293
      ],
      [
       698530.3861193286,
       5487140.019430645
      ],
      [
       698530.3599374937,
       5487140.11403964
      ],
      [
       698530.3384294392,
       5487140.209819356
      ],
      [
       698530.3216469801,
       5487140.30653905
      ],
      [
       698530.3096305467,
       5487140.403965719
      ],
      [
       698530.3024090877,
       5487140.501864651
      ],
      [
       698530.3,
       5487140.6
      ],
      [
       698530.3024090877,
       5487140.698135348
      ],
      [
       698530.3096305467,
       5487140.79603428
      ],
      [
       698530.3216469801,
       5487140.893460949
      ],
      [
       698530.3384294392,
       5487140.990180643
      ],
      [
       698530.3599374937,
       5487141.085960359
      ],
      [
       698530.3861193286,
       5487141.180569354
      ],
      [
       698530.4169118697,
       5487141.273779706
      ],
      [
       698530.4522409351,
       5487141.365366864
      ],
      [
       698530.4920214138,
       5487141.455110187
      ],
      [
       698530.5361574714,
       5487141.542793473
      ],
      [
       698530.5845427801,
       5487141.628205488
      ],
      [
       698530.6370607754,
       5487141.711140466
      ],
      [
       698530.6935849371,
       5487141.791398609
      ],
      [
       698530.7539790933,
       5487141.868786568
      ],
      [
       698530.8180977494,
       5487141.943117909
      ],
      [
       698530.8857864377,
       5487142.014213562
      ],
      [
       698530.9568820903,
       5487142.081902251
      ],
      [
       698531.0312134317,
       5487142.146020906
      ],
      [
       698531.1086013911,
       5487142.206415063
      ],
      [
       698531.188859534,
       5487142.262939224
      ],
      [
       698531.2717945117,
       5487142.315457219
      ],
      [
       698531.3572065264,
       5487142.363842528
      ],
      [
       698531.4448898132,
       5487142.407978586
      ],
      [
       698531.5346331353,
       5487142.447759065
      ],
      [
       698531.6262202932,
       5487142.48308813
      ],
      [
       698531.7194306456,
       5487142.513880671
      ],
      [
       698531.8140396402,
       5487142.540062506
      ],
      [
       698531.909819356,
       5487142.561570561
      ],
      [
       698532.0065390512,
       5487142.578353019
      ],
      [
       698532.1039657193,
       5487142.590369453
      ],
      [
       698532.2018646514,
       5487142.597590912
      ],
      [
       698532.3,
       5487142.6
      ],
      [
       698532.3981353487,
       5487142.597590912
      ],
      [
       698532.4960342807,
       5487142.590369453
      ],
      [
       698532.5934609489,
       5487142.578353019
      ],
      [
       698532.690180644,
       5487142.561570561
      ],
      [
       698532.7859603598,
       5487142.540062506
      ],
      [
       698532.8805693545,
       5487142.513880671
      ],
      [
       698532.9737797069,
       5487142.48308813
      ],
      [
       698533.0653668648,
       5487142.447759065
      ],
      [
       698533.1551101869,
       5487142.407978586
      ],
      [
       698533.2427934736,
       5487142.363842528
      ],
      [
       698533.3282054884,
       5487142.315457219
      ],
      [
       698533.4111404661,
       5487142.262939224
      ],
      [
       698533.491398609,
       5487142.206415063
      ],
      [
       698533.5687865684,
       5487142.146020906
      ],
      [
       698533.6431179098,
       5487142.081902251
      ],
      [
       698533.7142135624,
       5487142.014213562
      ],
      [
       698533.7819022507,
       5487141.943117909
      ],
      [
       698533.8460209068,
       5487141.868786568
      ],
      [
       698533.906415063,
       5487141.791398609
      ],
      [
       698533.9629392247,
       5487141.711140466
      ],
      [
       698534.01545722,
       5487141.628205488
      ],
      [
       698534.0638425287,
       5487141.542793473
      ],
      [
       698534.1079785863,
       5487141.455110187
      ],
      [
       698534.147759065,
       5487141.365366864
      ],
      [
       698534.1830881304,
       5487141.273779706
      ],
      [
       698534.2138806715,
       5487141.180569354
      ],
      [
       698534.2400625064,
       5487141.085960359
      ],
      [
       698534.2615705609,
       5487140.990180643
      ],
      [
       698534.27835302,
       5487140.893460949
      ],
      [
       698534.2903694534,
       5487140.79603428
      ],
      [
       698534.2975909124,
       5487140.698135348
      ],
      [
       698534.3,
       5487140.6
      ]
     ]
    ]
   },
   "properties": {
    "grundstueck": "A10",
    "nr": 1,
    "klasse": "pool",
    "hoehe_geschaetzt_m": null,
    "hoehe_quelle": null,
    "umriss_methode": "Kreis von Hand",
    "sicher": false,
    "notiz": "runder bläulicher Aufstellpool(?) im DOP 2023, im Laser März 2025 nur Boden (saisonal abgebaut)",
    "split": "test",
    "zone": "Altstadt"
   }
  },
  {
   "type": "Feature",
   "geometry": {
    "type": "Polygon",
    "coordinates": [
     [
      [
       698790.0,
       5486932.0
      ],
      [
       698818.0,
       5486927.0
      ],
      [
       698818.0,
       5486936.0
      ],
      [
       698810.0,
       5486934.5
      ],
      [
       698794.0,
       5486938.5
      ],
      [
       698791.0,
       5486941.0
      ],
      [
       698790.0,
       5486932.0
      ]
     ]
    ]
   },
   "properties": {
    "grundstueck": "A13",
    "nr": 0,
    "klasse": "terrasse",
    "hoehe_geschaetzt_m": null,
    "hoehe_quelle": null,
    "umriss_methode": "Eckpunkte von Hand",
    "sicher": false,
    "notiz": "gepflasterter Hof vor den Garagen",
    "split": "dev",
    "zone": "Altstadt"
   }
  },
  {
   "type": "Feature",
   "geometry": {
    "type": "Polygon",
    "coordinates": [
     [
      [
       698476.2,
       5487244.0
      ],
      [
       698476.1987954562,
       5487243.950932326
      ],
      [
       698476.1951847266,
       5487243.90198286
      ],
      [
       698476.18917651,
       5487243.853269526
      ],
      [
       698476.1807852803,
       5487243.804909678
      ],
      [
       698476.1700312531,
       5487243.75701982
      ],
      [
       698476.1569403356,
       5487243.709715323
      ],
      [
       698476.1415440651,
       5487243.663110146
      ],
      [
       698476.1238795324,
       5487243.617316567
      ],
      [
       698476.1039892931,
       5487243.572444906
      ],
      [
       698476.0819212643,
       5487243.528603263
      ],
      [
       698476.05772861,
       5487243.485897256
      ],
      [
       698476.0314696123,
       5487243.444429767
      ],
      [
       698476.0032075314,
       5487243.404300695
      ],
      [
       698475.9730104533,
       5487243.365606716
      ],
      [
       698475.9409511253,
       5487243.328441045
      ],
      [
       698475.9071067811,
       5487243.292893219
      ],
      [
       698475.8715589548,
       5487243.2590488745
      ],
      [
       698475.8343932842,
       5487243.226989547
      ],
      [
       698475.7956993044,
       5487243.196792468
      ],
      [
       698475.755570233,
       5487243.168530388
      ],
      [
       698475.7141027441,
       5487243.14227139
      ],
      [
       698475.6713967368,
       5487243.118078736
      ],
      [
       698475.6275550934,
       5487243.096010707
      ],
      [
       698475.5826834323,
       5487243.076120468
      ],
      [
       698475.5368898533,
       5487243.058455935
      ],
      [
       698475.4902846772,
       5487243.043059664
      ],
      [
       698475.4429801799,
       5487243.029968747
      ],
      [
       698475.395090322,
       5487243.0192147195
      ],
      [
       698475.3467304744,
       5487243.01082349
      ],
      [
       698475.2980171402,
       5487243.004815273
      ],
      [
       698475.2490676743,
       5487243.001204544
      ],
      [
       698475.2,
       5487243.0
      ],
      [
       698475.1509323256,
       5487243.001204544
      ],
      [
       698475.1019828597,
       5487243.004815273
      ],
      [
       698475.0532695255,
       5487243.01082349
      ],
      [
       698475.0049096779,
       5487243.0192147195
      ],
      [
       698474.95701982,
       5487243.029968747
      ],
      [
       698474.9097153227,
       5487243.043059664
      ],
      [
       698474.8631101466,
       5487243.058455935
      ],
      [
       698474.8173165676,
       5487243.076120468
      ],
      [
       698474.7724449065,
       5487243.096010707
      ],
      [
       698474.7286032632,
       5487243.118078736
      ],
      [
       698474.6858972558,
       5487243.14227139
      ],
      [
       698474.6444297669,
       5487243.168530388
      ],
      [
       698474.6043006955,
       5487243.196792468
      ],
      [
       698474.5656067157,
       5487243.226989547
      ],
      [
       698474.5284410451,
       5487243.2590488745
      ],
      [
       698474.4928932188,
       5487243.292893219
      ],
      [
       698474.4590488746,
       5487243.328441045
      ],
      [
       698474.4269895466,
       5487243.365606716
      ],
      [
       698474.3967924685,
       5487243.404300695
      ],
      [
       698474.3685303876,
       5487243.444429767
      ],
      [
       698474.3422713899,
       5487243.485897256
      ],
      [
       698474.3180787356,
       5487243.528603263
      ],
      [
       698474.2960107068,
       5487243.572444906
      ],
      [
       698474.2761204675,
       5487243.617316567
      ],
      [
       698474.2584559348,
       5487243.663110146
      ],
      [
       698474.2430596643,
       5487243.709715323
      ],
      [
       698474.2299687468,
       5487243.75701982
      ],
      [
       698474.2192147196,
       5487243.804909678
      ],
      [
       698474.2108234899,
       5487243.853269526
      ],
      [
       698474.2048152733,
       5487243.90198286
      ],
      [
       698474.2012045437,
       5487243.950932326
      ],
      [
       698474.2,
       5487244.0
      ],
      [
       698474.2012045437,
       5487244.049067674
      ],
      [
       698474.2048152733,
       5487244.09801714
      ],
      [
       698474.2108234899,
       5487244.146730474
      ],
      [
       698474.2192147196,
       5487244.195090322
      ],
      [
       698474.2299687468,
       5487244.24298018
      ],
      [
       698474.2430596643,
       5487244.290284677
      ],
      [
       698474.2584559348,
       5487244.336889854
      ],
      [
       698474.2761204675,
       5487244.382683433
      ],
      [
       698474.2960107068,
       5487244.427555094
      ],
      [
       698474.3180787356,
       5487244.471396737
      ],
      [
       698474.3422713899,
       5487244.514102744
      ],
      [
       698474.3685303876,
       5487244.555570233
      ],
      [
       698474.3967924685,
       5487244.595699305
      ],
      [
       698474.4269895466,
       5487244.634393284
      ],
      [
       698474.4590488746,
       5487244.671558955
      ],
      [
       698474.4928932188,
       5487244.707106781
      ],
      [
       698474.5284410451,
       5487244.7409511255
      ],
      [
       698474.5656067157,
       5487244.773010453
      ],
      [
       698474.6043006955,
       5487244.803207532
      ],
      [
       698474.6444297669,
       5487244.831469612
      ],
      [
       698474.6858972558,
       5487244.85772861
      ],
      [
       698474.7286032632,
       5487244.881921264
      ],
      [
       698474.7724449065,
       5487244.903989293
      ],
      [
       698474.8173165676,
       5487244.923879532
      ],
      [
       698474.8631101466,
       5487244.941544065
      ],
      [
       698474.9097153227,
       5487244.956940336
      ],
      [
       698474.95701982,
       5487244.970031253
      ],
      [
       698475.0049096779,
       5487244.9807852805
      ],
      [
       698475.0532695255,
       5487244.98917651
      ],
      [
       698475.1019828597,
       5487244.995184727
      ],
      [
       698475.1509323256,
       5487244.998795456
      ],
      [
       698475.2,
       5487245.0
      ],
      [
       698475.2490676743,
       5487244.998795456
      ],
      [
       698475.2980171402,
       5487244.995184727
      ],
      [
       698475.3467304744,
       5487244.98917651
      ],
      [
       698475.395090322,
       5487244.9807852805
      ],
      [
       698475.4429801799,
       5487244.970031253
      ],
      [
       698475.4902846772,
       5487244.956940336
      ],
      [
       698475.5368898533,
       5487244.941544065
      ],
      [
       698475.5826834323,
       5487244.923879532
      ],
      [
       698475.6275550934,
       5487244.903989293
      ],
      [
       698475.6713967368,
       5487244.881921264
      ],
      [
       698475.7141027441,
       5487244.85772861
      ],
      [
       698475.755570233,
       5487244.831469612
      ],
      [
       698475.7956993044,
       5487244.803207532
      ],
      [
       698475.8343932842,
       5487244.773010453
      ],
      [
       698475.8715589548,
       5487244.7409511255
      ],
      [
       698475.9071067811,
       5487244.707106781
      ],
      [
       698475.9409511253,
       5487244.671558955
      ],
      [
       698475.9730104533,
       5487244.634393284
      ],
      [
       698476.0032075314,
       5487244.595699305
      ],
      [
       698476.0314696123,
       5487244.555570233
      ],
      [
       698476.05772861,
       5487244.514102744
      ],
      [
       698476.0819212643,
       5487244.471396737
      ],
      [
       698476.1039892931,
       5487244.427555094
      ],
      [
       698476.1238795324,
       5487244.382683433
      ],
      [
       698476.1415440651,
       5487244.336889854
      ],
      [
       698476.1569403356,
       5487244.290284677
      ],
      [
       698476.1700312531,
       5487244.24298018
      ],
      [
       698476.1807852803,
       5487244.195090322
      ],
      [
       698476.18917651,
       5487244.146730474
      ],
      [
       698476.1951847266,
       5487244.09801714
      ],
      [
       698476.1987954562,
       5487244.049067674
      ],
      [
       698476.2,
       5487244.0
      ]
     ]
    ]
   },
   "properties": {
    "grundstueck": "A14",
    "nr": 0,
    "klasse": "strauch",
    "hoehe_geschaetzt_m": 2.97,
    "hoehe_quelle": "Laser 2025, 99. Perzentil über Bodenpunkten (automatisch, nur Konsistenz)",
    "umriss_methode": "Kreis von Hand",
    "sicher": true,
    "notiz": "Strauch/Bäumchen ~3 m im Hof",
    "split": "dev",
    "zone": "Altstadt"
   }
  },
  {
   "type": "Feature",
   "geometry": {
    "type": "Polygon",
    "coordinates": [
     [
      [
       698469.0,
       5487240.0
      ],
      [
       698480.0,
       5487235.0
      ],
      [
       698484.0,
       5487238.0
      ],
      [
       698484.0,
       5487247.0
      ],
      [
       698477.0,
       5487247.0
      ],
      [
       698470.0,
       5487245.0
      ],
      [
       698469.0,
       5487240.0
      ]
     ]
    ]
   },
   "properties": {
    "grundstueck": "A14",
    "nr": 1,
    "klasse": "terrasse",
    "hoehe_geschaetzt_m": null,
    "hoehe_quelle": null,
    "umriss_methode": "Eckpunkte von Hand",
    "sicher": false,
    "notiz": "Hof westlich, grob",
    "split": "dev",
    "zone": "Altstadt"
   }
  },
  {
   "type": "Feature",
   "geometry": {
    "type": "Polygon",
    "coordinates": [
     [
      [
       698301.15,
       5487790.100000001
      ],
      [
       698306.4500000001,
       5487790.100000001
      ],
      [
       698306.4500000001,
       5487792.7
      ],
      [
       698301.15,
       5487792.7
      ],
      [
       698301.15,
       5487790.100000001
      ]
     ]
    ]
   },
   "properties": {
    "grundstueck": "A15",
    "nr": 0,
    "klasse": "gartenhaus",
    "hoehe_geschaetzt_m": 1.91,
    "hoehe_quelle": "Laser 2025, 99. Perzentil über Bodenpunkten (automatisch, nur Konsistenz)",
    "umriss_methode": "Rechteck von Hand",
    "sicher": true,
    "notiz": "Schuppen mit hellem Dach, Laser ~2 m",
    "split": "dev",
    "zone": "Altstadt"
   }
  },
  {
   "type": "Feature",
   "geometry": {
    "type": "Polygon",
    "coordinates": [
     [
      [
       698310.85,
       5487790.0
      ],
      [
       698314.35,
       5487790.0
      ],
      [
       698314.35,
       5487792.4
      ],
      [
       698310.85,
       5487792.4
      ],
      [
       698310.85,
       5487790.0
      ]
     ]
    ]
   },
   "properties": {
    "grundstueck": "A15",
    "nr": 1,
    "klasse": "gartenhaus",
    "hoehe_geschaetzt_m": 2.38,
    "hoehe_quelle": "Laser 2025, 99. Perzentil über Bodenpunkten (automatisch, nur Konsistenz)",
    "umriss_methode": "Rechteck von Hand",
    "sicher": false,
    "notiz": "kleiner Anbau/Unterstand",
    "split": "dev",
    "zone": "Altstadt"
   }
  },
  {
   "type": "Feature",
   "geometry": {
    "type": "Polygon",
    "coordinates": [
     [
      [
       698317.2,
       5487786.399999999
      ],
      [
       698323.8,
       5487786.399999999
      ],
      [
       698323.8,
       5487790.8
      ],
      [
       698317.2,
       5487790.8
      ],
      [
       698317.2,
       5487786.399999999
      ]
     ]
    ]
   },
   "properties": {
    "grundstueck": "A15",
    "nr": 2,
    "klasse": "carport_garage",
    "hoehe_geschaetzt_m": 2.33,
    "hoehe_quelle": "Laser 2025, 99. Perzentil über Bodenpunkten (automatisch, nur Konsistenz)",
    "umriss_methode": "Rechteck von Hand",
    "sicher": true,
    "notiz": "Nebengebäude mit rotem Dach, nicht im Hausumring, Laser ~3 m",
    "split": "dev",
    "zone": "Altstadt"
   }
  },
  {
   "type": "Feature",
   "geometry": {
    "type": "Polygon",
    "coordinates": [
     [
      [
       698284.0,
       5487775.0
      ],
      [
       698286.5,
       5487775.0
      ],
      [
       698286.0,
       5487795.0
      ],
      [
       698284.0,
       5487795.0
      ],
      [
       698284.0,
       5487775.0
      ]
     ]
    ]
   },
   "properties": {
    "grundstueck": "A15",
    "nr": 3,
    "klasse": "hecke",
    "hoehe_geschaetzt_m": 2.76,
    "hoehe_quelle": "Laser 2025, 99. Perzentil über Bodenpunkten (automatisch, nur Konsistenz)",
    "umriss_methode": "Eckpunkte von Hand",
    "sicher": true,
    "notiz": "Hecke an der Westgrenze ~2,5 m",
    "split": "dev",
    "zone": "Altstadt"
   }
  },
  {
   "type": "Feature",
   "geometry": {
    "type": "Polygon",
    "coordinates": [
     [
      [
       698286.0,
       5487793.5
      ],
      [
       698323.0,
       5487792.0
      ],
      [
       698323.0,
       5487793.6
      ],
      [
       698286.0,
       5487795.0
      ],
      [
       698286.0,
       5487793.5
      ]
     ]
    ]
   },
   "properties": {
    "grundstueck": "A15",
    "nr": 4,
    "klasse": "hecke",
    "hoehe_geschaetzt_m": 2.24,
    "hoehe_quelle": "Laser 2025, 99. Perzentil über Bodenpunkten (automatisch, nur Konsistenz)",
    "umriss_methode": "Eckpunkte von Hand",
    "sicher": true,
    "notiz": "Hecke/Gehölz an der Nordgrenze",
    "split": "dev",
    "zone": "Altstadt"
   }
  },
  {
   "type": "Feature",
   "geometry": {
    "type": "Polygon",
    "coordinates": [
     [
      [
       698789.7,
       5486990.0
      ],
      [
       698789.6981931842,
       5486989.926398489
      ],
      [
       698789.69277709,
       5486989.852974289
      ],
      [
       698789.6837647649,
       5486989.779904288
      ],
      [
       698789.6711779205,
       5486989.707364517
      ],
      [
       698789.6550468798,
       5486989.6355297305
      ],
      [
       698789.6354105036,
       5486989.564572984
      ],
      [
       698789.6123160977,
       5486989.494665219
      ],
      [
       698789.5858192988,
       5486989.4259748515
      ],
      [
       698789.5559839397,
       5486989.35866736
      ],
      [
       698789.5228818965,
       5486989.292904895
      ],
      [
       698789.4865929149,
       5486989.228845884
      ],
      [
       698789.4472044184,
       5486989.1666446505
      ],
      [
       698789.4048112972,
       5486989.106451043
      ],
      [
       698789.35951568,
       5486989.048410074
      ],
      [
       698789.311426688,
       5486988.992661567
      ],
      [
       698789.2606601717,
       5486988.939339829
      ],
      [
       698789.2073384322,
       5486988.888573312
      ],
      [
       698789.1515899262,
       5486988.84048432
      ],
      [
       698789.0935489567,
       5486988.795188703
      ],
      [
       698789.0333553494,
       5486988.752795582
      ],
      [
       698788.9711541162,
       5486988.713407085
      ],
      [
       698788.9070951052,
       5486988.677118103
      ],
      [
       698788.8413326401,
       5486988.64401606
      ],
      [
       698788.7740251485,
       5486988.614180701
      ],
      [
       698788.70533478,
       5486988.587683902
      ],
      [
       698788.6354270158,
       5486988.564589497
      ],
      [
       698788.5644702698,
       5486988.54495312
      ],
      [
       698788.4926354829,
       5486988.528822079
      ],
      [
       698788.4200957116,
       5486988.516235235
      ],
      [
       698788.3470257104,
       5486988.50722291
      ],
      [
       698788.2736015115,
       5486988.501806816
      ],
      [
       698788.2,
       5486988.5
      ],
      [
       698788.1263984884,
       5486988.501806816
      ],
      [
       698788.0529742895,
       5486988.50722291
      ],
      [
       698787.9799042883,
       5486988.516235235
      ],
      [
       698787.907364517,
       5486988.528822079
      ],
      [
       698787.8355297301,
       5486988.54495312
      ],
      [
       698787.7645729841,
       5486988.564589497
      ],
      [
       698787.6946652199,
       5486988.587683902
      ],
      [
       698787.6259748514,
       5486988.614180701
      ],
      [
       698787.5586673598,
       5486988.64401606
      ],
      [
       698787.4929048948,
       5486988.677118103
      ],
      [
       698787.4288458837,
       5486988.713407085
      ],
      [
       698787.3666446505,
       5486988.752795582
      ],
      [
       698787.3064510432,
       5486988.795188703
      ],
      [
       698787.2484100737,
       5486988.84048432
      ],
      [
       698787.1926615677,
       5486988.888573312
      ],
      [
       698787.1393398282,
       5486988.939339829
      ],
      [
       698787.0885733119,
       5486988.992661567
      ],
      [
       698787.0404843199,
       5486989.048410074
      ],
      [
       698786.9951887027,
       5486989.106451043
      ],
      [
       698786.9527955815,
       5486989.1666446505
      ],
      [
       698786.913407085,
       5486989.228845884
      ],
      [
       698786.8771181034,
       5486989.292904895
      ],
      [
       698786.8440160602,
       5486989.35866736
      ],
      [
       698786.8141807012,
       5486989.4259748515
      ],
      [
       698786.7876839022,
       5486989.494665219
      ],
      [
       698786.7645894963,
       5486989.564572984
      ],
      [
       698786.7449531201,
       5486989.6355297305
      ],
      [
       698786.7288220794,
       5486989.707364517
      ],
      [
       698786.716235235,
       5486989.779904288
      ],
      [
       698786.7072229099,
       5486989.852974289
      ],
      [
       698786.7018068157,
       5486989.926398489
      ],
      [
       698786.7,
       5486990.0
      ],
      [
       698786.7018068157,
       5486990.073601511
      ],
      [
       698786.7072229099,
       5486990.147025711
      ],
      [
       698786.716235235,
       5486990.220095712
      ],
      [
       698786.7288220794,
       5486990.292635483
      ],
      [
       698786.7449531201,
       5486990.3644702695
      ],
      [
       698786.7645894963,
       5486990.435427016
      ],
      [
       698786.7876839022,
       5486990.505334781
      ],
      [
       698786.8141807012,
       5486990.5740251485
      ],
      [
       698786.8440160602,
       5486990.64133264
      ],
      [
       698786.8771181034,
       5486990.707095105
      ],
      [
       698786.913407085,
       5486990.771154116
      ],
      [
       698786.9527955815,
       5486990.8333553495
      ],
      [
       698786.9951887027,
       5486990.893548957
      ],
      [
       698787.0404843199,
       5486990.951589926
      ],
      [
       698787.0885733119,
       5486991.007338433
      ],
      [
       698787.1393398282,
       5486991.060660171
      ],
      [
       698787.1926615677,
       5486991.111426688
      ],
      [
       698787.2484100737,
       5486991.15951568
      ],
      [
       698787.3064510432,
       5486991.204811297
      ],
      [
       698787.3666446505,
       5486991.247204418
      ],
      [
       698787.4288458837,
       5486991.286592915
      ],
      [
       698787.4929048948,
       5486991.322881897
      ],
      [
       698787.5586673598,
       5486991.35598394
      ],
      [
       698787.6259748514,
       5486991.385819299
      ],
      [
       698787.6946652199,
       5486991.412316098
      ],
      [
       698787.7645729841,
       5486991.435410503
      ],
      [
       698787.8355297301,
       5486991.45504688
      ],
      [
       698787.907364517,
       5486991.471177921
      ],
      [
       698787.9799042883,
       5486991.483764765
      ],
      [
       698788.0529742895,
       5486991.49277709
      ],
      [
       698788.1263984884,
       5486991.498193184
      ],
      [
       698788.2,
       5486991.5
      ],
      [
       698788.2736015115,
       5486991.498193184
      ],
      [
       698788.3470257104,
       5486991.49277709
      ],
      [
       698788.4200957116,
       5486991.483764765
      ],
      [
       698788.4926354829,
       5486991.471177921
      ],
      [
       698788.5644702698,
       5486991.45504688
      ],
      [
       698788.6354270158,
       5486991.435410503
      ],
      [
       698788.70533478,
       5486991.412316098
      ],
      [
       698788.7740251485,
       5486991.385819299
      ],
      [
       698788.8413326401,
       5486991.35598394
      ],
      [
       698788.9070951052,
       5486991.322881897
      ],
      [
       698788.9711541162,
       5486991.286592915
      ],
      [
       698789.0333553494,
       5486991.247204418
      ],
      [
       698789.0935489567,
       5486991.204811297
      ],
      [
       698789.1515899262,
       5486991.15951568
      ],
      [
       698789.2073384322,
       5486991.111426688
      ],
      [
       698789.2606601717,
       5486991.060660171
      ],
      [
       698789.311426688,
       5486991.007338433
      ],
      [
       698789.35951568,
       5486990.951589926
      ],
      [
       698789.4048112972,
       5486990.893548957
      ],
      [
       698789.4472044184,
       5486990.8333553495
      ],
      [
       698789.4865929149,
       5486990.771154116
      ],
      [
       698789.5228818965,
       5486990.707095105
      ],
      [
       698789.5559839397,
       5486990.64133264
      ],
      [
       698789.5858192988,
       5486990.5740251485
      ],
      [
       698789.6123160977,
       5486990.505334781
      ],
      [
       698789.6354105036,
       5486990.435427016
      ],
      [
       698789.6550468798,
       5486990.3644702695
      ],
      [
       698789.6711779205,
       5486990.292635483
      ],
      [
       698789.6837647649,
       5486990.220095712
      ],
      [
       698789.69277709,
       5486990.147025711
      ],
      [
       698789.6981931842,
       5486990.073601511
      ],
      [
       698789.7,
       5486990.0
      ]
     ]
    ]
   },
   "properties": {
    "grundstueck": "A16",
    "nr": 0,
    "klasse": "baum",
    "hoehe_geschaetzt_m": 9.07,
    "hoehe_quelle": "Laser 2025, 99. Perzentil über Bodenpunkten (automatisch, nur Konsistenz)",
    "umriss_methode": "Kreis von Hand",
    "sicher": true,
    "notiz": "Nadelbaum ~5 m (Ringmuster im Laser)",
    "split": "dev",
    "zone": "Altstadt"
   }
  },
  {
   "type": "Feature",
   "geometry": {
    "type": "Polygon",
    "coordinates": [
     [
      [
       698783.0,
       5486983.0
      ],
      [
       698789.0,
       5486982.0
      ],
      [
       698792.0,
       5486986.0
      ],
      [
       698790.0,
       5486993.0
      ],
      [
       698784.0,
       5486993.0
      ],
      [
       698782.0,
       5486988.0
      ],
      [
       698783.0,
       5486983.0
      ]
     ]
    ]
   },
   "properties": {
    "grundstueck": "A16",
    "nr": 1,
    "klasse": "baum",
    "hoehe_geschaetzt_m": 7.74,
    "hoehe_quelle": "Laser 2025, 99. Perzentil über Bodenpunkten (automatisch, nur Konsistenz)",
    "umriss_methode": "Eckpunkte von Hand",
    "sicher": false,
    "notiz": "Gehölzgruppe im Hof",
    "split": "dev",
    "zone": "Altstadt"
   }
  },
  {
   "type": "Feature",
   "geometry": {
    "type": "Polygon",
    "coordinates": [
     [
      [
       698870.5,
       5486976.0
      ],
      [
       698881.0,
       5486970.5
      ],
      [
       698881.0,
       5486969.2
      ],
      [
       698870.5,
       5486974.6
      ],
      [
       698870.5,
       5486976.0
      ]
     ]
    ]
   },
   "properties": {
    "grundstueck": "A17",
    "nr": 0,
    "klasse": "hecke",
    "hoehe_geschaetzt_m": 1.29,
    "hoehe_quelle": "Laser 2025, 99. Perzentil über Bodenpunkten (automatisch, nur Konsistenz)",
    "umriss_methode": "Eckpunkte von Hand",
    "sicher": true,
    "notiz": "Hecke/Mauerkrone an der Nordgrenze ~1,5 m",
    "split": "dev",
    "zone": "Altstadt"
   }
  },
  {
   "type": "Feature",
   "geometry": {
    "type": "Polygon",
    "coordinates": [
     [
      [
       699113.0,
       5486750.5
      ],
      [
       699117.0,
       5486754.0
      ],
      [
       699124.0,
       5486749.0
      ],
      [
       699122.0,
       5486746.0
      ],
      [
       699117.0,
       5486743.5
      ],
      [
       699113.0,
       5486750.5
      ]
     ]
    ]
   },
   "properties": {
    "grundstueck": "A18",
    "nr": 0,
    "klasse": "terrasse",
    "hoehe_geschaetzt_m": null,
    "hoehe_quelle": null,
    "umriss_methode": "Eckpunkte von Hand",
    "sicher": false,
    "notiz": "helle Terrasse am Haus, Steinbogen",
    "split": "test",
    "zone": "Altstadt"
   }
  },
  {
   "type": "Feature",
   "geometry": {
    "type": "Polygon",
    "coordinates": [
     [
      [
       699114.0,
       5486736.0
      ],
      [
       699121.0,
       5486736.0
      ],
      [
       699122.0,
       5486740.0
      ],
      [
       699118.0,
       5486742.0
      ],
      [
       699114.0,
       5486740.0
      ],
      [
       699114.0,
       5486736.0
      ]
     ]
    ]
   },
   "properties": {
    "grundstueck": "A18",
    "nr": 1,
    "klasse": "baum",
    "hoehe_geschaetzt_m": 3.99,
    "hoehe_quelle": "Laser 2025, 99. Perzentil über Bodenpunkten (automatisch, nur Konsistenz)",
    "umriss_methode": "Eckpunkte von Hand",
    "sicher": false,
    "notiz": "Gehölz an der Südspitze",
    "split": "test",
    "zone": "Altstadt"
   }
  },
  {
   "type": "Feature",
   "geometry": {
    "type": "Polygon",
    "coordinates": [
     [
      [
       698542.2401487462,
       5486076.64716294
      ],
      [
       698545.7174817207,
       5486077.578911503
      ],
      [
       698544.7598512538,
       5486081.15283706
      ],
      [
       698541.2825182793,
       5486080.221088498
      ],
      [
       698542.2401487462,
       5486076.64716294
      ]
     ]
    ]
   },
   "properties": {
    "grundstueck": "A19",
    "nr": 0,
    "klasse": "gartenhaus",
    "hoehe_geschaetzt_m": 2.6,
    "hoehe_quelle": "Laser 2025, 99. Perzentil über Bodenpunkten (automatisch, nur Konsistenz)",
    "umriss_methode": "Rechteck von Hand",
    "sicher": true,
    "notiz": "Gartenhaus mit rotem Dach an der SW-Ecke, Laser ~2,5 m",
    "split": "dev",
    "zone": "Altstadt"
   }
  },
  {
   "type": "Feature",
   "geometry": {
    "type": "Polygon",
    "coordinates": [
     [
      [
       698542.0807611845,
       5486082.907831667
      ],
      [
       698544.5921683328,
       5486083.580761185
      ],
      [
       698543.9192388155,
       5486086.092168333
      ],
      [
       698541.4078316672,
       5486085.419238815
      ],
      [
       698542.0807611845,
       5486082.907831667
      ]
     ]
    ]
   },
   "properties": {
    "grundstueck": "A19",
    "nr": 1,
    "klasse": "gartenhaus",
    "hoehe_geschaetzt_m": 1.95,
    "hoehe_quelle": "Laser 2025, 99. Perzentil über Bodenpunkten (automatisch, nur Konsistenz)",
    "umriss_methode": "Rechteck von Hand",
    "sicher": false,
    "notiz": "kleiner grauer Schuppen nördlich davon",
    "split": "dev",
    "zone": "Altstadt"
   }
  },
  {
   "type": "Feature",
   "geometry": {
    "type": "Polygon",
    "coordinates": [
     [
      [
       698541.0016024595,
       5486090.420800233
      ],
      [
       698547.7630832435,
       5486092.232533549
      ],
      [
       698546.5983975406,
       5486096.579199767
      ],
      [
       698539.8369167566,
       5486094.767466451
      ],
      [
       698541.0016024595,
       5486090.420800233
      ]
     ]
    ]
   },
   "properties": {
    "grundstueck": "A19",
    "nr": 2,
    "klasse": "carport_garage",
    "hoehe_geschaetzt_m": 4.05,
    "hoehe_quelle": "Laser 2025, 99. Perzentil über Bodenpunkten (automatisch, nur Konsistenz)",
    "umriss_methode": "Rechteck von Hand",
    "sicher": true,
    "notiz": "Anbau mit Wellblech-/Lichtdach (Laser ~2,5–3 m), nur teils im Hausumring",
    "split": "dev",
    "zone": "Altstadt"
   }
  },
  {
   "type": "Feature",
   "geometry": {
    "type": "Polygon",
    "coordinates": [
     [
      [
       698539.0,
       5486090.0
      ],
      [
       698555.0,
       5486095.0
      ],
      [
       698558.0,
       5486092.0
      ],
      [
       698554.0,
       5486089.0
      ],
      [
       698541.0,
       5486086.0
      ],
      [
       698539.0,
       5486090.0
      ]
     ]
    ]
   },
   "properties": {
    "grundstueck": "A19",
    "nr": 3,
    "klasse": "terrasse",
    "hoehe_geschaetzt_m": null,
    "hoehe_quelle": null,
    "umriss_methode": "Eckpunkte von Hand",
    "sicher": false,
    "notiz": "Terrasse/Weg mit Stufen",
    "split": "dev",
    "zone": "Altstadt"
   }
  },
  {
   "type": "Feature",
   "geometry": {
    "type": "Polygon",
    "coordinates": [
     [
      [
       698385.0,
       5486262.0
      ],
      [
       698390.0,
       5486260.0
      ],
      [
       698393.0,
       5486264.0
      ],
      [
       698392.0,
       5486271.0
      ],
      [
       698387.0,
       5486272.0
      ],
      [
       698384.0,
       5486267.0
      ],
      [
       698385.0,
       5486262.0
      ]
     ]
    ]
   },
   "properties": {
    "grundstueck": "A20",
    "nr": 0,
    "klasse": "baum",
    "hoehe_geschaetzt_m": 14.1,
    "hoehe_quelle": "Laser 2025, 99. Perzentil über Bodenpunkten (automatisch, nur Konsistenz)",
    "umriss_methode": "Eckpunkte von Hand",
    "sicher": false,
    "notiz": "Baum an der Westgrenze, Stamm vermutlich außerhalb",
    "split": "dev",
    "zone": "Altstadt"
   }
  },
  {
   "type": "Feature",
   "geometry": {
    "type": "Polygon",
    "coordinates": [
     [
      [
       699501.0,
       5486882.0
      ],
      [
       699507.0,
       5486879.0
      ],
      [
       699511.0,
       5486881.0
      ],
      [
       699511.0,
       5486890.0
      ],
      [
       699507.0,
       5486895.0
      ],
      [
       699502.0,
       5486893.0
      ],
      [
       699501.0,
       5486882.0
      ]
     ]
    ]
   },
   "properties": {
    "grundstueck": "H01",
    "nr": 0,
    "klasse": "baum",
    "hoehe_geschaetzt_m": 19.93,
    "hoehe_quelle": "Laser 2025, 99. Perzentil über Bodenpunkten (automatisch, nur Konsistenz)",
    "umriss_methode": "Eckpunkte von Hand",
    "sicher": false,
    "notiz": "Laubbaum(e) West, Kronen verschmolzen",
    "split": "dev",
    "zone": "Hang"
   }
  },
  {
   "type": "Feature",
   "geometry": {
    "type": "Polygon",
    "coordinates": [
     [
      [
       699510.5,
       5486870.0
      ],
      [
       699516.0,
       5486868.0
      ],
      [
       699520.5,
       5486872.0
      ],
      [
       699519.0,
       5486879.0
      ],
      [
       699513.0,
       5486880.0
      ],
      [
       699510.5,
       5486875.0
      ],
      [
       699510.5,
       5486870.0
      ]
     ]
    ]
   },
   "properties": {
    "grundstueck": "H01",
    "nr": 1,
    "klasse": "baum",
    "hoehe_geschaetzt_m": 15.87,
    "hoehe_quelle": "Laser 2025, 99. Perzentil über Bodenpunkten (automatisch, nur Konsistenz)",
    "umriss_methode": "Eckpunkte von Hand",
    "sicher": true,
    "notiz": "großer Laubbaum Süd",
    "split": "dev",
    "zone": "Hang"
   }
  },
  {
   "type": "Feature",
   "geometry": {
    "type": "Polygon",
    "coordinates": [
     [
      [
       699528.5,
       5486879.5
      ],
      [
       699537.5,
       5486885.5
      ],
      [
       699538.0,
       5486884.5
      ],
      [
       699529.5,
       5486878.5
      ],
      [
       699528.5,
       5486879.5
      ]
     ]
    ]
   },
   "properties": {
    "grundstueck": "H01",
    "nr": 2,
    "klasse": "hecke",
    "hoehe_geschaetzt_m": 5.9,
    "hoehe_quelle": "Laser 2025, 99. Perzentil über Bodenpunkten (automatisch, nur Konsistenz)",
    "umriss_methode": "Eckpunkte von Hand",
    "sicher": false,
    "notiz": "Gehölzstreifen an der SO-Grenze",
    "split": "dev",
    "zone": "Hang"
   }
  },
  {
   "type": "Feature",
   "geometry": {
    "type": "Polygon",
    "coordinates": [
     [
      [
       698033.1204232842,
       5487774.904423516
      ],
      [
       698036.2718080939,
       5487774.348749348
      ],
      [
       698036.8795767158,
       5487777.795576483
      ],
      [
       698033.7281919061,
       5487778.351250651
      ],
      [
       698033.1204232842,
       5487774.904423516
      ]
     ]
    ]
   },
   "properties": {
    "grundstueck": "H02",
    "nr": 0,
    "klasse": "gartenhaus",
    "hoehe_geschaetzt_m": 2.6,
    "hoehe_quelle": "Laser 2025, 99. Perzentil über Bodenpunkten (automatisch, nur Konsistenz)",
    "umriss_methode": "Rechteck von Hand",
    "sicher": true,
    "notiz": "Gerätehaus mit hellem Dach, Umriss nach Laser",
    "split": "dev",
    "zone": "Hang"
   }
  },
  {
   "type": "Feature",
   "geometry": {
    "type": "Polygon",
    "coordinates": [
     [
      [
       698042.289449616,
       5487773.593398099
      ],
      [
       698044.259065122,
       5487773.246101744
      ],
      [
       698044.710550384,
       5487775.806601902
      ],
      [
       698042.740934878,
       5487776.153898257
      ],
      [
       698042.289449616,
       5487773.593398099
      ]
     ]
    ]
   },
   "properties": {
    "grundstueck": "H02",
    "nr": 1,
    "klasse": "gewaechshaus",
    "hoehe_geschaetzt_m": 2.15,
    "hoehe_quelle": "Laser 2025, 99. Perzentil über Bodenpunkten (automatisch, nur Konsistenz)",
    "umriss_methode": "Rechteck von Hand",
    "sicher": false,
    "notiz": "bläuliches Objekt (Folientunnel?) im DOP, Laser nur Vegetation",
    "split": "dev",
    "zone": "Hang"
   }
  },
  {
   "type": "Feature",
   "geometry": {
    "type": "Polygon",
    "coordinates": [
     [
      [
       698044.5,
       5487765.0
      ],
      [
       698047.5,
       5487779.0
      ],
      [
       698046.5,
       5487779.2
      ],
      [
       698043.5,
       5487765.2
      ],
      [
       698044.5,
       5487765.0
      ]
     ]
    ]
   },
   "properties": {
    "grundstueck": "H02",
    "nr": 2,
    "klasse": "hecke",
    "hoehe_geschaetzt_m": 3.93,
    "hoehe_quelle": "Laser 2025, 99. Perzentil über Bodenpunkten (automatisch, nur Konsistenz)",
    "umriss_methode": "Eckpunkte von Hand",
    "sicher": false,
    "notiz": "Gehölz an der Ostgrenze",
    "split": "dev",
    "zone": "Hang"
   }
  },
  {
   "type": "Feature",
   "geometry": {
    "type": "Polygon",
    "coordinates": [
     [
      [
       699408.0,
       5486964.0
      ],
      [
       699412.0,
       5486962.5
      ],
      [
       699416.0,
       5486965.0
      ],
      [
       699417.0,
       5486970.0
      ],
      [
       699413.0,
       5486974.0
      ],
      [
       699409.0,
       5486971.0
      ],
      [
       699408.0,
       5486964.0
      ]
     ]
    ]
   },
   "properties": {
    "grundstueck": "H03",
    "nr": 0,
    "klasse": "baum",
    "hoehe_geschaetzt_m": 12.73,
    "hoehe_quelle": "Laser 2025, 99. Perzentil über Bodenpunkten (automatisch, nur Konsistenz)",
    "umriss_methode": "Eckpunkte von Hand",
    "sicher": true,
    "notiz": "Laubbaum im Nordgarten",
    "split": "dev",
    "zone": "Hang"
   }
  },
  {
   "type": "Feature",
   "geometry": {
    "type": "Polygon",
    "coordinates": [
     [
      [
       699415.0,
       5486950.0
      ],
      [
       699420.0,
       5486950.0
      ],
      [
       699422.0,
       5486954.0
      ],
      [
       699420.0,
       5486959.0
      ],
      [
       699416.0,
       5486958.0
      ],
      [
       699415.0,
       5486950.0
      ]
     ]
    ]
   },
   "properties": {
    "grundstueck": "H03",
    "nr": 1,
    "klasse": "baum",
    "hoehe_geschaetzt_m": 11.59,
    "hoehe_quelle": "Laser 2025, 99. Perzentil über Bodenpunkten (automatisch, nur Konsistenz)",
    "umriss_methode": "Eckpunkte von Hand",
    "sicher": false,
    "notiz": "Baum an der Ostgrenze, Stamm evtl. Nachbar",
    "split": "dev",
    "zone": "Hang"
   }
  },
  {
   "type": "Feature",
   "geometry": {
    "type": "Polygon",
    "coordinates": [
     [
      [
       699379.0,
       5486957.5
      ],
      [
       699384.0,
       5486960.5
      ],
      [
       699388.0,
       5486957.5
      ],
      [
       699387.5,
       5486952.0
      ],
      [
       699385.0,
       5486947.5
      ],
      [
       699381.0,
       5486950.0
      ],
      [
       699379.0,
       5486957.5
      ]
     ]
    ]
   },
   "properties": {
    "grundstueck": "H03",
    "nr": 2,
    "klasse": "terrasse",
    "hoehe_geschaetzt_m": null,
    "hoehe_quelle": null,
    "umriss_methode": "Eckpunkte von Hand",
    "sicher": false,
    "notiz": "Hof/Zufahrt zur Straße",
    "split": "dev",
    "zone": "Hang"
   }
  },
  {
   "type": "Feature",
   "geometry": {
    "type": "Polygon",
    "coordinates": [
     [
      [
       699623.5,
       5486646.0
      ],
      [
       699627.0,
       5486644.5
      ],
      [
       699631.0,
       5486646.5
      ],
      [
       699632.0,
       5486651.0
      ],
      [
       699629.5,
       5486654.0
      ],
      [
       699625.0,
       5486652.0
      ],
      [
       699623.5,
       5486646.0
      ]
     ]
    ]
   },
   "properties": {
    "grundstueck": "H04",
    "nr": 0,
    "klasse": "baum",
    "hoehe_geschaetzt_m": 12.85,
    "hoehe_quelle": "Laser 2025, 99. Perzentil über Bodenpunkten (automatisch, nur Konsistenz)",
    "umriss_methode": "Eckpunkte von Hand",
    "sicher": true,
    "notiz": "großer Baum nordwestlich des Hauses",
    "split": "test",
    "zone": "Hang"
   }
  },
  {
   "type": "Feature",
   "geometry": {
    "type": "Polygon",
    "coordinates": [
     [
      [
       699622.5,
       5486622.2
      ],
      [
       699622.4975909124,
       5486622.101864652
      ],
      [
       699622.4903694533,
       5486622.00396572
      ],
      [
       699622.4783530199,
       5486621.906539051
      ],
      [
       699622.4615705608,
       5486621.809819357
      ],
      [
       699622.4400625064,
       5486621.7140396405
      ],
      [
       699622.4138806715,
       5486621.619430645
      ],
      [
       699622.3830881304,
       5486621.526220294
      ],
      [
       699622.347759065,
       5486621.434633136
      ],
      [
       699622.3079785863,
       5486621.344889813
      ],
      [
       699622.2638425287,
       5486621.257206527
      ],
      [
       699622.21545722,
       5486621.171794511
      ],
      [
       699622.1629392246,
       5486621.088859534
      ],
      [
       699622.1064150629,
       5486621.008601391
      ],
      [
       699622.0460209068,
       5486620.931213432
      ],
      [
       699621.9819022507,
       5486620.856882091
      ],
      [
       699621.9142135624,
       5486620.785786438
      ],
      [
       699621.8431179097,
       5486620.718097749
      ],
      [
       699621.7687865683,
       5486620.653979094
      ],
      [
       699621.691398609,
       5486620.593584937
      ],
      [
       699621.6111404661,
       5486620.537060776
      ],
      [
       699621.5282054883,
       5486620.484542781
      ],
      [
       699621.4427934736,
       5486620.4361574715
      ],
      [
       699621.3551101869,
       5486620.392021414
      ],
      [
       699621.2653668647,
       5486620.352240935
      ],
      [
       699621.1737797068,
       5486620.31691187
      ],
      [
       699621.0805693545,
       5486620.286119329
      ],
      [
       699620.9859603598,
       5486620.259937494
      ],
      [
       699620.890180644,
       5486620.238429439
      ],
      [
       699620.7934609489,
       5486620.22164698
      ],
      [
       699620.6960342807,
       5486620.209630547
      ],
      [
       699620.5981353486,
       5486620.202409088
      ],
      [
       699620.5,
       5486620.2
      ],
      [
       699620.4018646514,
       5486620.202409088
      ],
      [
       699620.3039657193,
       5486620.209630547
      ],
      [
       699620.2065390511,
       5486620.22164698
      ],
      [
       699620.109819356,
       5486620.238429439
      ],
      [
       699620.0140396402,
       5486620.259937494
      ],
      [
       699619.9194306455,
       5486620.286119329
      ],
      [
       699619.8262202932,
       5486620.31691187
      ],
      [
       699619.7346331353,
       5486620.352240935
      ],
      [
       699619.6448898131,
       5486620.392021414
      ],
      [
       699619.5572065264,
       5486620.4361574715
      ],
      [
       699619.4717945117,
       5486620.484542781
      ],
      [
       699619.3888595339,
       5486620.537060776
      ],
      [
       699619.308601391,
       5486620.593584937
      ],
      [
       699619.2312134317,
       5486620.653979094
      ],
      [
       699619.1568820903,
       5486620.718097749
      ],
      [
       699619.0857864376,
       5486620.785786438
      ],
      [
       699619.0180977493,
       5486620.856882091
      ],
      [
       699618.9539790932,
       5486620.931213432
      ],
      [
       699618.8935849371,
       5486621.008601391
      ],
      [
       699618.8370607754,
       5486621.088859534
      ],
      [
       699618.78454278,
       5486621.171794511
      ],
      [
       699618.7361574713,
       5486621.257206527
      ],
      [
       699618.6920214137,
       5486621.344889813
      ],
      [
       699618.652240935,
       5486621.434633136
      ],
      [
       699618.6169118696,
       5486621.526220294
      ],
      [
       699618.5861193285,
       5486621.619430645
      ],
      [
       699618.5599374936,
       5486621.7140396405
      ],
      [
       699618.5384294392,
       5486621.809819357
      ],
      [
       699618.5216469801,
       5486621.906539051
      ],
      [
       699618.5096305467,
       5486622.00396572
      ],
      [
       699618.5024090876,
       5486622.101864652
      ],
      [
       699618.5,
       5486622.2
      ],
      [
       699618.5024090876,
       5486622.298135349
      ],
      [
       699618.5096305467,
       5486622.396034281
      ],
      [
       699618.5216469801,
       5486622.4934609495
      ],
      [
       699618.5384294392,
       5486622.590180644
      ],
      [
       699618.5599374936,
       5486622.68596036
      ],
      [
       699618.5861193285,
       5486622.780569355
      ],
      [
       699618.6169118696,
       5486622.873779707
      ],
      [
       699618.652240935,
       5486622.965366865
      ],
      [
       699618.6920214137,
       5486623.055110187
      ],
      [
       699618.7361574713,
       5486623.142793474
      ],
      [
       699618.78454278,
       5486623.228205489
      ],
      [
       699618.8370607754,
       5486623.3111404665
      ],
      [
       699618.8935849371,
       5486623.39139861
      ],
      [
       699618.9539790932,
       5486623.468786568
      ],
      [
       699619.0180977493,
       5486623.54311791
      ],
      [
       699619.0857864376,
       5486623.614213563
      ],
      [
       699619.1568820903,
       5486623.681902251
      ],
      [
       699619.2312134317,
       5486623.746020907
      ],
      [
       699619.308601391,
       5486623.806415063
      ],
      [
       699619.3888595339,
       5486623.862939225
      ],
      [
       699619.4717945117,
       5486623.91545722
      ],
      [
       699619.5572065264,
       5486623.963842529
      ],
      [
       699619.6448898131,
       5486624.0079785865
      ],
      [
       699619.7346331353,
       5486624.047759065
      ],
      [
       699619.8262202932,
       5486624.083088131
      ],
      [
       699619.9194306455,
       5486624.113880672
      ],
      [
       699620.0140396402,
       5486624.140062506
      ],
      [
       699620.109819356,
       5486624.161570561
      ],
      [
       699620.2065390511,
       5486624.17835302
      ],
      [
       699620.3039657193,
       5486624.190369453
      ],
      [
       699620.4018646514,
       5486624.197590913
      ],
      [
       699620.5,
       5486624.2
      ],
      [
       699620.5981353486,
       5486624.197590913
      ],
      [
       699620.6960342807,
       5486624.190369453
      ],
      [
       699620.7934609489,
       5486624.17835302
      ],
      [
       699620.890180644,
       5486624.161570561
      ],
      [
       699620.9859603598,
       5486624.140062506
      ],
      [
       699621.0805693545,
       5486624.113880672
      ],
      [
       699621.1737797068,
       5486624.083088131
      ],
      [
       699621.2653668647,
       5486624.047759065
      ],
      [
       699621.3551101869,
       5486624.0079785865
      ],
      [
       699621.4427934736,
       5486623.963842529
      ],
      [
       699621.5282054883,
       5486623.91545722
      ],
      [
       699621.6111404661,
       5486623.862939225
      ],
      [
       699621.691398609,
       5486623.806415063
      ],
      [
       699621.7687865683,
       5486623.746020907
      ],
      [
       699621.8431179097,
       5486623.681902251
      ],
      [
       699621.9142135624,
       5486623.614213563
      ],
      [
       699621.9819022507,
       5486623.54311791
      ],
      [
       699622.0460209068,
       5486623.468786568
      ],
      [
       699622.1064150629,
       5486623.39139861
      ],
      [
       699622.1629392246,
       5486623.3111404665
      ],
      [
       699622.21545722,
       5486623.228205489
      ],
      [
       699622.2638425287,
       5486623.142793474
      ],
      [
       699622.3079785863,
       5486623.055110187
      ],
      [
       699622.347759065,
       5486622.965366865
      ],
      [
       699622.3830881304,
       5486622.873779707
      ],
      [
       699622.4138806715,
       5486622.780569355
      ],
      [
       699622.4400625064,
       5486622.68596036
      ],
      [
       699622.4615705608,
       5486622.590180644
      ],
      [
       699622.4783530199,
       5486622.4934609495
      ],
      [
       699622.4903694533,
       5486622.396034281
      ],
      [
       699622.4975909124,
       5486622.298135349
      ],
      [
       699622.5,
       5486622.2
      ]
     ]
    ]
   },
   "properties": {
    "grundstueck": "H04",
    "nr": 1,
    "klasse": "baum",
    "hoehe_geschaetzt_m": 11.77,
    "hoehe_quelle": "Laser 2025, 99. Perzentil über Bodenpunkten (automatisch, nur Konsistenz)",
    "umriss_methode": "Kreis von Hand",
    "sicher": false,
    "notiz": "Baum an der Garage, Grenzlage",
    "split": "test",
    "zone": "Hang"
   }
  },
  {
   "type": "Feature",
   "geometry": {
    "type": "Polygon",
    "coordinates": [
     [
      [
       698725.55,
       5486128.5
      ],
      [
       698725.5478920484,
       5486128.41413157
      ],
      [
       698725.5415732717,
       5486128.328470005
      ],
      [
       698725.5310588925,
       5486128.243221669
      ],
      [
       698725.5163742407,
       5486128.158591936
      ],
      [
       698725.4975546931,
       5486128.074784685
      ],
      [
       698725.4746455876,
       5486127.992001815
      ],
      [
       698725.4477021141,
       5486127.9104427565
      ],
      [
       698725.416789182,
       5486127.830303993
      ],
      [
       698725.381981263,
       5486127.751778587
      ],
      [
       698725.3433622126,
       5486127.675055711
      ],
      [
       698725.3010250676,
       5486127.600320198
      ],
      [
       698725.2550718216,
       5486127.527752092
      ],
      [
       698725.2056131802,
       5486127.457526217
      ],
      [
       698725.1527682934,
       5486127.389811752
      ],
      [
       698725.0966644695,
       5486127.324771829
      ],
      [
       698725.0374368671,
       5486127.262563133
      ],
      [
       698724.975228171,
       5486127.203335531
      ],
      [
       698724.9101882473,
       5486127.147231706
      ],
      [
       698724.842473783,
       5486127.09438682
      ],
      [
       698724.7722479078,
       5486127.044928178
      ],
      [
       698724.6996798024,
       5486126.998974932
      ],
      [
       698724.6249442894,
       5486126.956637788
      ],
      [
       698724.5482214135,
       5486126.918018737
      ],
      [
       698724.4696960067,
       5486126.883210818
      ],
      [
       698724.3895572434,
       5486126.852297886
      ],
      [
       698724.3079981853,
       5486126.825354412
      ],
      [
       698724.2252153149,
       5486126.802445307
      ],
      [
       698724.1414080636,
       5486126.783625759
      ],
      [
       698724.0567783304,
       5486126.768941107
      ],
      [
       698723.9715299957,
       5486126.758426729
      ],
      [
       698723.8858684301,
       5486126.752107952
      ],
      [
       698723.8,
       5486126.75
      ],
      [
       698723.71413157,
       5486126.752107952
      ],
      [
       698723.6284700044,
       5486126.758426729
      ],
      [
       698723.5432216697,
       5486126.768941107
      ],
      [
       698723.4585919365,
       5486126.783625759
      ],
      [
       698723.3747846852,
       5486126.802445307
      ],
      [
       698723.2920018148,
       5486126.825354412
      ],
      [
       698723.2104427567,
       5486126.852297886
      ],
      [
       698723.1303039934,
       5486126.883210818
      ],
      [
       698723.0517785866,
       5486126.918018737
      ],
      [
       698722.9750557106,
       5486126.956637788
      ],
      [
       698722.9003201977,
       5486126.998974932
      ],
      [
       698722.8277520923,
       5486127.044928178
      ],
      [
       698722.7575262171,
       5486127.09438682
      ],
      [
       698722.6898117528,
       5486127.147231706
      ],
      [
       698722.6247718291,
       5486127.203335531
      ],
      [
       698722.562563133,
       5486127.262563133
      ],
      [
       698722.5033355306,
       5486127.324771829
      ],
      [
       698722.4472317067,
       5486127.389811752
      ],
      [
       698722.3943868199,
       5486127.457526217
      ],
      [
       698722.3449281785,
       5486127.527752092
      ],
      [
       698722.2989749325,
       5486127.600320198
      ],
      [
       698722.2566377874,
       5486127.675055711
      ],
      [
       698722.218018737,
       5486127.751778587
      ],
      [
       698722.1832108181,
       5486127.830303993
      ],
      [
       698722.152297886,
       5486127.9104427565
      ],
      [
       698722.1253544125,
       5486127.992001815
      ],
      [
       698722.102445307,
       5486128.074784685
      ],
      [
       698722.0836257593,
       5486128.158591936
      ],
      [
       698722.0689411076,
       5486128.243221669
      ],
      [
       698722.0584267284,
       5486128.328470005
      ],
      [
       698722.0521079517,
       5486128.41413157
      ],
      [
       698722.05,
       5486128.5
      ],
      [
       698722.0521079517,
       5486128.58586843
      ],
      [
       698722.0584267284,
       5486128.671529995
      ],
      [
       698722.0689411076,
       5486128.756778331
      ],
      [
       698722.0836257593,
       5486128.841408064
      ],
      [
       698722.102445307,
       5486128.925215315
      ],
      [
       698722.1253544125,
       5486129.007998185
      ],
      [
       698722.152297886,
       5486129.0895572435
      ],
      [
       698722.1832108181,
       5486129.169696007
      ],
      [
       698722.218018737,
       5486129.248221413
      ],
      [
       698722.2566377874,
       5486129.324944289
      ],
      [
       698722.2989749325,
       5486129.399679802
      ],
      [
       698722.3449281785,
       5486129.472247908
      ],
      [
       698722.3943868199,
       5486129.542473783
      ],
      [
       698722.4472317067,
       5486129.610188248
      ],
      [
       698722.5033355306,
       5486129.675228171
      ],
      [
       698722.562563133,
       5486129.737436867
      ],
      [
       698722.6247718291,
       5486129.796664469
      ],
      [
       698722.6898117528,
       5486129.852768294
      ],
      [
       698722.7575262171,
       5486129.90561318
      ],
      [
       698722.8277520923,
       5486129.955071822
      ],
      [
       698722.9003201977,
       5486130.001025068
      ],
      [
       698722.9750557106,
       5486130.043362212
      ],
      [
       698723.0517785866,
       5486130.081981263
      ],
      [
       698723.1303039934,
       5486130.116789182
      ],
      [
       698723.2104427567,
       5486130.147702114
      ],
      [
       698723.2920018148,
       5486130.174645588
      ],
      [
       698723.3747846852,
       5486130.197554693
      ],
      [
       698723.4585919365,
       5486130.216374241
      ],
      [
       698723.5432216697,
       5486130.231058893
      ],
      [
       698723.6284700044,
       5486130.241573271
      ],
      [
       698723.71413157,
       5486130.247892048
      ],
      [
       698723.8,
       5486130.25
      ],
      [
       698723.8858684301,
       5486130.247892048
      ],
      [
       698723.9715299957,
       5486130.241573271
      ],
      [
       698724.0567783304,
       5486130.231058893
      ],
      [
       698724.1414080636,
       5486130.216374241
      ],
      [
       698724.2252153149,
       5486130.197554693
      ],
      [
       698724.3079981853,
       5486130.174645588
      ],
      [
       698724.3895572434,
       5486130.147702114
      ],
      [
       698724.4696960067,
       5486130.116789182
      ],
      [
       698724.5482214135,
       5486130.081981263
      ],
      [
       698724.6249442894,
       5486130.043362212
      ],
      [
       698724.6996798024,
       5486130.001025068
      ],
      [
       698724.7722479078,
       5486129.955071822
      ],
      [
       698724.842473783,
       5486129.90561318
      ],
      [
       698724.9101882473,
       5486129.852768294
      ],
      [
       698724.975228171,
       5486129.796664469
      ],
      [
       698725.0374368671,
       5486129.737436867
      ],
      [
       698725.0966644695,
       5486129.675228171
      ],
      [
       698725.1527682934,
       5486129.610188248
      ],
      [
       698725.2056131802,
       5486129.542473783
      ],
      [
       698725.2550718216,
       5486129.472247908
      ],
      [
       698725.3010250676,
       5486129.399679802
      ],
      [
       698725.3433622126,
       5486129.324944289
      ],
      [
       698725.381981263,
       5486129.248221413
      ],
      [
       698725.416789182,
       5486129.169696007
      ],
      [
       698725.4477021141,
       5486129.0895572435
      ],
      [
       698725.4746455876,
       5486129.007998185
      ],
      [
       698725.4975546931,
       5486128.925215315
      ],
      [
       698725.5163742407,
       5486128.841408064
      ],
      [
       698725.5310588925,
       5486128.756778331
      ],
      [
       698725.5415732717,
       5486128.671529995
      ],
      [
       698725.5478920484,
       5486128.58586843
      ],
      [
       698725.55,
       5486128.5
      ]
     ]
    ]
   },
   "properties": {
    "grundstueck": "H05",
    "nr": 0,
    "klasse": "strauch",
    "hoehe_geschaetzt_m": 3.46,
    "hoehe_quelle": "Laser 2025, 99. Perzentil über Bodenpunkten (automatisch, nur Konsistenz)",
    "umriss_methode": "Kreis von Hand",
    "sicher": true,
    "notiz": "Strauch ~3 m im Vorgarten",
    "split": "test",
    "zone": "Hang"
   }
  },
  {
   "type": "Feature",
   "geometry": {
    "type": "Polygon",
    "coordinates": [
     [
      [
       698728.8,
       5486128.2
      ],
      [
       698728.7987954563,
       5486128.150932326
      ],
      [
       698728.7951847267,
       5486128.10198286
      ],
      [
       698728.7891765101,
       5486128.053269526
      ],
      [
       698728.7807852804,
       5486128.004909678
      ],
      [
       698728.7700312532,
       5486127.95701982
      ],
      [
       698728.7569403357,
       5486127.909715323
      ],
      [
       698728.7415440652,
       5486127.8631101465
      ],
      [
       698728.7238795325,
       5486127.8173165675
      ],
      [
       698728.7039892932,
       5486127.772444907
      ],
      [
       698728.6819212644,
       5486127.728603263
      ],
      [
       698728.6577286101,
       5486127.685897256
      ],
      [
       698728.6314696124,
       5486127.6444297675
      ],
      [
       698728.6032075315,
       5486127.6043006955
      ],
      [
       698728.5730104534,
       5486127.565606716
      ],
      [
       698728.5409511254,
       5486127.528441045
      ],
      [
       698728.5071067812,
       5486127.492893219
      ],
      [
       698728.4715589549,
       5486127.459048875
      ],
      [
       698728.4343932843,
       5486127.426989547
      ],
      [
       698728.3956993045,
       5486127.396792469
      ],
      [
       698728.3555702331,
       5486127.368530388
      ],
      [
       698728.3141027442,
       5486127.34227139
      ],
      [
       698728.2713967368,
       5486127.318078736
      ],
      [
       698728.2275550935,
       5486127.2960107075
      ],
      [
       698728.1826834324,
       5486127.276120468
      ],
      [
       698728.1368898534,
       5486127.258455935
      ],
      [
       698728.0902846773,
       5486127.243059664
      ],
      [
       698728.04298018,
       5486127.229968747
      ],
      [
       698727.9950903221,
       5486127.21921472
      ],
      [
       698727.9467304745,
       5486127.21082349
      ],
      [
       698727.8980171403,
       5486127.204815273
      ],
      [
       698727.8490676744,
       5486127.201204544
      ],
      [
       698727.8,
       5486127.2
      ],
      [
       698727.7509323257,
       5486127.201204544
      ],
      [
       698727.7019828598,
       5486127.204815273
      ],
      [
       698727.6532695256,
       5486127.21082349
      ],
      [
       698727.604909678,
       5486127.21921472
      ],
      [
       698727.5570198201,
       5486127.229968747
      ],
      [
       698727.5097153228,
       5486127.243059664
      ],
      [
       698727.4631101467,
       5486127.258455935
      ],
      [
       698727.4173165677,
       5486127.276120468
      ],
      [
       698727.3724449066,
       5486127.2960107075
      ],
      [
       698727.3286032632,
       5486127.318078736
      ],
      [
       698727.2858972559,
       5486127.34227139
      ],
      [
       698727.244429767,
       5486127.368530388
      ],
      [
       698727.2043006956,
       5486127.396792469
      ],
      [
       698727.1656067158,
       5486127.426989547
      ],
      [
       698727.1284410452,
       5486127.459048875
      ],
      [
       698727.0928932189,
       5486127.492893219
      ],
      [
       698727.0590488747,
       5486127.528441045
      ],
      [
       698727.0269895467,
       5486127.565606716
      ],
      [
       698726.9967924686,
       5486127.6043006955
      ],
      [
       698726.9685303877,
       5486127.6444297675
      ],
      [
       698726.94227139,
       5486127.685897256
      ],
      [
       698726.9180787357,
       5486127.728603263
      ],
      [
       698726.8960107069,
       5486127.772444907
      ],
      [
       698726.8761204676,
       5486127.8173165675
      ],
      [
       698726.8584559349,
       5486127.8631101465
      ],
      [
       698726.8430596644,
       5486127.909715323
      ],
      [
       698726.8299687469,
       5486127.95701982
      ],
      [
       698726.8192147197,
       5486128.004909678
      ],
      [
       698726.81082349,
       5486128.053269526
      ],
      [
       698726.8048152734,
       5486128.10198286
      ],
      [
       698726.8012045438,
       5486128.150932326
      ],
      [
       698726.8,
       5486128.2
      ],
      [
       698726.8012045438,
       5486128.249067674
      ],
      [
       698726.8048152734,
       5486128.2980171405
      ],
      [
       698726.81082349,
       5486128.346730474
      ],
      [
       698726.8192147197,
       5486128.395090322
      ],
      [
       698726.8299687469,
       5486128.4429801805
      ],
      [
       698726.8430596644,
       5486128.490284678
      ],
      [
       698726.8584559349,
       5486128.536889854
      ],
      [
       698726.8761204676,
       5486128.582683433
      ],
      [
       698726.8960107069,
       5486128.627555094
      ],
      [
       698726.9180787357,
       5486128.671396737
      ],
      [
       698726.94227139,
       5486128.714102744
      ],
      [
       698726.9685303877,
       5486128.755570233
      ],
      [
       698726.9967924686,
       5486128.795699305
      ],
      [
       698727.0269895467,
       5486128.834393284
      ],
      [
       698727.0590488747,
       5486128.871558955
      ],
      [
       698727.0928932189,
       5486128.907106781
      ],
      [
       698727.1284410452,
       5486128.940951126
      ],
      [
       698727.1656067158,
       5486128.973010453
      ],
      [
       698727.2043006956,
       5486129.003207532
      ],
      [
       698727.244429767,
       5486129.031469612
      ],
      [
       698727.2858972559,
       5486129.05772861
      ],
      [
       698727.3286032632,
       5486129.0819212645
      ],
      [
       698727.3724449066,
       5486129.103989293
      ],
      [
       698727.4173165677,
       5486129.123879532
      ],
      [
       698727.4631101467,
       5486129.141544065
      ],
      [
       698727.5097153228,
       5486129.156940336
      ],
      [
       698727.5570198201,
       5486129.170031253
      ],
      [
       698727.604909678,
       5486129.180785281
      ],
      [
       698727.6532695256,
       5486129.18917651
      ],
      [
       698727.7019828598,
       5486129.195184727
      ],
      [
       698727.7509323257,
       5486129.198795456
      ],
      [
       698727.8,
       5486129.2
      ],
      [
       698727.8490676744,
       5486129.198795456
      ],
      [
       698727.8980171403,
       5486129.195184727
      ],
      [
       698727.9467304745,
       5486129.18917651
      ],
      [
       698727.9950903221,
       5486129.180785281
      ],
      [
       698728.04298018,
       5486129.170031253
      ],
      [
       698728.0902846773,
       5486129.156940336
      ],
      [
       698728.1368898534,
       5486129.141544065
      ],
      [
       698728.1826834324,
       5486129.123879532
      ],
      [
       698728.2275550935,
       5486129.103989293
      ],
      [
       698728.2713967368,
       5486129.0819212645
      ],
      [
       698728.3141027442,
       5486129.05772861
      ],
      [
       698728.3555702331,
       5486129.031469612
      ],
      [
       698728.3956993045,
       5486129.003207532
      ],
      [
       698728.4343932843,
       5486128.973010453
      ],
      [
       698728.4715589549,
       5486128.940951126
      ],
      [
       698728.5071067812,
       5486128.907106781
      ],
      [
       698728.5409511254,
       5486128.871558955
      ],
      [
       698728.5730104534,
       5486128.834393284
      ],
      [
       698728.6032075315,
       5486128.795699305
      ],
      [
       698728.6314696124,
       5486128.755570233
      ],
      [
       698728.6577286101,
       5486128.714102744
      ],
      [
       698728.6819212644,
       5486128.671396737
      ],
      [
       698728.7039892932,
       5486128.627555094
      ],
      [
       698728.7238795325,
       5486128.582683433
      ],
      [
       698728.7415440652,
       5486128.536889854
      ],
      [
       698728.7569403357,
       5486128.490284678
      ],
      [
       698728.7700312532,
       5486128.4429801805
      ],
      [
       698728.7807852804,
       5486128.395090322
      ],
      [
       698728.7891765101,
       5486128.346730474
      ],
      [
       698728.7951847267,
       5486128.2980171405
      ],
      [
       698728.7987954563,
       5486128.249067674
      ],
      [
       698728.8,
       5486128.2
      ]
     ]
    ]
   },
   "properties": {
    "grundstueck": "H05",
    "nr": 1,
    "klasse": "baum",
    "hoehe_geschaetzt_m": 5.51,
    "hoehe_quelle": "Laser 2025, 99. Perzentil über Bodenpunkten (automatisch, nur Konsistenz)",
    "umriss_methode": "Kreis von Hand",
    "sicher": true,
    "notiz": "kleiner Nadelbaum ~4,5 m",
    "split": "test",
    "zone": "Hang"
   }
  },
  {
   "type": "Feature",
   "geometry": {
    "type": "Polygon",
    "coordinates": [
     [
      [
       698731.0,
       5486139.0
      ],
      [
       698730.9987954563,
       5486138.950932326
      ],
      [
       698730.9951847267,
       5486138.90198286
      ],
      [
       698730.98917651,
       5486138.853269526
      ],
      [
       698730.9807852803,
       5486138.804909678
      ],
      [
       698730.9700312532,
       5486138.75701982
      ],
      [
       698730.9569403357,
       5486138.709715323
      ],
      [
       698730.9415440651,
       5486138.663110146
      ],
      [
       698730.9238795325,
       5486138.617316567
      ],
      [
       698730.9039892931,
       5486138.572444906
      ],
      [
       698730.8819212643,
       5486138.528603263
      ],
      [
       698730.85772861,
       5486138.485897256
      ],
      [
       698730.8314696123,
       5486138.444429767
      ],
      [
       698730.8032075315,
       5486138.404300695
      ],
      [
       698730.7730104533,
       5486138.365606716
      ],
      [
       698730.7409511254,
       5486138.328441045
      ],
      [
       698730.7071067812,
       5486138.292893219
      ],
      [
       698730.6715589549,
       5486138.2590488745
      ],
      [
       698730.6343932842,
       5486138.226989547
      ],
      [
       698730.5956993045,
       5486138.196792468
      ],
      [
       698730.555570233,
       5486138.168530388
      ],
      [
       698730.5141027442,
       5486138.14227139
      ],
      [
       698730.4713967368,
       5486138.118078736
      ],
      [
       698730.4275550934,
       5486138.096010707
      ],
      [
       698730.3826834323,
       5486138.076120468
      ],
      [
       698730.3368898534,
       5486138.058455935
      ],
      [
       698730.2902846773,
       5486138.043059664
      ],
      [
       698730.24298018,
       5486138.029968747
      ],
      [
       698730.195090322,
       5486138.0192147195
      ],
      [
       698730.1467304744,
       5486138.01082349
      ],
      [
       698730.0980171403,
       5486138.004815273
      ],
      [
       698730.0490676743,
       5486138.001204544
      ],
      [
       698730.0,
       5486138.0
      ],
      [
       698729.9509323257,
       5486138.001204544
      ],
      [
       698729.9019828597,
       5486138.004815273
      ],
      [
       698729.8532695256,
       5486138.01082349
      ],
      [
       698729.804909678,
       5486138.0192147195
      ],
      [
       698729.75701982,
       5486138.029968747
      ],
      [
       698729.7097153227,
       5486138.043059664
      ],
      [
       698729.6631101466,
       5486138.058455935
      ],
      [
       698729.6173165677,
       5486138.076120468
      ],
      [
       698729.5724449066,
       5486138.096010707
      ],
      [
       698729.5286032632,
       5486138.118078736
      ],
      [
       698729.4858972558,
       5486138.14227139
      ],
      [
       698729.444429767,
       5486138.168530388
      ],
      [
       698729.4043006955,
       5486138.196792468
      ],
      [
       698729.3656067158,
       5486138.226989547
      ],
      [
       698729.3284410451,
       5486138.2590488745
      ],
      [
       698729.2928932188,
       5486138.292893219
      ],
      [
       698729.2590488746,
       5486138.328441045
      ],
      [
       698729.2269895467,
       5486138.365606716
      ],
      [
       698729.1967924685,
       5486138.404300695
      ],
      [
       698729.1685303877,
       5486138.444429767
      ],
      [
       698729.14227139,
       5486138.485897256
      ],
      [
       698729.1180787357,
       5486138.528603263
      ],
      [
       698729.0960107069,
       5486138.572444906
      ],
      [
       698729.0761204675,
       5486138.617316567
      ],
      [
       698729.0584559349,
       5486138.663110146
      ],
      [
       698729.0430596643,
       5486138.709715323
      ],
      [
       698729.0299687468,
       5486138.75701982
      ],
      [
       698729.0192147197,
       5486138.804909678
      ],
      [
       698729.01082349,
       5486138.853269526
      ],
      [
       698729.0048152733,
       5486138.90198286
      ],
      [
       698729.0012045437,
       5486138.950932326
      ],
      [
       698729.0,
       5486139.0
      ],
      [
       698729.0012045437,
       5486139.049067674
      ],
      [
       698729.0048152733,
       5486139.09801714
      ],
      [
       698729.01082349,
       5486139.146730474
      ],
      [
       698729.0192147197,
       5486139.195090322
      ],
      [
       698729.0299687468,
       5486139.24298018
      ],
      [
       698729.0430596643,
       5486139.290284677
      ],
      [
       698729.0584559349,
       5486139.336889854
      ],
      [
       698729.0761204675,
       5486139.382683433
      ],
      [
       698729.0960107069,
       5486139.427555094
      ],
      [
       698729.1180787357,
       5486139.471396737
      ],
      [
       698729.14227139,
       5486139.514102744
      ],
      [
       698729.1685303877,
       5486139.555570233
      ],
      [
       698729.1967924685,
       5486139.595699305
      ],
      [
       698729.2269895467,
       5486139.634393284
      ],
      [
       698729.2590488746,
       5486139.671558955
      ],
      [
       698729.2928932188,
       5486139.707106781
      ],
      [
       698729.3284410451,
       5486139.7409511255
      ],
      [
       698729.3656067158,
       5486139.773010453
      ],
      [
       698729.4043006955,
       5486139.803207532
      ],
      [
       698729.444429767,
       5486139.831469612
      ],
      [
       698729.4858972558,
       5486139.85772861
      ],
      [
       698729.5286032632,
       5486139.881921264
      ],
      [
       698729.5724449066,
       5486139.903989293
      ],
      [
       698729.6173165677,
       5486139.923879532
      ],
      [
       698729.6631101466,
       5486139.941544065
      ],
      [
       698729.7097153227,
       5486139.956940336
      ],
      [
       698729.75701982,
       5486139.970031253
      ],
      [
       698729.804909678,
       5486139.9807852805
      ],
      [
       698729.8532695256,
       5486139.98917651
      ],
      [
       698729.9019828597,
       5486139.995184727
      ],
      [
       698729.9509323257,
       5486139.998795456
      ],
      [
       698730.0,
       5486140.0
      ],
      [
       698730.0490676743,
       5486139.998795456
      ],
      [
       698730.0980171403,
       5486139.995184727
      ],
      [
       698730.1467304744,
       5486139.98917651
      ],
      [
       698730.195090322,
       5486139.9807852805
      ],
      [
       698730.24298018,
       5486139.970031253
      ],
      [
       698730.2902846773,
       5486139.956940336
      ],
      [
       698730.3368898534,
       5486139.941544065
      ],
      [
       698730.3826834323,
       5486139.923879532
      ],
      [
       698730.4275550934,
       5486139.903989293
      ],
      [
       698730.4713967368,
       5486139.881921264
      ],
      [
       698730.5141027442,
       5486139.85772861
      ],
      [
       698730.555570233,
       5486139.831469612
      ],
      [
       698730.5956993045,
       5486139.803207532
      ],
      [
       698730.6343932842,
       5486139.773010453
      ],
      [
       698730.6715589549,
       5486139.7409511255
      ],
      [
       698730.7071067812,
       5486139.707106781
      ],
      [
       698730.7409511254,
       5486139.671558955
      ],
      [
       698730.7730104533,
       5486139.634393284
      ],
      [
       698730.8032075315,
       5486139.595699305
      ],
      [
       698730.8314696123,
       5486139.555570233
      ],
      [
       698730.85772861,
       5486139.514102744
      ],
      [
       698730.8819212643,
       5486139.471396737
      ],
      [
       698730.9039892931,
       5486139.427555094
      ],
      [
       698730.9238795325,
       5486139.382683433
      ],
      [
       698730.9415440651,
       5486139.336889854
      ],
      [
       698730.9569403357,
       5486139.290284677
      ],
      [
       698730.9700312532,
       5486139.24298018
      ],
      [
       698730.9807852803,
       5486139.195090322
      ],
      [
       698730.98917651,
       5486139.146730474
      ],
      [
       698730.9951847267,
       5486139.09801714
      ],
      [
       698730.9987954563,
       5486139.049067674
      ],
      [
       698731.0,
       5486139.0
      ]
     ]
    ]
   },
   "properties": {
    "grundstueck": "H05",
    "nr": 2,
    "klasse": "baum",
    "hoehe_geschaetzt_m": 5.43,
    "hoehe_quelle": "Laser 2025, 99. Perzentil über Bodenpunkten (automatisch, nur Konsistenz)",
    "umriss_methode": "Kreis von Hand",
    "sicher": true,
    "notiz": "kleiner Nadelbaum am Haus",
    "split": "test",
    "zone": "Hang"
   }
  },
  {
   "type": "Feature",
   "geometry": {
    "type": "Polygon",
    "coordinates": [
     [
      [
       698731.0,
       5486148.5
      ],
      [
       698735.5,
       5486148.5
      ],
      [
       698735.5,
       5486154.0
      ],
      [
       698731.0,
       5486154.0
      ],
      [
       698731.0,
       5486148.5
      ]
     ]
    ]
   },
   "properties": {
    "grundstueck": "H05",
    "nr": 3,
    "klasse": "baum",
    "hoehe_geschaetzt_m": 7.82,
    "hoehe_quelle": "Laser 2025, 99. Perzentil über Bodenpunkten (automatisch, nur Konsistenz)",
    "umriss_methode": "Eckpunkte von Hand",
    "sicher": true,
    "notiz": "Baum im Nordgarten",
    "split": "test",
    "zone": "Hang"
   }
  },
  {
   "type": "Feature",
   "geometry": {
    "type": "Polygon",
    "coordinates": [
     [
      [
       698723.0,
       5486132.0
      ],
      [
       698728.0,
       5486132.0
      ],
      [
       698728.0,
       5486138.0
      ],
      [
       698723.0,
       5486138.0
      ],
      [
       698723.0,
       5486132.0
      ]
     ]
    ]
   },
   "properties": {
    "grundstueck": "H05",
    "nr": 4,
    "klasse": "strauch",
    "hoehe_geschaetzt_m": 6.44,
    "hoehe_quelle": "Laser 2025, 99. Perzentil über Bodenpunkten (automatisch, nur Konsistenz)",
    "umriss_methode": "Eckpunkte von Hand",
    "sicher": false,
    "notiz": "Strauchgruppe",
    "split": "test",
    "zone": "Hang"
   }
  },
  {
   "type": "Feature",
   "geometry": {
    "type": "Polygon",
    "coordinates": [
     [
      [
       698584.3,
       5487894.8
      ],
      [
       698589.5,
       5487894.8
      ],
      [
       698589.5,
       5487899.8
      ],
      [
       698584.3,
       5487899.8
      ],
      [
       698584.3,
       5487894.8
      ]
     ]
    ]
   },
   "properties": {
    "grundstueck": "H06",
    "nr": 0,
    "klasse": "carport_garage",
    "hoehe_geschaetzt_m": 1.53,
    "hoehe_quelle": "Laser 2025, 99. Perzentil über Bodenpunkten (automatisch, nur Konsistenz)",
    "umriss_methode": "Rechteck von Hand",
    "sicher": true,
    "notiz": "Garage/Carport mit hellem Flachdach, nicht in den Hausumringen",
    "split": "test",
    "zone": "Hang"
   }
  },
  {
   "type": "Feature",
   "geometry": {
    "type": "Polygon",
    "coordinates": [
     [
      [
       698588.0,
       5487878.5
      ],
      [
       698591.0,
       5487878.5
      ],
      [
       698591.0,
       5487883.5
      ],
      [
       698588.0,
       5487883.5
      ],
      [
       698588.0,
       5487878.5
      ]
     ]
    ]
   },
   "properties": {
    "grundstueck": "H06",
    "nr": 1,
    "klasse": "baum",
    "hoehe_geschaetzt_m": 5.25,
    "hoehe_quelle": "Laser 2025, 99. Perzentil über Bodenpunkten (automatisch, nur Konsistenz)",
    "umriss_methode": "Eckpunkte von Hand",
    "sicher": false,
    "notiz": "schmales Nadelgehölz ~4,5 m",
    "split": "test",
    "zone": "Hang"
   }
  },
  {
   "type": "Feature",
   "geometry": {
    "type": "Polygon",
    "coordinates": [
     [
      [
       698571.0,
       5487878.0
      ],
      [
       698580.0,
       5487878.5
      ],
      [
       698580.0,
       5487882.0
      ],
      [
       698571.0,
       5487882.0
      ],
      [
       698571.0,
       5487878.0
      ]
     ]
    ]
   },
   "properties": {
    "grundstueck": "H06",
    "nr": 2,
    "klasse": "terrasse",
    "hoehe_geschaetzt_m": null,
    "hoehe_quelle": null,
    "umriss_methode": "Eckpunkte von Hand",
    "sicher": true,
    "notiz": "Terrasse südlich des Hauses; im Laser 2025 dort ~1,5 m hohes Objekt (Überdachung?)",
    "split": "test",
    "zone": "Hang"
   }
  },
  {
   "type": "Feature",
   "geometry": {
    "type": "Polygon",
    "coordinates": [
     [
      [
       698563.5,
       5487869.0
      ],
      [
       698565.0,
       5487869.0
      ],
      [
       698565.0,
       5487878.5
      ],
      [
       698563.5,
       5487878.5
      ],
      [
       698563.5,
       5487869.0
      ]
     ]
    ]
   },
   "properties": {
    "grundstueck": "H06",
    "nr": 3,
    "klasse": "hecke",
    "hoehe_geschaetzt_m": 2.02,
    "hoehe_quelle": "Laser 2025, 99. Perzentil über Bodenpunkten (automatisch, nur Konsistenz)",
    "umriss_methode": "Eckpunkte von Hand",
    "sicher": true,
    "notiz": "niedrige Hecke",
    "split": "test",
    "zone": "Hang"
   }
  },
  {
   "type": "Feature",
   "geometry": {
    "type": "Polygon",
    "coordinates": [
     [
      [
       698589.7,
       5487868.0
      ],
      [
       698591.2,
       5487868.0
      ],
      [
       698591.2,
       5487877.5
      ],
      [
       698589.7,
       5487877.5
      ],
      [
       698589.7,
       5487868.0
      ]
     ]
    ]
   },
   "properties": {
    "grundstueck": "H06",
    "nr": 4,
    "klasse": "hecke",
    "hoehe_geschaetzt_m": 4.33,
    "hoehe_quelle": "Laser 2025, 99. Perzentil über Bodenpunkten (automatisch, nur Konsistenz)",
    "umriss_methode": "Eckpunkte von Hand",
    "sicher": true,
    "notiz": "dichte Hecke an der Ostgrenze ~3,5 m",
    "split": "test",
    "zone": "Hang"
   }
  },
  {
   "type": "Feature",
   "geometry": {
    "type": "Polygon",
    "coordinates": [
     [
      [
       698564.0,
       5487869.5
      ],
      [
       698578.0,
       5487870.0
      ],
      [
       698578.0,
       5487868.5
      ],
      [
       698564.0,
       5487868.0
      ],
      [
       698564.0,
       5487869.5
      ]
     ]
    ]
   },
   "properties": {
    "grundstueck": "H06",
    "nr": 5,
    "klasse": "hecke",
    "hoehe_geschaetzt_m": 4.57,
    "hoehe_quelle": "Laser 2025, 99. Perzentil über Bodenpunkten (automatisch, nur Konsistenz)",
    "umriss_methode": "Eckpunkte von Hand",
    "sicher": false,
    "notiz": "Hecke an der Südgrenze",
    "split": "test",
    "zone": "Hang"
   }
  },
  {
   "type": "Feature",
   "geometry": {
    "type": "Polygon",
    "coordinates": [
     [
      [
       698578.0,
       5487868.0
      ],
      [
       698585.5,
       5487868.5
      ],
      [
       698586.0,
       5487873.0
      ],
      [
       698581.0,
       5487873.5
      ],
      [
       698578.0,
       5487871.0
      ],
      [
       698578.0,
       5487868.0
      ]
     ]
    ]
   },
   "properties": {
    "grundstueck": "H06",
    "nr": 6,
    "klasse": "baum",
    "hoehe_geschaetzt_m": 6.39,
    "hoehe_quelle": "Laser 2025, 99. Perzentil über Bodenpunkten (automatisch, nur Konsistenz)",
    "umriss_methode": "Eckpunkte von Hand",
    "sicher": true,
    "notiz": "Laubbaum an der Südgrenze",
    "split": "test",
    "zone": "Hang"
   }
  },
  {
   "type": "Feature",
   "geometry": {
    "type": "Polygon",
    "coordinates": [
     [
      [
       698403.0,
       5487638.0
      ],
      [
       698409.0,
       5487637.0
      ],
      [
       698412.0,
       5487640.0
      ],
      [
       698411.0,
       5487645.5
      ],
      [
       698406.0,
       5487646.0
      ],
      [
       698403.0,
       5487643.0
      ],
      [
       698403.0,
       5487638.0
      ]
     ]
    ]
   },
   "properties": {
    "grundstueck": "H07",
    "nr": 0,
    "klasse": "baum",
    "hoehe_geschaetzt_m": 7.05,
    "hoehe_quelle": "Laser 2025, 99. Perzentil über Bodenpunkten (automatisch, nur Konsistenz)",
    "umriss_methode": "Eckpunkte von Hand",
    "sicher": true,
    "notiz": "Laubbaum Mitte-West",
    "split": "test",
    "zone": "Hang"
   }
  },
  {
   "type": "Feature",
   "geometry": {
    "type": "Polygon",
    "coordinates": [
     [
      [
       698416.5,
       5487636.5
      ],
      [
       698422.0,
       5487636.5
      ],
      [
       698423.0,
       5487640.5
      ],
      [
       698421.5,
       5487644.0
      ],
      [
       698417.0,
       5487643.5
      ],
      [
       698416.5,
       5487636.5
      ]
     ]
    ]
   },
   "properties": {
    "grundstueck": "H07",
    "nr": 1,
    "klasse": "baum",
    "hoehe_geschaetzt_m": 7.25,
    "hoehe_quelle": "Laser 2025, 99. Perzentil über Bodenpunkten (automatisch, nur Konsistenz)",
    "umriss_methode": "Eckpunkte von Hand",
    "sicher": true,
    "notiz": "Laubbaum westlich des Hauses",
    "split": "test",
    "zone": "Hang"
   }
  },
  {
   "type": "Feature",
   "geometry": {
    "type": "Polygon",
    "coordinates": [
     [
      [
       698398.5,
       5487631.0
      ],
      [
       698404.5,
       5487631.0
      ],
      [
       698405.0,
       5487637.0
      ],
      [
       698399.0,
       5487638.0
      ],
      [
       698398.5,
       5487631.0
      ]
     ]
    ]
   },
   "properties": {
    "grundstueck": "H07",
    "nr": 2,
    "klasse": "baum",
    "hoehe_geschaetzt_m": 6.76,
    "hoehe_quelle": "Laser 2025, 99. Perzentil über Bodenpunkten (automatisch, nur Konsistenz)",
    "umriss_methode": "Eckpunkte von Hand",
    "sicher": false,
    "notiz": "Baum SW",
    "split": "test",
    "zone": "Hang"
   }
  },
  {
   "type": "Feature",
   "geometry": {
    "type": "Polygon",
    "coordinates": [
     [
      [
       698398.5,
       5487644.0
      ],
      [
       698404.0,
       5487644.0
      ],
      [
       698404.5,
       5487650.0
      ],
      [
       698399.0,
       5487650.0
      ],
      [
       698398.5,
       5487644.0
      ]
     ]
    ]
   },
   "properties": {
    "grundstueck": "H07",
    "nr": 3,
    "klasse": "baum",
    "hoehe_geschaetzt_m": 5.18,
    "hoehe_quelle": "Laser 2025, 99. Perzentil über Bodenpunkten (automatisch, nur Konsistenz)",
    "umriss_methode": "Eckpunkte von Hand",
    "sicher": false,
    "notiz": "Baum NW",
    "split": "test",
    "zone": "Hang"
   }
  },
  {
   "type": "Feature",
   "geometry": {
    "type": "Polygon",
    "coordinates": [
     [
      [
       698433.5,
       5487640.0
      ],
      [
       698438.2,
       5487640.5
      ],
      [
       698438.5,
       5487648.5
      ],
      [
       698434.0,
       5487648.0
      ],
      [
       698433.5,
       5487640.0
      ]
     ]
    ]
   },
   "properties": {
    "grundstueck": "H07",
    "nr": 4,
    "klasse": "terrasse",
    "hoehe_geschaetzt_m": null,
    "hoehe_quelle": null,
    "umriss_methode": "Eckpunkte von Hand",
    "sicher": false,
    "notiz": "Zufahrt",
    "split": "test",
    "zone": "Hang"
   }
  },
  {
   "type": "Feature",
   "geometry": {
    "type": "Polygon",
    "coordinates": [
     [
      [
       698084.0,
       5487441.0
      ],
      [
       698089.0,
       5487439.5
      ],
      [
       698093.0,
       5487442.0
      ],
      [
       698093.0,
       5487447.0
      ],
      [
       698088.0,
       5487449.0
      ],
      [
       698084.5,
       5487446.0
      ],
      [
       698084.0,
       5487441.0
      ]
     ]
    ]
   },
   "properties": {
    "grundstueck": "H08",
    "nr": 0,
    "klasse": "baum",
    "hoehe_geschaetzt_m": 5.77,
    "hoehe_quelle": "Laser 2025, 99. Perzentil über Bodenpunkten (automatisch, nur Konsistenz)",
    "umriss_methode": "Eckpunkte von Hand",
    "sicher": true,
    "notiz": "Laubbaum im unteren Garten",
    "split": "dev",
    "zone": "Hang"
   }
  },
  {
   "type": "Feature",
   "geometry": {
    "type": "Polygon",
    "coordinates": [
     [
      [
       698884.6784584502,
       5487613.8044612715
      ],
      [
       698888.2008122407,
       5487611.338082595
      ],
      [
       698889.9215415498,
       5487613.795538728
      ],
      [
       698886.3991877594,
       5487616.261917405
      ],
      [
       698884.6784584502,
       5487613.8044612715
      ]
     ]
    ]
   },
   "properties": {
    "grundstueck": "H09",
    "nr": 0,
    "klasse": "gartenhaus",
    "hoehe_geschaetzt_m": 4.57,
    "hoehe_quelle": "Laser 2025, 99. Perzentil über Bodenpunkten (automatisch, nur Konsistenz)",
    "umriss_methode": "Rechteck von Hand",
    "sicher": true,
    "notiz": "Gerätehaus mit rotem Dach, Laser ~3 m",
    "split": "dev",
    "zone": "Hang"
   }
  },
  {
   "type": "Feature",
   "geometry": {
    "type": "Polygon",
    "coordinates": [
     [
      [
       698867.1,
       5487586.3
      ],
      [
       698867.0980727299,
       5487586.2214917205
      ],
      [
       698867.0922955627,
       5487586.143172575
      ],
      [
       698867.082682416,
       5487586.06523124
      ],
      [
       698867.0692564487,
       5487585.987855485
      ],
      [
       698867.0520500051,
       5487585.9112317115
      ],
      [
       698867.0311045372,
       5487585.835544516
      ],
      [
       698867.0064705043,
       5487585.760976234
      ],
      [
       698866.978207252,
       5487585.687706508
      ],
      [
       698866.946382869,
       5487585.615911851
      ],
      [
       698866.911074023,
       5487585.545765221
      ],
      [
       698866.872365776,
       5487585.477435609
      ],
      [
       698866.8303513797,
       5487585.411087627
      ],
      [
       698866.7851320504,
       5487585.346881113
      ],
      [
       698866.7368167253,
       5487585.284970745
      ],
      [
       698866.6855218005,
       5487585.225505672
      ],
      [
       698866.6313708499,
       5487585.16862915
      ],
      [
       698866.5744943278,
       5487585.114478199
      ],
      [
       698866.5150292547,
       5487585.063183274
      ],
      [
       698866.4531188871,
       5487585.014867949
      ],
      [
       698866.3889123729,
       5487584.96964862
      ],
      [
       698866.3225643907,
       5487584.927634223
      ],
      [
       698866.2542347789,
       5487584.888925977
      ],
      [
       698866.1840881495,
       5487584.853617131
      ],
      [
       698866.1122934918,
       5487584.821792748
      ],
      [
       698866.0390237655,
       5487584.793529496
      ],
      [
       698865.9644554836,
       5487584.768895463
      ],
      [
       698865.8887682878,
       5487584.747949995
      ],
      [
       698865.8121445152,
       5487584.730743552
      ],
      [
       698865.7347687591,
       5487584.717317584
      ],
      [
       698865.6568274245,
       5487584.707704437
      ],
      [
       698865.5785082789,
       5487584.70192727
      ],
      [
       698865.5,
       5487584.7
      ],
      [
       698865.4214917211,
       5487584.70192727
      ],
      [
       698865.3431725755,
       5487584.707704437
      ],
      [
       698865.2652312409,
       5487584.717317584
      ],
      [
       698865.1878554848,
       5487584.730743552
      ],
      [
       698865.1112317122,
       5487584.747949995
      ],
      [
       698865.0355445164,
       5487584.768895463
      ],
      [
       698864.9609762345,
       5487584.793529496
      ],
      [
       698864.8877065082,
       5487584.821792748
      ],
      [
       698864.8159118505,
       5487584.853617131
      ],
      [
       698864.7457652211,
       5487584.888925977
      ],
      [
       698864.6774356093,
       5487584.927634223
      ],
      [
       698864.6110876271,
       5487584.96964862
      ],
      [
       698864.5468811129,
       5487585.014867949
      ],
      [
       698864.4849707453,
       5487585.063183274
      ],
      [
       698864.4255056722,
       5487585.114478199
      ],
      [
       698864.3686291501,
       5487585.16862915
      ],
      [
       698864.3144781995,
       5487585.225505672
      ],
      [
       698864.2631832747,
       5487585.284970745
      ],
      [
       698864.2148679496,
       5487585.346881113
      ],
      [
       698864.1696486203,
       5487585.411087627
      ],
      [
       698864.127634224,
       5487585.477435609
      ],
      [
       698864.088925977,
       5487585.545765221
      ],
      [
       698864.053617131,
       5487585.615911851
      ],
      [
       698864.021792748,
       5487585.687706508
      ],
      [
       698863.9935294957,
       5487585.760976234
      ],
      [
       698863.9688954628,
       5487585.835544516
      ],
      [
       698863.9479499949,
       5487585.9112317115
      ],
      [
       698863.9307435513,
       5487585.987855485
      ],
      [
       698863.917317584,
       5487586.06523124
      ],
      [
       698863.9077044373,
       5487586.143172575
      ],
      [
       698863.9019272701,
       5487586.2214917205
      ],
      [
       698863.9,
       5487586.3
      ],
      [
       698863.9019272701,
       5487586.378508279
      ],
      [
       698863.9077044373,
       5487586.4568274245
      ],
      [
       698863.917317584,
       5487586.534768759
      ],
      [
       698863.9307435513,
       5487586.612144515
      ],
      [
       698863.9479499949,
       5487586.688768288
      ],
      [
       698863.9688954628,
       5487586.764455483
      ],
      [
       698863.9935294957,
       5487586.839023765
      ],
      [
       698864.021792748,
       5487586.912293492
      ],
      [
       698864.053617131,
       5487586.984088149
      ],
      [
       698864.088925977,
       5487587.0542347785
      ],
      [
       698864.127634224,
       5487587.12256439
      ],
      [
       698864.1696486203,
       5487587.188912373
      ],
      [
       698864.2148679496,
       5487587.253118887
      ],
      [
       698864.2631832747,
       5487587.315029254
      ],
      [
       698864.3144781995,
       5487587.374494327
      ],
      [
       698864.3686291501,
       5487587.43137085
      ],
      [
       698864.4255056722,
       5487587.485521801
      ],
      [
       698864.4849707453,
       5487587.5368167255
      ],
      [
       698864.5468811129,
       5487587.58513205
      ],
      [
       698864.6110876271,
       5487587.6303513795
      ],
      [
       698864.6774356093,
       5487587.672365776
      ],
      [
       698864.7457652211,
       5487587.711074023
      ],
      [
       698864.8159118505,
       5487587.746382869
      ],
      [
       698864.8877065082,
       5487587.778207252
      ],
      [
       698864.9609762345,
       5487587.806470504
      ],
      [
       698865.0355445164,
       5487587.831104537
      ],
      [
       698865.1112317122,
       5487587.8520500045
      ],
      [
       698865.1878554848,
       5487587.869256448
      ],
      [
       698865.2652312409,
       5487587.882682416
      ],
      [
       698865.3431725755,
       5487587.892295563
      ],
      [
       698865.4214917211,
       5487587.89807273
      ],
      [
       698865.5,
       5487587.899999999
      ],
      [
       698865.5785082789,
       5487587.89807273
      ],
      [
       698865.6568274245,
       5487587.892295563
      ],
      [
       698865.7347687591,
       5487587.882682416
      ],
      [
       698865.8121445152,
       5487587.869256448
      ],
      [
       698865.8887682878,
       5487587.8520500045
      ],
      [
       698865.9644554836,
       5487587.831104537
      ],
      [
       698866.0390237655,
       5487587.806470504
      ],
      [
       698866.1122934918,
       5487587.778207252
      ],
      [
       698866.1840881495,
       5487587.746382869
      ],
      [
       698866.2542347789,
       5487587.711074023
      ],
      [
       698866.3225643907,
       5487587.672365776
      ],
      [
       698866.3889123729,
       5487587.6303513795
      ],
      [
       698866.4531188871,
       5487587.58513205
      ],
      [
       698866.5150292547,
       5487587.5368167255
      ],
      [
       698866.5744943278,
       5487587.485521801
      ],
      [
       698866.6313708499,
       5487587.43137085
      ],
      [
       698866.6855218005,
       5487587.374494327
      ],
      [
       698866.7368167253,
       5487587.315029254
      ],
      [
       698866.7851320504,
       5487587.253118887
      ],
      [
       698866.8303513797,
       5487587.188912373
      ],
      [
       698866.872365776,
       5487587.12256439
      ],
      [
       698866.911074023,
       5487587.0542347785
      ],
      [
       698866.946382869,
       5487586.984088149
      ],
      [
       698866.978207252,
       5487586.912293492
      ],
      [
       698867.0064705043,
       5487586.839023765
      ],
      [
       698867.0311045372,
       5487586.764455483
      ],
      [
       698867.0520500051,
       5487586.688768288
      ],
      [
       698867.0692564487,
       5487586.612144515
      ],
      [
       698867.082682416,
       5487586.534768759
      ],
      [
       698867.0922955627,
       5487586.4568274245
      ],
      [
       698867.0980727299,
       5487586.378508279
      ],
      [
       698867.1,
       5487586.3
      ]
     ]
    ]
   },
   "properties": {
    "grundstueck": "H09",
    "nr": 1,
    "klasse": "gartenhaus",
    "hoehe_geschaetzt_m": 2.32,
    "hoehe_quelle": "Laser 2025, 99. Perzentil über Bodenpunkten (automatisch, nur Konsistenz)",
    "umriss_methode": "Kreis von Hand",
    "sicher": false,
    "notiz": "runder Pavillon? (2,5 m, Einzelechos) – oder Formschnittgehölz",
    "split": "dev",
    "zone": "Hang"
   }
  },
  {
   "type": "Feature",
   "geometry": {
    "type": "Polygon",
    "coordinates": [
     [
      [
       698861.8,
       5487593.5
      ],
      [
       698864.8,
       5487593.5
      ],
      [
       698864.8,
       5487596.5
      ],
      [
       698861.8,
       5487596.5
      ],
      [
       698861.8,
       5487593.5
      ]
     ]
    ]
   },
   "properties": {
    "grundstueck": "H09",
    "nr": 2,
    "klasse": "gartenhaus",
    "hoehe_geschaetzt_m": 2.83,
    "hoehe_quelle": "Laser 2025, 99. Perzentil über Bodenpunkten (automatisch, nur Konsistenz)",
    "umriss_methode": "Rechteck von Hand",
    "sicher": false,
    "notiz": "weißer Pavillon/Zelt",
    "split": "dev",
    "zone": "Hang"
   }
  },
  {
   "type": "Feature",
   "geometry": {
    "type": "Polygon",
    "coordinates": [
     [
      [
       698861.5,
       5487602.0
      ],
      [
       698861.4975909124,
       5487601.901864652
      ],
      [
       698861.4903694533,
       5487601.803965719
      ],
      [
       698861.4783530199,
       5487601.706539051
      ],
      [
       698861.4615705608,
       5487601.609819356
      ],
      [
       698861.4400625064,
       5487601.51403964
      ],
      [
       698861.4138806715,
       5487601.419430645
      ],
      [
       698861.3830881304,
       5487601.3262202935
      ],
      [
       698861.347759065,
       5487601.234633136
      ],
      [
       698861.3079785863,
       5487601.144889813
      ],
      [
       698861.2638425287,
       5487601.057206526
      ],
      [
       698861.21545722,
       5487600.971794511
      ],
      [
       698861.1629392246,
       5487600.888859534
      ],
      [
       698861.1064150629,
       5487600.808601391
      ],
      [
       698861.0460209068,
       5487600.731213432
      ],
      [
       698860.9819022507,
       5487600.6568820905
      ],
      [
       698860.9142135624,
       5487600.585786438
      ],
      [
       698860.8431179097,
       5487600.518097749
      ],
      [
       698860.7687865683,
       5487600.453979094
      ],
      [
       698860.691398609,
       5487600.393584937
      ],
      [
       698860.6111404661,
       5487600.337060776
      ],
      [
       698860.5282054883,
       5487600.28454278
      ],
      [
       698860.4427934736,
       5487600.236157471
      ],
      [
       698860.3551101869,
       5487600.192021414
      ],
      [
       698860.2653668647,
       5487600.152240935
      ],
      [
       698860.1737797068,
       5487600.1169118695
      ],
      [
       698860.0805693545,
       5487600.086119329
      ],
      [
       698859.9859603598,
       5487600.059937494
      ],
      [
       698859.890180644,
       5487600.038429439
      ],
      [
       698859.7934609489,
       5487600.02164698
      ],
      [
       698859.6960342807,
       5487600.009630547
      ],
      [
       698859.5981353486,
       5487600.0024090875
      ],
      [
       698859.5,
       5487600.0
      ],
      [
       698859.4018646514,
       5487600.0024090875
      ],
      [
       698859.3039657193,
       5487600.009630547
      ],
      [
       698859.2065390511,
       5487600.02164698
      ],
      [
       698859.109819356,
       5487600.038429439
      ],
      [
       698859.0140396402,
       5487600.059937494
      ],
      [
       698858.9194306455,
       5487600.086119329
      ],
      [
       698858.8262202932,
       5487600.1169118695
      ],
      [
       698858.7346331353,
       5487600.152240935
      ],
      [
       698858.6448898131,
       5487600.192021414
      ],
      [
       698858.5572065264,
       5487600.236157471
      ],
      [
       698858.4717945117,
       5487600.28454278
      ],
      [
       698858.3888595339,
       5487600.337060776
      ],
      [
       698858.308601391,
       5487600.393584937
      ],
      [
       698858.2312134317,
       5487600.453979094
      ],
      [
       698858.1568820903,
       5487600.518097749
      ],
      [
       698858.0857864376,
       5487600.585786438
      ],
      [
       698858.0180977493,
       5487600.6568820905
      ],
      [
       698857.9539790932,
       5487600.731213432
      ],
      [
       698857.8935849371,
       5487600.808601391
      ],
      [
       698857.8370607754,
       5487600.888859534
      ],
      [
       698857.78454278,
       5487600.971794511
      ],
      [
       698857.7361574713,
       5487601.057206526
      ],
      [
       698857.6920214137,
       5487601.144889813
      ],
      [
       698857.652240935,
       5487601.234633136
      ],
      [
       698857.6169118696,
       5487601.3262202935
      ],
      [
       698857.5861193285,
       5487601.419430645
      ],
      [
       698857.5599374936,
       5487601.51403964
      ],
      [
       698857.5384294392,
       5487601.609819356
      ],
      [
       698857.5216469801,
       5487601.706539051
      ],
      [
       698857.5096305467,
       5487601.803965719
      ],
      [
       698857.5024090876,
       5487601.901864652
      ],
      [
       698857.5,
       5487602.0
      ],
      [
       698857.5024090876,
       5487602.098135348
      ],
      [
       698857.5096305467,
       5487602.196034281
      ],
      [
       698857.5216469801,
       5487602.293460949
      ],
      [
       698857.5384294392,
       5487602.390180644
      ],
      [
       698857.5599374936,
       5487602.48596036
      ],
      [
       698857.5861193285,
       5487602.580569355
      ],
      [
       698857.6169118696,
       5487602.6737797065
      ],
      [
       698857.652240935,
       5487602.765366864
      ],
      [
       698857.6920214137,
       5487602.855110187
      ],
      [
       698857.7361574713,
       5487602.942793474
      ],
      [
       698857.78454278,
       5487603.028205489
      ],
      [
       698857.8370607754,
       5487603.111140466
      ],
      [
       698857.8935849371,
       5487603.191398609
      ],
      [
       698857.9539790932,
       5487603.268786568
      ],
      [
       698858.0180977493,
       5487603.3431179095
      ],
      [
       698858.0857864376,
       5487603.414213562
      ],
      [
       698858.1568820903,
       5487603.481902251
      ],
      [
       698858.2312134317,
       5487603.546020906
      ],
      [
       698858.308601391,
       5487603.606415063
      ],
      [
       698858.3888595339,
       5487603.662939224
      ],
      [
       698858.4717945117,
       5487603.71545722
      ],
      [
       698858.5572065264,
       5487603.763842529
      ],
      [
       698858.6448898131,
       5487603.807978586
      ],
      [
       698858.7346331353,
       5487603.847759065
      ],
      [
       698858.8262202932,
       5487603.8830881305
      ],
      [
       698858.9194306455,
       5487603.913880671
      ],
      [
       698859.0140396402,
       5487603.940062506
      ],
      [
       698859.109819356,
       5487603.961570561
      ],
      [
       698859.2065390511,
       5487603.97835302
      ],
      [
       698859.3039657193,
       5487603.990369453
      ],
      [
       698859.4018646514,
       5487603.9975909125
      ],
      [
       698859.5,
       5487604.0
      ],
      [
       698859.5981353486,
       5487603.9975909125
      ],
      [
       698859.6960342807,
       5487603.990369453
      ],
      [
       698859.7934609489,
       5487603.97835302
      ],
      [
       698859.890180644,
       5487603.961570561
      ],
      [
       698859.9859603598,
       5487603.940062506
      ],
      [
       698860.0805693545,
       5487603.913880671
      ],
      [
       698860.1737797068,
       5487603.8830881305
      ],
      [
       698860.2653668647,
       5487603.847759065
      ],
      [
       698860.3551101869,
       5487603.807978586
      ],
      [
       698860.4427934736,
       5487603.763842529
      ],
      [
       698860.5282054883,
       5487603.71545722
      ],
      [
       698860.6111404661,
       5487603.662939224
      ],
      [
       698860.691398609,
       5487603.606415063
      ],
      [
       698860.7687865683,
       5487603.546020906
      ],
      [
       698860.8431179097,
       5487603.481902251
      ],
      [
       698860.9142135624,
       5487603.414213562
      ],
      [
       698860.9819022507,
       5487603.3431179095
      ],
      [
       698861.0460209068,
       5487603.268786568
      ],
      [
       698861.1064150629,
       5487603.191398609
      ],
      [
       698861.1629392246,
       5487603.111140466
      ],
      [
       698861.21545722,
       5487603.028205489
      ],
      [
       698861.2638425287,
       5487602.942793474
      ],
      [
       698861.3079785863,
       5487602.855110187
      ],
      [
       698861.347759065,
       5487602.765366864
      ],
      [
       698861.3830881304,
       5487602.6737797065
      ],
      [
       698861.4138806715,
       5487602.580569355
      ],
      [
       698861.4400625064,
       5487602.48596036
      ],
      [
       698861.4615705608,
       5487602.390180644
      ],
      [
       698861.4783530199,
       5487602.293460949
      ],
      [
       698861.4903694533,
       5487602.196034281
      ],
      [
       698861.4975909124,
       5487602.098135348
      ],
      [
       698861.5,
       5487602.0
      ]
     ]
    ]
   },
   "properties": {
    "grundstueck": "H09",
    "nr": 3,
    "klasse": "strauch",
    "hoehe_geschaetzt_m": 3.46,
    "hoehe_quelle": "Laser 2025, 99. Perzentil über Bodenpunkten (automatisch, nur Konsistenz)",
    "umriss_methode": "Kreis von Hand",
    "sicher": true,
    "notiz": "großer Strauch",
    "split": "dev",
    "zone": "Hang"
   }
  },
  {
   "type": "Feature",
   "geometry": {
    "type": "Polygon",
    "coordinates": [
     [
      [
       698862.0,
       5487603.0
      ],
      [
       698867.0,
       5487603.0
      ],
      [
       698869.5,
       5487607.0
      ],
      [
       698868.0,
       5487611.0
      ],
      [
       698864.0,
       5487611.0
      ],
      [
       698862.0,
       5487607.0
      ],
      [
       698862.0,
       5487603.0
      ]
     ]
    ]
   },
   "properties": {
    "grundstueck": "H09",
    "nr": 4,
    "klasse": "baum",
    "hoehe_geschaetzt_m": 6.0,
    "hoehe_quelle": "Laser 2025, 99. Perzentil über Bodenpunkten (automatisch, nur Konsistenz)",
    "umriss_methode": "Eckpunkte von Hand",
    "sicher": true,
    "notiz": "Baum im Westgarten",
    "split": "dev",
    "zone": "Hang"
   }
  },
  {
   "type": "Feature",
   "geometry": {
    "type": "Polygon",
    "coordinates": [
     [
      [
       698884.0,
       5487599.0
      ],
      [
       698888.0,
       5487599.0
      ],
      [
       698888.0,
       5487603.0
      ],
      [
       698884.0,
       5487603.0
      ],
      [
       698884.0,
       5487599.0
      ]
     ]
    ]
   },
   "properties": {
    "grundstueck": "H09",
    "nr": 5,
    "klasse": "strauch",
    "hoehe_geschaetzt_m": 5.93,
    "hoehe_quelle": "Laser 2025, 99. Perzentil über Bodenpunkten (automatisch, nur Konsistenz)",
    "umriss_methode": "Eckpunkte von Hand",
    "sicher": false,
    "notiz": "Strauch am Haus",
    "split": "dev",
    "zone": "Hang"
   }
  },
  {
   "type": "Feature",
   "geometry": {
    "type": "Polygon",
    "coordinates": [
     [
      [
       698129.5,
       5487614.0
      ],
      [
       698132.5,
       5487621.5
      ],
      [
       698133.3,
       5487621.0
      ],
      [
       698130.3,
       5487613.5
      ],
      [
       698129.5,
       5487614.0
      ]
     ]
    ]
   },
   "properties": {
    "grundstueck": "H10",
    "nr": 0,
    "klasse": "hecke",
    "hoehe_geschaetzt_m": 4.27,
    "hoehe_quelle": "Laser 2025, 99. Perzentil über Bodenpunkten (automatisch, nur Konsistenz)",
    "umriss_methode": "Eckpunkte von Hand",
    "sicher": false,
    "notiz": "Hecke an der Ostgrenze",
    "split": "dev",
    "zone": "Hang"
   }
  },
  {
   "type": "Feature",
   "geometry": {
    "type": "Polygon",
    "coordinates": [
     [
      [
       699224.3,
       5487251.6
      ],
      [
       699225.5,
       5487252.3
      ],
      [
       699229.0,
       5487252.3
      ],
      [
       699230.6,
       5487251.6
      ],
      [
       699231.2,
       5487250.4
      ],
      [
       699230.4,
       5487249.3
      ],
      [
       699228.5,
       5487249.1
      ],
      [
       699226.5,
       5487248.6
      ],
      [
       699224.6,
       5487249.3
      ],
      [
       699224.0,
       5487250.5
      ],
      [
       699224.3,
       5487251.6
      ]
     ]
    ]
   },
   "properties": {
    "grundstueck": "H11",
    "nr": 0,
    "klasse": "pool",
    "hoehe_geschaetzt_m": null,
    "hoehe_quelle": null,
    "umriss_methode": "Eckpunkte von Hand",
    "sicher": true,
    "notiz": "Freiform-Pool (Wasser türkis), im Laser 2025 Bodenpunkte (abgedeckt/leer)",
    "split": "dev",
    "zone": "Hang"
   }
  },
  {
   "type": "Feature",
   "geometry": {
    "type": "Polygon",
    "coordinates": [
     [
      [
       699223.0,
       5487252.3
      ],
      [
       699226.0,
       5487253.7
      ],
      [
       699231.0,
       5487253.3
      ],
      [
       699232.5,
       5487251.5
      ],
      [
       699231.5,
       5487248.0
      ],
      [
       699226.0,
       5487247.5
      ],
      [
       699223.0,
       5487248.5
      ],
      [
       699223.0,
       5487252.3
      ]
     ]
    ]
   },
   "properties": {
    "grundstueck": "H11",
    "nr": 1,
    "klasse": "terrasse",
    "hoehe_geschaetzt_m": null,
    "hoehe_quelle": null,
    "umriss_methode": "Eckpunkte von Hand",
    "sicher": false,
    "notiz": "Pool-Umrandung (Platten), schließt Pool ein",
    "split": "dev",
    "zone": "Hang"
   }
  },
  {
   "type": "Feature",
   "geometry": {
    "type": "Polygon",
    "coordinates": [
     [
      [
       699256.0,
       5487239.0
      ],
      [
       699263.0,
       5487238.0
      ],
      [
       699265.0,
       5487242.0
      ],
      [
       699264.0,
       5487247.0
      ],
      [
       699258.0,
       5487248.0
      ],
      [
       699256.0,
       5487244.0
      ],
      [
       699256.0,
       5487239.0
      ]
     ]
    ]
   },
   "properties": {
    "grundstueck": "H11",
    "nr": 2,
    "klasse": "baum",
    "hoehe_geschaetzt_m": 8.16,
    "hoehe_quelle": "Laser 2025, 99. Perzentil über Bodenpunkten (automatisch, nur Konsistenz)",
    "umriss_methode": "Eckpunkte von Hand",
    "sicher": true,
    "notiz": "großer Baum an der Ostgrenze",
    "split": "dev",
    "zone": "Hang"
   }
  },
  {
   "type": "Feature",
   "geometry": {
    "type": "Polygon",
    "coordinates": [
     [
      [
       699239.5,
       5487264.5
      ],
      [
       699247.0,
       5487264.5
      ],
      [
       699247.5,
       5487269.5
      ],
      [
       699240.0,
       5487270.0
      ],
      [
       699239.5,
       5487264.5
      ]
     ]
    ]
   },
   "properties": {
    "grundstueck": "H11",
    "nr": 3,
    "klasse": "baum",
    "hoehe_geschaetzt_m": 22.27,
    "hoehe_quelle": "Laser 2025, 99. Perzentil über Bodenpunkten (automatisch, nur Konsistenz)",
    "umriss_methode": "Eckpunkte von Hand",
    "sicher": true,
    "notiz": "Baum an der Nordgrenze",
    "split": "dev",
    "zone": "Hang"
   }
  },
  {
   "type": "Feature",
   "geometry": {
    "type": "Polygon",
    "coordinates": [
     [
      [
       699218.0,
       5487248.0
      ],
      [
       699221.0,
       5487248.0
      ],
      [
       699221.0,
       5487258.0
      ],
      [
       699218.0,
       5487258.0
      ],
      [
       699218.0,
       5487248.0
      ]
     ]
    ]
   },
   "properties": {
    "grundstueck": "H11",
    "nr": 4,
    "klasse": "baum",
    "hoehe_geschaetzt_m": 4.64,
    "hoehe_quelle": "Laser 2025, 99. Perzentil über Bodenpunkten (automatisch, nur Konsistenz)",
    "umriss_methode": "Eckpunkte von Hand",
    "sicher": false,
    "notiz": "Gehölz an der Westgrenze",
    "split": "dev",
    "zone": "Hang"
   }
  },
  {
   "type": "Feature",
   "geometry": {
    "type": "Polygon",
    "coordinates": [
     [
      [
       698518.4253405838,
       5487617.584493543
      ],
      [
       698521.2785101327,
       5487616.6574425595
      ],
      [
       698522.1746594163,
       5487619.415506457
      ],
      [
       698519.3214898674,
       5487620.3425574405
      ],
      [
       698518.4253405838,
       5487617.584493543
      ]
     ]
    ]
   },
   "properties": {
    "grundstueck": "H12",
    "nr": 0,
    "klasse": "gartenhaus",
    "hoehe_geschaetzt_m": 2.03,
    "hoehe_quelle": "Laser 2025, 99. Perzentil über Bodenpunkten (automatisch, nur Konsistenz)",
    "umriss_methode": "Rechteck von Hand",
    "sicher": false,
    "notiz": "weißer Pavillon/Zelt im DOP 2023, im Laser 2025 nicht vorhanden",
    "split": "dev",
    "zone": "Hang"
   }
  },
  {
   "type": "Feature",
   "geometry": {
    "type": "Polygon",
    "coordinates": [
     [
      [
       698517.0,
       5487616.0
      ],
      [
       698526.0,
       5487612.5
      ],
      [
       698526.4,
       5487613.5
      ],
      [
       698517.4,
       5487617.0
      ],
      [
       698517.0,
       5487616.0
      ]
     ]
    ]
   },
   "properties": {
    "grundstueck": "H12",
    "nr": 1,
    "klasse": "hecke",
    "hoehe_geschaetzt_m": 3.33,
    "hoehe_quelle": "Laser 2025, 99. Perzentil über Bodenpunkten (automatisch, nur Konsistenz)",
    "umriss_methode": "Eckpunkte von Hand",
    "sicher": true,
    "notiz": "Hecke an der Südgrenze ~2 m",
    "split": "dev",
    "zone": "Hang"
   }
  },
  {
   "type": "Feature",
   "geometry": {
    "type": "Polygon",
    "coordinates": [
     [
      [
       698517.0,
       5487616.0
      ],
      [
       698519.5,
       5487627.0
      ],
      [
       698520.4,
       5487626.8
      ],
      [
       698517.9,
       5487615.8
      ],
      [
       698517.0,
       5487616.0
      ]
     ]
    ]
   },
   "properties": {
    "grundstueck": "H12",
    "nr": 2,
    "klasse": "hecke",
    "hoehe_geschaetzt_m": 3.31,
    "hoehe_quelle": "Laser 2025, 99. Perzentil über Bodenpunkten (automatisch, nur Konsistenz)",
    "umriss_methode": "Eckpunkte von Hand",
    "sicher": false,
    "notiz": "Hecke an der Westgrenze",
    "split": "dev",
    "zone": "Hang"
   }
  },
  {
   "type": "Feature",
   "geometry": {
    "type": "Polygon",
    "coordinates": [
     [
      [
       699166.4636916108,
       5487121.9550595805
      ],
      [
       699169.9410245855,
       5487121.023311018
      ],
      [
       699170.5363083892,
       5487123.244940419
      ],
      [
       699167.0589754145,
       5487124.176688981
      ],
      [
       699166.4636916108,
       5487121.9550595805
      ]
     ]
    ]
   },
   "properties": {
    "grundstueck": "H13",
    "nr": 0,
    "klasse": "gewaechshaus",
    "hoehe_geschaetzt_m": 1.44,
    "hoehe_quelle": "Laser 2025, 99. Perzentil über Bodenpunkten (automatisch, nur Konsistenz)",
    "umriss_methode": "Rechteck von Hand",
    "sicher": true,
    "notiz": "Gewächshaus mit Sprossen (DOP), Laser ~1,5 m Einzelecho",
    "split": "dev",
    "zone": "Hang"
   }
  },
  {
   "type": "Feature",
   "geometry": {
    "type": "Polygon",
    "coordinates": [
     [
      [
       699151.0,
       5487128.0
      ],
      [
       699164.0,
       5487131.0
      ],
      [
       699167.5,
       5487129.0
      ],
      [
       699168.0,
       5487125.0
      ],
      [
       699156.0,
       5487122.0
      ],
      [
       699152.0,
       5487124.0
      ],
      [
       699151.0,
       5487128.0
      ]
     ]
    ]
   },
   "properties": {
    "grundstueck": "H13",
    "nr": 1,
    "klasse": "terrasse",
    "hoehe_geschaetzt_m": null,
    "hoehe_quelle": null,
    "umriss_methode": "Eckpunkte von Hand",
    "sicher": false,
    "notiz": "befestigter Hof mit Beeten, grob",
    "split": "dev",
    "zone": "Hang"
   }
  },
  {
   "type": "Feature",
   "geometry": {
    "type": "Polygon",
    "coordinates": [
     [
      [
       699146.0,
       5487117.5
      ],
      [
       699151.0,
       5487117.5
      ],
      [
       699151.0,
       5487125.0
      ],
      [
       699147.0,
       5487125.0
      ],
      [
       699146.0,
       5487117.5
      ]
     ]
    ]
   },
   "properties": {
    "grundstueck": "H13",
    "nr": 2,
    "klasse": "strauch",
    "hoehe_geschaetzt_m": 3.74,
    "hoehe_quelle": "Laser 2025, 99. Perzentil über Bodenpunkten (automatisch, nur Konsistenz)",
    "umriss_methode": "Eckpunkte von Hand",
    "sicher": false,
    "notiz": "Strauch/Gehölz Westgarten",
    "split": "dev",
    "zone": "Hang"
   }
  },
  {
   "type": "Feature",
   "geometry": {
    "type": "Polygon",
    "coordinates": [
     [
      [
       699160.5,
       5487108.5
      ],
      [
       699166.5,
       5487108.5
      ],
      [
       699167.0,
       5487113.5
      ],
      [
       699161.0,
       5487113.5
      ],
      [
       699160.5,
       5487108.5
      ]
     ]
    ]
   },
   "properties": {
    "grundstueck": "H13",
    "nr": 3,
    "klasse": "baum",
    "hoehe_geschaetzt_m": 6.2,
    "hoehe_quelle": "Laser 2025, 99. Perzentil über Bodenpunkten (automatisch, nur Konsistenz)",
    "umriss_methode": "Eckpunkte von Hand",
    "sicher": true,
    "notiz": "Baum/Großstrauch an der Südgrenze",
    "split": "dev",
    "zone": "Hang"
   }
  },
  {
   "type": "Feature",
   "geometry": {
    "type": "Polygon",
    "coordinates": [
     [
      [
       699409.984472472,
       5487040.901913004
      ],
      [
       699413.5068262625,
       5487043.368291681
      ],
      [
       699412.015527528,
       5487045.498086996
      ],
      [
       699408.4931737375,
       5487043.03170832
      ],
      [
       699409.984472472,
       5487040.901913004
      ]
     ]
    ]
   },
   "properties": {
    "grundstueck": "H14",
    "nr": 0,
    "klasse": "carport_garage",
    "hoehe_geschaetzt_m": 1.43,
    "hoehe_quelle": "Laser 2025, 99. Perzentil über Bodenpunkten (automatisch, nur Konsistenz)",
    "umriss_methode": "Rechteck von Hand",
    "sicher": false,
    "notiz": "überdachter Stellplatz/Anhänger an der Straße, Laser ~1,5 m",
    "split": "test",
    "zone": "Hang"
   }
  },
  {
   "type": "Feature",
   "geometry": {
    "type": "Polygon",
    "coordinates": [
     [
      [
       699438.623394066,
       5487048.2713681795
      ],
      [
       699440.7531893812,
       5487049.762666914
      ],
      [
       699439.376605934,
       5487051.7286318205
      ],
      [
       699437.2468106188,
       5487050.237333086
      ],
      [
       699438.623394066,
       5487048.2713681795
      ]
     ]
    ]
   },
   "properties": {
    "grundstueck": "H14",
    "nr": 1,
    "klasse": "gartenhaus",
    "hoehe_geschaetzt_m": 0.26,
    "hoehe_quelle": "Laser 2025, 99. Perzentil über Bodenpunkten (automatisch, nur Konsistenz)",
    "umriss_methode": "Rechteck von Hand",
    "sicher": false,
    "notiz": "kleines braunes Dach neben dem Haus, im Laser nicht eindeutig",
    "split": "test",
    "zone": "Hang"
   }
  },
  {
   "type": "Feature",
   "geometry": {
    "type": "Polygon",
    "coordinates": [
     [
      [
       699418.0,
       5487029.0
      ],
      [
       699424.0,
       5487028.0
      ],
      [
       699428.0,
       5487032.0
      ],
      [
       699427.5,
       5487038.0
      ],
      [
       699422.0,
       5487039.5
      ],
      [
       699418.5,
       5487036.0
      ],
      [
       699418.0,
       5487029.0
      ]
     ]
    ]
   },
   "properties": {
    "grundstueck": "H14",
    "nr": 2,
    "klasse": "baum",
    "hoehe_geschaetzt_m": 11.15,
    "hoehe_quelle": "Laser 2025, 99. Perzentil über Bodenpunkten (automatisch, nur Konsistenz)",
    "umriss_methode": "Eckpunkte von Hand",
    "sicher": true,
    "notiz": "großer Baum südlich des Hauses",
    "split": "test",
    "zone": "Hang"
   }
  },
  {
   "type": "Feature",
   "geometry": {
    "type": "Polygon",
    "coordinates": [
     [
      [
       699443.0,
       5487042.0
      ],
      [
       699450.0,
       5487039.0
      ],
      [
       699454.0,
       5487043.0
      ],
      [
       699454.0,
       5487050.0
      ],
      [
       699448.0,
       5487053.0
      ],
      [
       699444.0,
       5487049.0
      ],
      [
       699443.0,
       5487042.0
      ]
     ]
    ]
   },
   "properties": {
    "grundstueck": "H14",
    "nr": 3,
    "klasse": "baum",
    "hoehe_geschaetzt_m": 9.6,
    "hoehe_quelle": "Laser 2025, 99. Perzentil über Bodenpunkten (automatisch, nur Konsistenz)",
    "umriss_methode": "Eckpunkte von Hand",
    "sicher": true,
    "notiz": "Baumgruppe östlich des Hauses",
    "split": "test",
    "zone": "Hang"
   }
  },
  {
   "type": "Feature",
   "geometry": {
    "type": "Polygon",
    "coordinates": [
     [
      [
       699424.0,
       5487051.0
      ],
      [
       699428.0,
       5487051.0
      ],
      [
       699428.0,
       5487055.0
      ],
      [
       699424.0,
       5487055.0
      ],
      [
       699424.0,
       5487051.0
      ]
     ]
    ]
   },
   "properties": {
    "grundstueck": "H14",
    "nr": 4,
    "klasse": "strauch",
    "hoehe_geschaetzt_m": 8.89,
    "hoehe_quelle": "Laser 2025, 99. Perzentil über Bodenpunkten (automatisch, nur Konsistenz)",
    "umriss_methode": "Eckpunkte von Hand",
    "sicher": true,
    "notiz": "Strauch am Haus (Laser ~4 m Einzelecho: evtl. Nadelgehölz)",
    "split": "test",
    "zone": "Hang"
   }
  },
  {
   "type": "Feature",
   "geometry": {
    "type": "Polygon",
    "coordinates": [
     [
      [
       698838.702394267,
       5487111.739460029
      ],
      [
       698842.3729124068,
       5487110.755947657
      ],
      [
       698843.0976057331,
       5487113.460539971
      ],
      [
       698839.4270875932,
       5487114.444052342
      ],
      [
       698838.702394267,
       5487111.739460029
      ]
     ]
    ]
   },
   "properties": {
    "grundstueck": "H15",
    "nr": 0,
    "klasse": "gartenhaus",
    "hoehe_geschaetzt_m": 8.4,
    "hoehe_quelle": "Laser 2025, 99. Perzentil über Bodenpunkten (automatisch, nur Konsistenz)",
    "umriss_methode": "Rechteck von Hand",
    "sicher": true,
    "notiz": "Schuppen mit dunklem Dach, schließt an Nebengebäude im Hausumring an",
    "split": "dev",
    "zone": "Hang"
   }
  },
  {
   "type": "Feature",
   "geometry": {
    "type": "Polygon",
    "coordinates": [
     [
      [
       698823.0,
       5487103.8
      ],
      [
       698837.0,
       5487100.5
      ],
      [
       698837.2,
       5487099.6
      ],
      [
       698823.0,
       5487102.8
      ],
      [
       698823.0,
       5487103.8
      ]
     ]
    ]
   },
   "properties": {
    "grundstueck": "H15",
    "nr": 1,
    "klasse": "hecke",
    "hoehe_geschaetzt_m": 2.23,
    "hoehe_quelle": "Laser 2025, 99. Perzentil über Bodenpunkten (automatisch, nur Konsistenz)",
    "umriss_methode": "Eckpunkte von Hand",
    "sicher": true,
    "notiz": "geschnittene Hecke an der Südgrenze ~1,8 m",
    "split": "dev",
    "zone": "Hang"
   }
  },
  {
   "type": "Feature",
   "geometry": {
    "type": "Polygon",
    "coordinates": [
     [
      [
       698836.5,
       5487100.0
      ],
      [
       698837.5,
       5487100.0
      ],
      [
       698837.5,
       5487104.5
      ],
      [
       698836.5,
       5487104.5
      ],
      [
       698836.5,
       5487100.0
      ]
     ]
    ]
   },
   "properties": {
    "grundstueck": "H15",
    "nr": 2,
    "klasse": "hecke",
    "hoehe_geschaetzt_m": 1.87,
    "hoehe_quelle": "Laser 2025, 99. Perzentil über Bodenpunkten (automatisch, nur Konsistenz)",
    "umriss_methode": "Eckpunkte von Hand",
    "sicher": false,
    "notiz": "Heckenstück",
    "split": "dev",
    "zone": "Hang"
   }
  },
  {
   "type": "Feature",
   "geometry": {
    "type": "Polygon",
    "coordinates": [
     [
      [
       698840.0,
       5487133.3
      ],
      [
       698849.0,
       5487132.6
      ],
      [
       698849.0,
       5487134.6
      ],
      [
       698840.0,
       5487135.3
      ],
      [
       698840.0,
       5487133.3
      ]
     ]
    ]
   },
   "properties": {
    "grundstueck": "H15",
    "nr": 3,
    "klasse": "hecke",
    "hoehe_geschaetzt_m": 13.81,
    "hoehe_quelle": "Laser 2025, 99. Perzentil über Bodenpunkten (automatisch, nur Konsistenz)",
    "umriss_methode": "Eckpunkte von Hand",
    "sicher": true,
    "notiz": "Hecke an der Nordgrenze ~2 m",
    "split": "dev",
    "zone": "Hang"
   }
  },
  {
   "type": "Feature",
   "geometry": {
    "type": "Polygon",
    "coordinates": [
     [
      [
       698843.0,
       5487100.0
      ],
      [
       698850.0,
       5487100.0
      ],
      [
       698852.0,
       5487138.0
      ],
      [
       698845.0,
       5487138.0
      ],
      [
       698843.0,
       5487100.0
      ]
     ]
    ]
   },
   "properties": {
    "grundstueck": "H15",
    "nr": 4,
    "klasse": "baum",
    "hoehe_geschaetzt_m": 17.37,
    "hoehe_quelle": "Laser 2025, 99. Perzentil über Bodenpunkten (automatisch, nur Konsistenz)",
    "umriss_methode": "Eckpunkte von Hand",
    "sicher": false,
    "notiz": "Baumreihe an der Ostgrenze, größtenteils Nachbar",
    "split": "dev",
    "zone": "Hang"
   }
  },
  {
   "type": "Feature",
   "geometry": {
    "type": "Polygon",
    "coordinates": [
     [
      [
       698139.4,
       5486099.7
      ],
      [
       698139.3978318211,
       5486099.611678187
      ],
      [
       698139.391332508,
       5486099.523569148
      ],
      [
       698139.3805177179,
       5486099.435885146
      ],
      [
       698139.3654135047,
       5486099.34883742
      ],
      [
       698139.3460562557,
       5486099.262635676
      ],
      [
       698139.3224926043,
       5486099.177487581
      ],
      [
       698139.2947793173,
       5486099.093598264
      ],
      [
       698139.2629831585,
       5486099.011169822
      ],
      [
       698139.2271807276,
       5486098.930400832
      ],
      [
       698139.1874582758,
       5486098.851485874
      ],
      [
       698139.143911498,
       5486098.774615061
      ],
      [
       698139.0966453021,
       5486098.69997358
      ],
      [
       698139.0457735567,
       5486098.627741252
      ],
      [
       698138.991418816,
       5486098.558092088
      ],
      [
       698138.9337120256,
       5486098.491193881
      ],
      [
       698138.8727922061,
       5486098.427207794
      ],
      [
       698138.8088061187,
       5486098.366287975
      ],
      [
       698138.7419079115,
       5486098.308581185
      ],
      [
       698138.6722587481,
       5486098.254226443
      ],
      [
       698138.6000264194,
       5486098.203354698
      ],
      [
       698138.5253849395,
       5486098.156088502
      ],
      [
       698138.4485141262,
       5486098.112541724
      ],
      [
       698138.3695991682,
       5486098.072819273
      ],
      [
       698138.2888301782,
       5486098.037016842
      ],
      [
       698138.2064017361,
       5486098.005220683
      ],
      [
       698138.122512419,
       5486097.977507396
      ],
      [
       698138.0373643239,
       5486097.953943744
      ],
      [
       698137.9511625796,
       5486097.934586495
      ],
      [
       698137.864114854,
       5486097.919482282
      ],
      [
       698137.7764308526,
       5486097.908667492
      ],
      [
       698137.6883218137,
       5486097.902168179
      ],
      [
       698137.6,
       5486097.9
      ],
      [
       698137.5116781862,
       5486097.902168179
      ],
      [
       698137.4235691474,
       5486097.908667492
      ],
      [
       698137.3358851459,
       5486097.919482282
      ],
      [
       698137.2488374204,
       5486097.934586495
      ],
      [
       698137.1626356761,
       5486097.953943744
      ],
      [
       698137.077487581,
       5486097.977507396
      ],
      [
       698136.9935982638,
       5486098.005220683
      ],
      [
       698136.9111698217,
       5486098.037016842
      ],
      [
       698136.8304008318,
       5486098.072819273
      ],
      [
       698136.7514858737,
       5486098.112541724
      ],
      [
       698136.6746150604,
       5486098.156088502
      ],
      [
       698136.5999735806,
       5486098.203354698
      ],
      [
       698136.5277412519,
       5486098.254226443
      ],
      [
       698136.4580920885,
       5486098.308581185
      ],
      [
       698136.3911938813,
       5486098.366287975
      ],
      [
       698136.3272077938,
       5486098.427207794
      ],
      [
       698136.2662879743,
       5486098.491193881
      ],
      [
       698136.2085811839,
       5486098.558092088
      ],
      [
       698136.1542264433,
       5486098.627741252
      ],
      [
       698136.1033546978,
       5486098.69997358
      ],
      [
       698136.0560885019,
       5486098.774615061
      ],
      [
       698136.0125417241,
       5486098.851485874
      ],
      [
       698135.9728192723,
       5486098.930400832
      ],
      [
       698135.9370168415,
       5486099.011169822
      ],
      [
       698135.9052206826,
       5486099.093598264
      ],
      [
       698135.8775073957,
       5486099.177487581
      ],
      [
       698135.8539437442,
       5486099.262635676
      ],
      [
       698135.8345864953,
       5486099.34883742
      ],
      [
       698135.819482282,
       5486099.435885146
      ],
      [
       698135.808667492,
       5486099.523569148
      ],
      [
       698135.8021681788,
       5486099.611678187
      ],
      [
       698135.7999999999,
       5486099.7
      ],
      [
       698135.8021681788,
       5486099.788321814
      ],
      [
       698135.808667492,
       5486099.876430852
      ],
      [
       698135.819482282,
       5486099.964114854
      ],
      [
       698135.8345864953,
       5486100.05116258
      ],
      [
       698135.8539437442,
       5486100.137364324
      ],
      [
       698135.8775073957,
       5486100.222512419
      ],
      [
       698135.9052206826,
       5486100.306401736
      ],
      [
       698135.9370168415,
       5486100.388830178
      ],
      [
       698135.9728192723,
       5486100.469599169
      ],
      [
       698136.0125417241,
       5486100.548514127
      ],
      [
       698136.0560885019,
       5486100.62538494
      ],
      [
       698136.1033546978,
       5486100.70002642
      ],
      [
       698136.1542264433,
       5486100.772258748
      ],
      [
       698136.2085811839,
       5486100.841907912
      ],
      [
       698136.2662879743,
       5486100.908806119
      ],
      [
       698136.3272077938,
       5486100.972792206
      ],
      [
       698136.3911938813,
       5486101.033712026
      ],
      [
       698136.4580920885,
       5486101.091418816
      ],
      [
       698136.5277412519,
       5486101.145773557
      ],
      [
       698136.5999735806,
       5486101.196645303
      ],
      [
       698136.6746150604,
       5486101.243911498
      ],
      [
       698136.7514858737,
       5486101.287458276
      ],
      [
       698136.8304008318,
       5486101.327180727
      ],
      [
       698136.9111698217,
       5486101.362983159
      ],
      [
       698136.9935982638,
       5486101.394779317
      ],
      [
       698137.077487581,
       5486101.422492605
      ],
      [
       698137.1626356761,
       5486101.446056256
      ],
      [
       698137.2488374204,
       5486101.465413505
      ],
      [
       698137.3358851459,
       5486101.480517718
      ],
      [
       698137.4235691474,
       5486101.491332509
      ],
      [
       698137.5116781862,
       5486101.497831821
      ],
      [
       698137.6,
       5486101.5
      ],
      [
       698137.6883218137,
       5486101.497831821
      ],
      [
       698137.7764308526,
       5486101.491332509
      ],
      [
       698137.864114854,
       5486101.480517718
      ],
      [
       698137.9511625796,
       5486101.465413505
      ],
      [
       698138.0373643239,
       5486101.446056256
      ],
      [
       698138.122512419,
       5486101.422492605
      ],
      [
       698138.2064017361,
       5486101.394779317
      ],
      [
       698138.2888301782,
       5486101.362983159
      ],
      [
       698138.3695991682,
       5486101.327180727
      ],
      [
       698138.4485141262,
       5486101.287458276
      ],
      [
       698138.5253849395,
       5486101.243911498
      ],
      [
       698138.6000264194,
       5486101.196645303
      ],
      [
       698138.6722587481,
       5486101.145773557
      ],
      [
       698138.7419079115,
       5486101.091418816
      ],
      [
       698138.8088061187,
       5486101.033712026
      ],
      [
       698138.8727922061,
       5486100.972792206
      ],
      [
       698138.9337120256,
       5486100.908806119
      ],
      [
       698138.991418816,
       5486100.841907912
      ],
      [
       698139.0457735567,
       5486100.772258748
      ],
      [
       698139.0966453021,
       5486100.70002642
      ],
      [
       698139.143911498,
       5486100.62538494
      ],
      [
       698139.1874582758,
       5486100.548514127
      ],
      [
       698139.2271807276,
       5486100.469599169
      ],
      [
       698139.2629831585,
       5486100.388830178
      ],
      [
       698139.2947793173,
       5486100.306401736
      ],
      [
       698139.3224926043,
       5486100.222512419
      ],
      [
       698139.3460562557,
       5486100.137364324
      ],
      [
       698139.3654135047,
       5486100.05116258
      ],
      [
       698139.3805177179,
       5486099.964114854
      ],
      [
       698139.391332508,
       5486099.876430852
      ],
      [
       698139.3978318211,
       5486099.788321814
      ],
      [
       698139.4,
       5486099.7
      ]
     ]
    ]
   },
   "properties": {
    "grundstueck": "H16",
    "nr": 0,
    "klasse": "baum",
    "hoehe_geschaetzt_m": 10.36,
    "hoehe_quelle": "Laser 2025, 99. Perzentil über Bodenpunkten (automatisch, nur Konsistenz)",
    "umriss_methode": "Kreis von Hand",
    "sicher": true,
    "notiz": "Nadelbaum ~4 m (Ringmuster im Laser)",
    "split": "dev",
    "zone": "Hang"
   }
  },
  {
   "type": "Feature",
   "geometry": {
    "type": "Polygon",
    "coordinates": [
     [
      [
       698128.0,
       5486103.0
      ],
      [
       698129.5,
       5486133.0
      ],
      [
       698130.7,
       5486133.0
      ],
      [
       698129.3,
       5486103.0
      ],
      [
       698128.0,
       5486103.0
      ]
     ]
    ]
   },
   "properties": {
    "grundstueck": "H16",
    "nr": 1,
    "klasse": "hecke",
    "hoehe_geschaetzt_m": 13.05,
    "hoehe_quelle": "Laser 2025, 99. Perzentil über Bodenpunkten (automatisch, nur Konsistenz)",
    "umriss_methode": "Eckpunkte von Hand",
    "sicher": true,
    "notiz": "Hecke an der Westgrenze ~1,5–2 m",
    "split": "dev",
    "zone": "Hang"
   }
  },
  {
   "type": "Feature",
   "geometry": {
    "type": "Polygon",
    "coordinates": [
     [
      [
       698128.0,
       5486102.5
      ],
      [
       698131.0,
       5486097.0
      ],
      [
       698137.0,
       5486095.3
      ],
      [
       698137.0,
       5486096.5
      ],
      [
       698132.0,
       5486098.0
      ],
      [
       698129.3,
       5486103.0
      ],
      [
       698128.0,
       5486102.5
      ]
     ]
    ]
   },
   "properties": {
    "grundstueck": "H16",
    "nr": 2,
    "klasse": "hecke",
    "hoehe_geschaetzt_m": 5.28,
    "hoehe_quelle": "Laser 2025, 99. Perzentil über Bodenpunkten (automatisch, nur Konsistenz)",
    "umriss_methode": "Eckpunkte von Hand",
    "sicher": true,
    "notiz": "Hecke an der SW-Ecke",
    "split": "dev",
    "zone": "Hang"
   }
  },
  {
   "type": "Feature",
   "geometry": {
    "type": "Polygon",
    "coordinates": [
     [
      [
       698152.0,
       5486123.0
      ],
      [
       698157.0,
       5486105.0
      ],
      [
       698158.3,
       5486105.3
      ],
      [
       698153.3,
       5486123.3
      ],
      [
       698152.0,
       5486123.0
      ]
     ]
    ]
   },
   "properties": {
    "grundstueck": "H16",
    "nr": 3,
    "klasse": "hecke",
    "hoehe_geschaetzt_m": 3.76,
    "hoehe_quelle": "Laser 2025, 99. Perzentil über Bodenpunkten (automatisch, nur Konsistenz)",
    "umriss_methode": "Eckpunkte von Hand",
    "sicher": true,
    "notiz": "Hecke an der Ostgrenze",
    "split": "dev",
    "zone": "Hang"
   }
  },
  {
   "type": "Feature",
   "geometry": {
    "type": "Polygon",
    "coordinates": [
     [
      [
       698130.0,
       5486125.0
      ],
      [
       698138.0,
       5486123.0
      ],
      [
       698148.0,
       5486125.0
      ],
      [
       698153.0,
       5486131.0
      ],
      [
       698150.0,
       5486140.0
      ],
      [
       698138.0,
       5486140.0
      ],
      [
       698130.0,
       5486133.0
      ],
      [
       698130.0,
       5486125.0
      ]
     ]
    ]
   },
   "properties": {
    "grundstueck": "H16",
    "nr": 4,
    "klasse": "baum",
    "hoehe_geschaetzt_m": 17.21,
    "hoehe_quelle": "Laser 2025, 99. Perzentil über Bodenpunkten (automatisch, nur Konsistenz)",
    "umriss_methode": "Eckpunkte von Hand",
    "sicher": false,
    "notiz": "Baumbestand im Nordteil (mehrere Kronen verschmolzen)",
    "split": "dev",
    "zone": "Hang"
   }
  },
  {
   "type": "Feature",
   "geometry": {
    "type": "Polygon",
    "coordinates": [
     [
      [
       698515.0,
       5487470.5
      ],
      [
       698532.0,
       5487467.0
      ],
      [
       698532.0,
       5487474.5
      ],
      [
       698520.0,
       5487476.0
      ],
      [
       698519.0,
       5487486.0
      ],
      [
       698515.5,
       5487486.0
      ],
      [
       698515.0,
       5487470.5
      ]
     ]
    ]
   },
   "properties": {
    "grundstueck": "H17",
    "nr": 0,
    "klasse": "terrasse",
    "hoehe_geschaetzt_m": null,
    "hoehe_quelle": null,
    "umriss_methode": "Eckpunkte von Hand",
    "sicher": true,
    "notiz": "gepflasterter Hof/Zufahrt; das dunkle Objekt bei (12,22) ist vermutlich ein Auto",
    "split": "test",
    "zone": "Hang"
   }
  },
  {
   "type": "Feature",
   "geometry": {
    "type": "Polygon",
    "coordinates": [
     [
      [
       699261.0,
       5487058.0
      ],
      [
       699261.5,
       5487070.0
      ],
      [
       699265.0,
       5487078.0
      ],
      [
       699272.0,
       5487085.0
      ],
      [
       699281.0,
       5487090.5
      ],
      [
       699282.0,
       5487089.0
      ],
      [
       699273.0,
       5487083.5
      ],
      [
       699266.5,
       5487077.0
      ],
      [
       699263.0,
       5487069.5
      ],
      [
       699262.6,
       5487058.0
      ],
      [
       699261.0,
       5487058.0
      ]
     ]
    ]
   },
   "properties": {
    "grundstueck": "H18",
    "nr": 0,
    "klasse": "hecke",
    "hoehe_geschaetzt_m": 5.06,
    "hoehe_quelle": "Laser 2025, 99. Perzentil über Bodenpunkten (automatisch, nur Konsistenz)",
    "umriss_methode": "Eckpunkte von Hand",
    "sicher": true,
    "notiz": "Hecke entlang der gebogenen Straßengrenze ~2–3 m",
    "split": "dev",
    "zone": "Hang"
   }
  },
  {
   "type": "Feature",
   "geometry": {
    "type": "Polygon",
    "coordinates": [
     [
      [
       699269.0,
       5487064.0
      ],
      [
       699276.0,
       5487064.0
      ],
      [
       699276.0,
       5487070.0
      ],
      [
       699269.0,
       5487070.0
      ],
      [
       699269.0,
       5487064.0
      ]
     ]
    ]
   },
   "properties": {
    "grundstueck": "H18",
    "nr": 1,
    "klasse": "strauch",
    "hoehe_geschaetzt_m": 7.43,
    "hoehe_quelle": "Laser 2025, 99. Perzentil über Bodenpunkten (automatisch, nur Konsistenz)",
    "umriss_methode": "Eckpunkte von Hand",
    "sicher": false,
    "notiz": "Strauchgruppe vor dem Haus",
    "split": "dev",
    "zone": "Hang"
   }
  },
  {
   "type": "Feature",
   "geometry": {
    "type": "Polygon",
    "coordinates": [
     [
      [
       699265.0,
       5487064.0
      ],
      [
       699269.0,
       5487064.0
      ],
      [
       699269.0,
       5487069.0
      ],
      [
       699265.0,
       5487069.0
      ],
      [
       699265.0,
       5487064.0
      ]
     ]
    ]
   },
   "properties": {
    "grundstueck": "H18",
    "nr": 2,
    "klasse": "strauch",
    "hoehe_geschaetzt_m": 3.04,
    "hoehe_quelle": "Laser 2025, 99. Perzentil über Bodenpunkten (automatisch, nur Konsistenz)",
    "umriss_methode": "Eckpunkte von Hand",
    "sicher": false,
    "notiz": "Strauch",
    "split": "dev",
    "zone": "Hang"
   }
  },
  {
   "type": "Feature",
   "geometry": {
    "type": "Polygon",
    "coordinates": [
     [
      [
       699231.9643593539,
       5487025.200961894
      ],
      [
       699234.7356406461,
       5487026.800961894
      ],
      [
       699233.2356406461,
       5487029.399038105
      ],
      [
       699230.4643593539,
       5487027.799038106
      ],
      [
       699231.9643593539,
       5487025.200961894
      ]
     ]
    ]
   },
   "properties": {
    "grundstueck": "H19",
    "nr": 0,
    "klasse": "gartenhaus",
    "hoehe_geschaetzt_m": 3.27,
    "hoehe_quelle": "Laser 2025, 99. Perzentil über Bodenpunkten (automatisch, nur Konsistenz)",
    "umriss_methode": "Rechteck von Hand",
    "sicher": true,
    "notiz": "Gartenhaus mit hellem Zeltdach, Laser ~2,5 m",
    "split": "dev",
    "zone": "Hang"
   }
  },
  {
   "type": "Feature",
   "geometry": {
    "type": "Polygon",
    "coordinates": [
     [
      [
       699233.8473720559,
       5487029.083974596
      ],
      [
       699235.7526279442,
       5487030.183974597
      ],
      [
       699234.7526279442,
       5487031.916025404
      ],
      [
       699232.8473720559,
       5487030.816025403
      ],
      [
       699233.8473720559,
       5487029.083974596
      ]
     ]
    ]
   },
   "properties": {
    "grundstueck": "H19",
    "nr": 1,
    "klasse": "gartenhaus",
    "hoehe_geschaetzt_m": 3.08,
    "hoehe_quelle": "Laser 2025, 99. Perzentil über Bodenpunkten (automatisch, nur Konsistenz)",
    "umriss_methode": "Rechteck von Hand",
    "sicher": false,
    "notiz": "kleiner dunkler Anbau/Schuppen hinter dem Gartenhaus",
    "split": "dev",
    "zone": "Hang"
   }
  },
  {
   "type": "Feature",
   "geometry": {
    "type": "Polygon",
    "coordinates": [
     [
      [
       699219.0,
       5487042.0
      ],
      [
       699236.0,
       5487033.0
      ],
      [
       699236.5,
       5487034.0
      ],
      [
       699219.5,
       5487043.0
      ],
      [
       699219.0,
       5487042.0
      ]
     ]
    ]
   },
   "properties": {
    "grundstueck": "H19",
    "nr": 2,
    "klasse": "hecke",
    "hoehe_geschaetzt_m": 6.09,
    "hoehe_quelle": "Laser 2025, 99. Perzentil über Bodenpunkten (automatisch, nur Konsistenz)",
    "umriss_methode": "Eckpunkte von Hand",
    "sicher": false,
    "notiz": "niedrige Hecke/Zaun an der NO-Grenze",
    "split": "dev",
    "zone": "Hang"
   }
  },
  {
   "type": "Feature",
   "geometry": {
    "type": "Polygon",
    "coordinates": [
     [
      [
       699235.0,
       5487009.0
      ],
      [
       699239.5,
       5487009.0
      ],
      [
       699239.5,
       5487014.0
      ],
      [
       699235.0,
       5487014.0
      ],
      [
       699235.0,
       5487009.0
      ]
     ]
    ]
   },
   "properties": {
    "grundstueck": "H19",
    "nr": 3,
    "klasse": "strauch",
    "hoehe_geschaetzt_m": 3.88,
    "hoehe_quelle": "Laser 2025, 99. Perzentil über Bodenpunkten (automatisch, nur Konsistenz)",
    "umriss_methode": "Eckpunkte von Hand",
    "sicher": true,
    "notiz": "Strauch/kleiner Baum ~4 m",
    "split": "dev",
    "zone": "Hang"
   }
  },
  {
   "type": "Feature",
   "geometry": {
    "type": "Polygon",
    "coordinates": [
     [
      [
       699238.0,
       5487018.0
      ],
      [
       699245.0,
       5487018.0
      ],
      [
       699245.0,
       5487025.0
      ],
      [
       699238.0,
       5487025.0
      ],
      [
       699238.0,
       5487018.0
      ]
     ]
    ]
   },
   "properties": {
    "grundstueck": "H19",
    "nr": 4,
    "klasse": "strauch",
    "hoehe_geschaetzt_m": 6.35,
    "hoehe_quelle": "Laser 2025, 99. Perzentil über Bodenpunkten (automatisch, nur Konsistenz)",
    "umriss_methode": "Eckpunkte von Hand",
    "sicher": false,
    "notiz": "Gehölzgruppe an der Ostgrenze",
    "split": "dev",
    "zone": "Hang"
   }
  },
  {
   "type": "Feature",
   "geometry": {
    "type": "Polygon",
    "coordinates": [
     [
      [
       698650.9,
       5486096.8
      ],
      [
       698650.898434093,
       5486096.7362120235
      ],
      [
       698650.8937401447,
       5486096.672577717
      ],
      [
       698650.885929463,
       5486096.609250383
      ],
      [
       698650.8750208645,
       5486096.546382581
      ],
      [
       698650.8610406291,
       5486096.484125766
      ],
      [
       698650.8440224364,
       5486096.42262992
      ],
      [
       698650.8240072847,
       5486096.362043191
      ],
      [
       698650.8010433923,
       5486096.302511537
      ],
      [
       698650.7751860811,
       5486096.244178378
      ],
      [
       698650.7464976436,
       5486096.187184242
      ],
      [
       698650.715047193,
       5486096.131666432
      ],
      [
       698650.6809104959,
       5486096.077758697
      ],
      [
       698650.6441697909,
       5486096.025590904
      ],
      [
       698650.6049135893,
       5486095.97528873
      ],
      [
       698650.5632364629,
       5486095.926973359
      ],
      [
       698650.5192388155,
       5486095.880761185
      ],
      [
       698650.4730266413,
       5486095.836763537
      ],
      [
       698650.4247112694,
       5486095.795086411
      ],
      [
       698650.3744090958,
       5486095.755830209
      ],
      [
       698650.3222413029,
       5486095.719089503
      ],
      [
       698650.2683335674,
       5486095.684952807
      ],
      [
       698650.2128157578,
       5486095.653502356
      ],
      [
       698650.1558216214,
       5486095.624813919
      ],
      [
       698650.097488462,
       5486095.598956607
      ],
      [
       698650.0379568094,
       5486095.575992715
      ],
      [
       698649.9773700804,
       5486095.555977563
      ],
      [
       698649.9158742338,
       5486095.538959371
      ],
      [
       698649.8536174186,
       5486095.524979135
      ],
      [
       698649.7907496168,
       5486095.514070537
      ],
      [
       698649.7274222824,
       5486095.506259855
      ],
      [
       698649.6637879766,
       5486095.501565907
      ],
      [
       698649.6,
       5486095.5
      ],
      [
       698649.5362120233,
       5486095.501565907
      ],
      [
       698649.4725777175,
       5486095.506259855
      ],
      [
       698649.4092503831,
       5486095.514070537
      ],
      [
       698649.3463825814,
       5486095.524979135
      ],
      [
       698649.2841257661,
       5486095.538959371
      ],
      [
       698649.2226299195,
       5486095.555977563
      ],
      [
       698649.1620431906,
       5486095.575992715
      ],
      [
       698649.102511538,
       5486095.598956607
      ],
      [
       698649.0441783785,
       5486095.624813919
      ],
      [
       698648.9871842421,
       5486095.653502356
      ],
      [
       698648.9316664325,
       5486095.684952807
      ],
      [
       698648.877758697,
       5486095.719089503
      ],
      [
       698648.8255909041,
       5486095.755830209
      ],
      [
       698648.7752887305,
       5486095.795086411
      ],
      [
       698648.7269733587,
       5486095.836763537
      ],
      [
       698648.6807611844,
       5486095.880761185
      ],
      [
       698648.6367635371,
       5486095.926973359
      ],
      [
       698648.5950864106,
       5486095.97528873
      ],
      [
       698648.555830209,
       5486096.025590904
      ],
      [
       698648.519089504,
       5486096.077758697
      ],
      [
       698648.484952807,
       5486096.131666432
      ],
      [
       698648.4535023563,
       5486096.187184242
      ],
      [
       698648.4248139189,
       5486096.244178378
      ],
      [
       698648.3989566077,
       5486096.302511537
      ],
      [
       698648.3759927152,
       5486096.362043191
      ],
      [
       698648.3559775635,
       5486096.42262992
      ],
      [
       698648.3389593709,
       5486096.484125766
      ],
      [
       698648.3249791354,
       5486096.546382581
      ],
      [
       698648.314070537,
       5486096.609250383
      ],
      [
       698648.3062598553,
       5486096.672577717
      ],
      [
       698648.301565907,
       5486096.7362120235
      ],
      [
       698648.2999999999,
       5486096.8
      ],
      [
       698648.301565907,
       5486096.863787976
      ],
      [
       698648.3062598553,
       5486096.927422282
      ],
      [
       698648.314070537,
       5486096.990749616
      ],
      [
       698648.3249791354,
       5486097.053617419
      ],
      [
       698648.3389593709,
       5486097.115874234
      ],
      [
       698648.3559775635,
       5486097.17737008
      ],
      [
       698648.3759927152,
       5486097.237956809
      ],
      [
       698648.3989566077,
       5486097.297488462
      ],
      [
       698648.4248139189,
       5486097.355821622
      ],
      [
       698648.4535023563,
       5486097.412815758
      ],
      [
       698648.484952807,
       5486097.4683335675
      ],
      [
       698648.519089504,
       5486097.522241303
      ],
      [
       698648.555830209,
       5486097.574409096
      ],
      [
       698648.5950864106,
       5486097.6247112695
      ],
      [
       698648.6367635371,
       5486097.673026641
      ],
      [
       698648.6807611844,
       5486097.719238815
      ],
      [
       698648.7269733587,
       5486097.763236463
      ],
      [
       698648.7752887305,
       5486097.804913589
      ],
      [
       698648.8255909041,
       5486097.844169791
      ],
      [
       698648.877758697,
       5486097.880910496
      ],
      [
       698648.9316664325,
       5486097.915047193
      ],
      [
       698648.9871842421,
       5486097.946497643
      ],
      [
       698649.0441783785,
       5486097.975186081
      ],
      [
       698649.102511538,
       5486098.001043392
      ],
      [
       698649.1620431906,
       5486098.024007285
      ],
      [
       698649.2226299195,
       5486098.044022436
      ],
      [
       698649.2841257661,
       5486098.061040629
      ],
      [
       698649.3463825814,
       5486098.075020865
      ],
      [
       698649.4092503831,
       5486098.085929463
      ],
      [
       698649.4725777175,
       5486098.093740145
      ],
      [
       698649.5362120233,
       5486098.0984340925
      ],
      [
       698649.6,
       5486098.1
      ],
      [
       698649.6637879766,
       5486098.0984340925
      ],
      [
       698649.7274222824,
       5486098.093740145
      ],
      [
       698649.7907496168,
       5486098.085929463
      ],
      [
       698649.8536174186,
       5486098.075020865
      ],
      [
       698649.9158742338,
       5486098.061040629
      ],
      [
       698649.9773700804,
       5486098.044022436
      ],
      [
       698650.0379568094,
       5486098.024007285
      ],
      [
       698650.097488462,
       5486098.001043392
      ],
      [
       698650.1558216214,
       5486097.975186081
      ],
      [
       698650.2128157578,
       5486097.946497643
      ],
      [
       698650.2683335674,
       5486097.915047193
      ],
      [
       698650.3222413029,
       5486097.880910496
      ],
      [
       698650.3744090958,
       5486097.844169791
      ],
      [
       698650.4247112694,
       5486097.804913589
      ],
      [
       698650.4730266413,
       5486097.763236463
      ],
      [
       698650.5192388155,
       5486097.719238815
      ],
      [
       698650.5632364629,
       5486097.673026641
      ],
      [
       698650.6049135893,
       5486097.6247112695
      ],
      [
       698650.6441697909,
       5486097.574409096
      ],
      [
       698650.6809104959,
       5486097.522241303
      ],
      [
       698650.715047193,
       5486097.4683335675
      ],
      [
       698650.7464976436,
       5486097.412815758
      ],
      [
       698650.7751860811,
       5486097.355821622
      ],
      [
       698650.8010433923,
       5486097.297488462
      ],
      [
       698650.8240072847,
       5486097.237956809
      ],
      [
       698650.8440224364,
       5486097.17737008
      ],
      [
       698650.8610406291,
       5486097.115874234
      ],
      [
       698650.8750208645,
       5486097.053617419
      ],
      [
       698650.885929463,
       5486096.990749616
      ],
      [
       698650.8937401447,
       5486096.927422282
      ],
      [
       698650.898434093,
       5486096.863787976
      ],
      [
       698650.9,
       5486096.8
      ]
     ]
    ]
   },
   "properties": {
    "grundstueck": "H20",
    "nr": 0,
    "klasse": "baum",
    "hoehe_geschaetzt_m": 6.05,
    "hoehe_quelle": "Laser 2025, 99. Perzentil über Bodenpunkten (automatisch, nur Konsistenz)",
    "umriss_methode": "Kreis von Hand",
    "sicher": true,
    "notiz": "Nadelbaum ~4 m südlich des Hauses",
    "split": "test",
    "zone": "Hang"
   }
  },
  {
   "type": "Feature",
   "geometry": {
    "type": "Polygon",
    "coordinates": [
     [
      [
       698632.0,
       5486079.0
      ],
      [
       698638.0,
       5486078.0
      ],
      [
       698639.0,
       5486083.0
      ],
      [
       698635.0,
       5486086.5
      ],
      [
       698631.0,
       5486084.0
      ],
      [
       698632.0,
       5486079.0
      ]
     ]
    ]
   },
   "properties": {
    "grundstueck": "H20",
    "nr": 1,
    "klasse": "baum",
    "hoehe_geschaetzt_m": 9.28,
    "hoehe_quelle": "Laser 2025, 99. Perzentil über Bodenpunkten (automatisch, nur Konsistenz)",
    "umriss_methode": "Eckpunkte von Hand",
    "sicher": true,
    "notiz": "Baum in der SW-Ecke (~7 m)",
    "split": "test",
    "zone": "Hang"
   }
  },
  {
   "type": "Feature",
   "geometry": {
    "type": "Polygon",
    "coordinates": [
     [
      [
       698642.0,
       5486076.0
      ],
      [
       698649.0,
       5486076.0
      ],
      [
       698650.0,
       5486081.0
      ],
      [
       698646.0,
       5486083.0
      ],
      [
       698642.0,
       5486081.0
      ],
      [
       698642.0,
       5486076.0
      ]
     ]
    ]
   },
   "properties": {
    "grundstueck": "H20",
    "nr": 2,
    "klasse": "baum",
    "hoehe_geschaetzt_m": 6.86,
    "hoehe_quelle": "Laser 2025, 99. Perzentil über Bodenpunkten (automatisch, nur Konsistenz)",
    "umriss_methode": "Eckpunkte von Hand",
    "sicher": false,
    "notiz": "Baum an der Südgrenze",
    "split": "test",
    "zone": "Hang"
   }
  },
  {
   "type": "Feature",
   "geometry": {
    "type": "Polygon",
    "coordinates": [
     [
      [
       698650.0,
       5486110.0
      ],
      [
       698656.0,
       5486110.0
      ],
      [
       698657.0,
       5486117.0
      ],
      [
       698651.0,
       5486118.0
      ],
      [
       698650.0,
       5486110.0
      ]
     ]
    ]
   },
   "properties": {
    "grundstueck": "H20",
    "nr": 3,
    "klasse": "baum",
    "hoehe_geschaetzt_m": 15.28,
    "hoehe_quelle": "Laser 2025, 99. Perzentil über Bodenpunkten (automatisch, nur Konsistenz)",
    "umriss_methode": "Eckpunkte von Hand",
    "sicher": false,
    "notiz": "Baum an der Ostgrenze nördlich des Hauses",
    "split": "test",
    "zone": "Hang"
   }
  },
  {
   "type": "Feature",
   "geometry": {
    "type": "Polygon",
    "coordinates": [
     [
      [
       698644.0,
       5486087.0
      ],
      [
       698651.0,
       5486087.0
      ],
      [
       698651.0,
       5486094.0
      ],
      [
       698644.0,
       5486094.0
      ],
      [
       698644.0,
       5486087.0
      ]
     ]
    ]
   },
   "properties": {
    "grundstueck": "H20",
    "nr": 4,
    "klasse": "strauch",
    "hoehe_geschaetzt_m": 4.48,
    "hoehe_quelle": "Laser 2025, 99. Perzentil über Bodenpunkten (automatisch, nur Konsistenz)",
    "umriss_methode": "Eckpunkte von Hand",
    "sicher": false,
    "notiz": "Gehölzgruppe",
    "split": "test",
    "zone": "Hang"
   }
  },
  {
   "type": "Feature",
   "geometry": {
    "type": "Polygon",
    "coordinates": [
     [
      [
       698757.2058382455,
       5487418.623357548
      ],
      [
       698760.1766424517,
       5487418.205838246
      ],
      [
       698760.5941617546,
       5487421.176642452
      ],
      [
       698757.6233575484,
       5487421.5941617545
      ],
      [
       698757.2058382455,
       5487418.623357548
      ]
     ]
    ]
   },
   "properties": {
    "grundstueck": "S01",
    "nr": 0,
    "klasse": "gartenhaus",
    "hoehe_geschaetzt_m": 2.5,
    "hoehe_quelle": "von Hand geschätzt",
    "umriss_methode": "Rechteck von Hand",
    "sicher": false,
    "notiz": "weißer Faltpavillon, nur im DOP 2023, im Laser 2025 nicht vorhanden",
    "split": "test",
    "zone": "Siedlung"
   }
  },
  {
   "type": "Feature",
   "geometry": {
    "type": "Polygon",
    "coordinates": [
     [
      [
       698775.0,
       5487451.0
      ],
      [
       698789.0,
       5487448.0
      ],
      [
       698793.0,
       5487446.0
      ],
      [
       698781.0,
       5487424.0
      ],
      [
       698777.0,
       5487421.0
      ],
      [
       698771.0,
       5487414.0
      ],
      [
       698765.0,
       5487410.0
      ],
      [
       698757.0,
       5487407.0
      ],
      [
       698745.0,
       5487406.0
      ],
      [
       698744.0,
       5487408.0
      ],
      [
       698757.0,
       5487411.0
      ],
      [
       698764.0,
       5487415.0
      ],
      [
       698768.0,
       5487420.0
      ],
      [
       698766.0,
       5487430.0
      ],
      [
       698775.0,
       5487451.0
      ]
     ]
    ]
   },
   "properties": {
    "grundstueck": "S01",
    "nr": 1,
    "klasse": "terrasse",
    "hoehe_geschaetzt_m": 0,
    "hoehe_quelle": "von Hand geschätzt",
    "umriss_methode": "Eckpunkte von Hand",
    "sicher": true,
    "notiz": "gepflasterter Hof und Zufahrt, grob",
    "split": "test",
    "zone": "Siedlung"
   }
  },
  {
   "type": "Feature",
   "geometry": {
    "type": "Polygon",
    "coordinates": [
     [
      [
       699147.0,
       5486806.0
      ],
      [
       699150.0,
       5486810.0
      ],
      [
       699156.0,
       5486807.5
      ],
      [
       699153.5,
       5486802.0
      ],
      [
       699149.0,
       5486802.0
      ],
      [
       699147.0,
       5486806.0
      ]
     ]
    ]
   },
   "properties": {
    "grundstueck": "S02",
    "nr": 0,
    "klasse": "terrasse",
    "hoehe_geschaetzt_m": 0,
    "hoehe_quelle": "von Hand geschätzt",
    "umriss_methode": "Eckpunkte von Hand",
    "sicher": true,
    "notiz": "Zufahrt vor dem Haus, im Schatten, grob",
    "split": "dev",
    "zone": "Siedlung"
   }
  },
  {
   "type": "Feature",
   "geometry": {
    "type": "Polygon",
    "coordinates": [
     [
      [
       699137.5,
       5486798.0
      ],
      [
       699139.0,
       5486800.5
      ],
      [
       699142.0,
       5486799.0
      ],
      [
       699144.0,
       5486796.0
      ],
      [
       699141.0,
       5486794.5
      ],
      [
       699137.5,
       5486798.0
      ]
     ]
    ]
   },
   "properties": {
    "grundstueck": "S02",
    "nr": 1,
    "klasse": "terrasse",
    "hoehe_geschaetzt_m": 0,
    "hoehe_quelle": "von Hand geschätzt",
    "umriss_methode": "Eckpunkte von Hand",
    "sicher": true,
    "notiz": "helle Terrasse SW des Hauses, grob",
    "split": "dev",
    "zone": "Siedlung"
   }
  },
  {
   "type": "Feature",
   "geometry": {
    "type": "Polygon",
    "coordinates": [
     [
      [
       699132.5,
       5486794.5
      ],
      [
       699139.5,
       5486808.8
      ],
      [
       699140.8,
       5486808.0
      ],
      [
       699134.0,
       5486794.2
      ],
      [
       699132.5,
       5486794.5
      ]
     ]
    ]
   },
   "properties": {
    "grundstueck": "S02",
    "nr": 2,
    "klasse": "hecke",
    "hoehe_geschaetzt_m": 2.0,
    "hoehe_quelle": "von Hand geschätzt",
    "umriss_methode": "Eckpunkte von Hand",
    "sicher": true,
    "notiz": "Hecke an der NW-Grenze, Laser Mehrfachecho",
    "split": "dev",
    "zone": "Siedlung"
   }
  },
  {
   "type": "Feature",
   "geometry": {
    "type": "Polygon",
    "coordinates": [
     [
      [
       699131.0,
       5486794.8
      ],
      [
       699143.0,
       5486783.2
      ],
      [
       699144.0,
       5486784.2
      ],
      [
       699132.3,
       5486795.6
      ],
      [
       699131.0,
       5486794.8
      ]
     ]
    ]
   },
   "properties": {
    "grundstueck": "S02",
    "nr": 3,
    "klasse": "hecke",
    "hoehe_geschaetzt_m": 2.5,
    "hoehe_quelle": "von Hand geschätzt",
    "umriss_methode": "Eckpunkte von Hand",
    "sicher": false,
    "notiz": "Gehölzstreifen an der SW-Grenze, teils Nachbar",
    "split": "dev",
    "zone": "Siedlung"
   }
  },
  {
   "type": "Feature",
   "geometry": {
    "type": "Polygon",
    "coordinates": [
     [
      [
       699142.0,
       5486787.0
      ],
      [
       699144.5,
       5486786.5
      ],
      [
       699146.5,
       5486788.5
      ],
      [
       699145.5,
       5486791.0
      ],
      [
       699143.0,
       5486791.0
      ],
      [
       699142.0,
       5486787.0
      ]
     ]
    ]
   },
   "properties": {
    "grundstueck": "S02",
    "nr": 4,
    "klasse": "strauch",
    "hoehe_geschaetzt_m": 3.5,
    "hoehe_quelle": "von Hand geschätzt",
    "umriss_methode": "Eckpunkte von Hand",
    "sicher": true,
    "notiz": "Großstrauch/kleiner Baum",
    "split": "dev",
    "zone": "Siedlung"
   }
  },
  {
   "type": "Feature",
   "geometry": {
    "type": "Polygon",
    "coordinates": [
     [
      [
       699040.0530885844,
       5486494.569002251
      ],
      [
       699043.6180536319,
       5486494.067979088
      ],
      [
       699044.1469114155,
       5486497.830997749
      ],
      [
       699040.5819463681,
       5486498.332020912
      ],
      [
       699040.0530885844,
       5486494.569002251
      ]
     ]
    ]
   },
   "properties": {
    "grundstueck": "S03",
    "nr": 0,
    "klasse": "gartenhaus",
    "hoehe_geschaetzt_m": 2.43,
    "hoehe_quelle": "Laser 2025, 99. Perzentil über Bodenpunkten (automatisch, nur Konsistenz)",
    "umriss_methode": "Rechteck von Hand",
    "sicher": true,
    "notiz": "Gerätehaus, Umriss nach Laserpunkten",
    "split": "dev",
    "zone": "Siedlung"
   }
  },
  {
   "type": "Feature",
   "geometry": {
    "type": "Polygon",
    "coordinates": [
     [
      [
       699036.25,
       5486483.85
      ],
      [
       699041.25,
       5486483.85
      ],
      [
       699041.25,
       5486488.35
      ],
      [
       699036.25,
       5486488.35
      ],
      [
       699036.25,
       5486483.85
      ]
     ]
    ]
   },
   "properties": {
    "grundstueck": "S03",
    "nr": 1,
    "klasse": "gartenhaus",
    "hoehe_geschaetzt_m": 2.83,
    "hoehe_quelle": "Laser 2025, 99. Perzentil über Bodenpunkten (automatisch, nur Konsistenz)",
    "umriss_methode": "Rechteck von Hand",
    "sicher": true,
    "notiz": "Pavillon mit rotem Dach; Laser 2025 größer als im DOP 2023",
    "split": "dev",
    "zone": "Siedlung"
   }
  },
  {
   "type": "Feature",
   "geometry": {
    "type": "Polygon",
    "coordinates": [
     [
      [
       699046.6,
       5486486.8
      ],
      [
       699048.7999999999,
       5486486.8
      ],
      [
       699048.7999999999,
       5486488.899999999
      ],
      [
       699046.6,
       5486488.899999999
      ],
      [
       699046.6,
       5486486.8
      ]
     ]
    ]
   },
   "properties": {
    "grundstueck": "S03",
    "nr": 2,
    "klasse": "gartenhaus",
    "hoehe_geschaetzt_m": 2.83,
    "hoehe_quelle": "Laser 2025, 99. Perzentil über Bodenpunkten (automatisch, nur Konsistenz)",
    "umriss_methode": "Rechteck von Hand",
    "sicher": false,
    "notiz": "kleine Box/Spielhaus ~2 m, Art unklar",
    "split": "dev",
    "zone": "Siedlung"
   }
  },
  {
   "type": "Feature",
   "geometry": {
    "type": "Polygon",
    "coordinates": [
     [
      [
       699031.2,
       5486498.0
      ],
      [
       699032.8,
       5486498.0
      ],
      [
       699029.5,
       5486471.0
      ],
      [
       699028.0,
       5486471.0
      ],
      [
       699031.2,
       5486498.0
      ]
     ]
    ]
   },
   "properties": {
    "grundstueck": "S03",
    "nr": 3,
    "klasse": "hecke",
    "hoehe_geschaetzt_m": 2.0,
    "hoehe_quelle": "von Hand geschätzt",
    "umriss_methode": "Eckpunkte von Hand",
    "sicher": true,
    "notiz": "Hecke an der Westgrenze, Laser Mehrfachecho",
    "split": "dev",
    "zone": "Siedlung"
   }
  },
  {
   "type": "Feature",
   "geometry": {
    "type": "Polygon",
    "coordinates": [
     [
      [
       699041.5,
       5486475.0
      ],
      [
       699045.3,
       5486476.5
      ],
      [
       699044.5,
       5486453.6
      ],
      [
       699039.5,
       5486454.2
      ],
      [
       699041.0,
       5486460.0
      ],
      [
       699041.5,
       5486475.0
      ]
     ]
    ]
   },
   "properties": {
    "grundstueck": "S03",
    "nr": 4,
    "klasse": "terrasse",
    "hoehe_geschaetzt_m": 0,
    "hoehe_quelle": "von Hand geschätzt",
    "umriss_methode": "Eckpunkte von Hand",
    "sicher": true,
    "notiz": "Zufahrt östlich des Hauses",
    "split": "dev",
    "zone": "Siedlung"
   }
  },
  {
   "type": "Feature",
   "geometry": {
    "type": "Polygon",
    "coordinates": [
     [
      [
       698632.0,
       5486605.0
      ],
      [
       698637.0,
       5486603.0
      ],
      [
       698640.0,
       5486606.0
      ],
      [
       698639.0,
       5486611.0
      ],
      [
       698635.0,
       5486613.0
      ],
      [
       698631.0,
       5486610.0
      ],
      [
       698632.0,
       5486605.0
      ]
     ]
    ]
   },
   "properties": {
    "grundstueck": "S04",
    "nr": 0,
    "klasse": "baum",
    "hoehe_geschaetzt_m": 9.6,
    "hoehe_quelle": "Laser 2025, 99. Perzentil über Bodenpunkten (automatisch, nur Konsistenz)",
    "umriss_methode": "Eckpunkte von Hand",
    "sicher": true,
    "notiz": "Nadelbaum/Baumgruppe an der Halle",
    "split": "test",
    "zone": "Siedlung"
   }
  },
  {
   "type": "Feature",
   "geometry": {
    "type": "Polygon",
    "coordinates": [
     [
      [
       698623.5,
       5486590.0
      ],
      [
       698631.0,
       5486603.0
      ],
      [
       698632.0,
       5486602.5
      ],
      [
       698624.5,
       5486589.5
      ],
      [
       698623.5,
       5486590.0
      ]
     ]
    ]
   },
   "properties": {
    "grundstueck": "S04",
    "nr": 1,
    "klasse": "hecke",
    "hoehe_geschaetzt_m": 1.35,
    "hoehe_quelle": "Laser 2025, 99. Perzentil über Bodenpunkten (automatisch, nur Konsistenz)",
    "umriss_methode": "Eckpunkte von Hand",
    "sicher": false,
    "notiz": "niedrige Hecke an der Westgrenze",
    "split": "test",
    "zone": "Siedlung"
   }
  },
  {
   "type": "Feature",
   "geometry": {
    "type": "Polygon",
    "coordinates": [
     [
      [
       698678.0,
       5486626.0
      ],
      [
       698683.0,
       5486626.0
      ],
      [
       698684.0,
       5486632.0
      ],
      [
       698679.0,
       5486633.0
      ],
      [
       698678.0,
       5486626.0
      ]
     ]
    ]
   },
   "properties": {
    "grundstueck": "S04",
    "nr": 2,
    "klasse": "baum",
    "hoehe_geschaetzt_m": 3.84,
    "hoehe_quelle": "Laser 2025, 99. Perzentil über Bodenpunkten (automatisch, nur Konsistenz)",
    "umriss_methode": "Eckpunkte von Hand",
    "sicher": false,
    "notiz": "Baum an der Ostgrenze",
    "split": "test",
    "zone": "Siedlung"
   }
  },
  {
   "type": "Feature",
   "geometry": {
    "type": "Polygon",
    "coordinates": [
     [
      [
       698655.0,
       5486595.0
      ],
      [
       698670.0,
       5486603.0
      ],
      [
       698675.0,
       5486595.0
      ],
      [
       698660.0,
       5486587.0
      ],
      [
       698655.0,
       5486595.0
      ]
     ]
    ]
   },
   "properties": {
    "grundstueck": "S04",
    "nr": 3,
    "klasse": "terrasse",
    "hoehe_geschaetzt_m": null,
    "hoehe_quelle": null,
    "umriss_methode": "Eckpunkte von Hand",
    "sicher": false,
    "notiz": "gepflasterter Hof, grob",
    "split": "test",
    "zone": "Siedlung"
   }
  },
  {
   "type": "Feature",
   "geometry": {
    "type": "Polygon",
    "coordinates": [
     [
      [
       698419.3602518598,
       5486797.575307632
      ],
      [
       698422.70859822,
       5486798.1657114355
      ],
      [
       698422.2397481403,
       5486800.8246923685
      ],
      [
       698418.8914017801,
       5486800.234288565
      ],
      [
       698419.3602518598,
       5486797.575307632
      ]
     ]
    ]
   },
   "properties": {
    "grundstueck": "S05",
    "nr": 0,
    "klasse": "gartenhaus",
    "hoehe_geschaetzt_m": 2.7,
    "hoehe_quelle": "Laser 2025, 99. Perzentil über Bodenpunkten (automatisch, nur Konsistenz)",
    "umriss_methode": "Rechteck von Hand",
    "sicher": true,
    "notiz": "Gerätehaus unter Baum, Laser teils durch Äste verdeckt",
    "split": "dev",
    "zone": "Siedlung"
   }
  },
  {
   "type": "Feature",
   "geometry": {
    "type": "Polygon",
    "coordinates": [
     [
      [
       698413.0,
       5486802.0
      ],
      [
       698417.0,
       5486801.5
      ],
      [
       698419.5,
       5486804.0
      ],
      [
       698419.5,
       5486810.0
      ],
      [
       698417.0,
       5486812.5
      ],
      [
       698413.5,
       5486812.0
      ],
      [
       698413.0,
       5486802.0
      ]
     ]
    ]
   },
   "properties": {
    "grundstueck": "S05",
    "nr": 1,
    "klasse": "baum",
    "hoehe_geschaetzt_m": 10.66,
    "hoehe_quelle": "Laser 2025, 99. Perzentil über Bodenpunkten (automatisch, nur Konsistenz)",
    "umriss_methode": "Eckpunkte von Hand",
    "sicher": true,
    "notiz": "großer Baum an der Westgrenze",
    "split": "dev",
    "zone": "Siedlung"
   }
  },
  {
   "type": "Feature",
   "geometry": {
    "type": "Polygon",
    "coordinates": [
     [
      [
       698414.5,
       5486795.5
      ],
      [
       698417.5,
       5486795.5
      ],
      [
       698418.5,
       5486798.0
      ],
      [
       698417.5,
       5486801.0
      ],
      [
       698414.5,
       5486801.0
      ],
      [
       698414.5,
       5486795.5
      ]
     ]
    ]
   },
   "properties": {
    "grundstueck": "S05",
    "nr": 2,
    "klasse": "baum",
    "hoehe_geschaetzt_m": 9.07,
    "hoehe_quelle": "Laser 2025, 99. Perzentil über Bodenpunkten (automatisch, nur Konsistenz)",
    "umriss_methode": "Eckpunkte von Hand",
    "sicher": true,
    "notiz": "Baum hinter der Garage",
    "split": "dev",
    "zone": "Siedlung"
   }
  },
  {
   "type": "Feature",
   "geometry": {
    "type": "Polygon",
    "coordinates": [
     [
      [
       698425.3,
       5486812.0
      ],
      [
       698426.5,
       5486812.0
      ],
      [
       698426.6,
       5486820.5
      ],
      [
       698425.4,
       5486820.5
      ],
      [
       698425.3,
       5486812.0
      ]
     ]
    ]
   },
   "properties": {
    "grundstueck": "S05",
    "nr": 3,
    "klasse": "hecke",
    "hoehe_geschaetzt_m": 6.3,
    "hoehe_quelle": "Laser 2025, 99. Perzentil über Bodenpunkten (automatisch, nur Konsistenz)",
    "umriss_methode": "Eckpunkte von Hand",
    "sicher": true,
    "notiz": "Hecke an der Ostgrenze, ~1,5–2 m",
    "split": "dev",
    "zone": "Siedlung"
   }
  },
  {
   "type": "Feature",
   "geometry": {
    "type": "Polygon",
    "coordinates": [
     [
      [
       698414.0,
       5486827.6
      ],
      [
       698419.0,
       5486828.2
      ],
      [
       698424.0,
       5486830.2
      ],
      [
       698424.3,
       5486829.4
      ],
      [
       698419.0,
       5486827.4
      ],
      [
       698414.0,
       5486826.8
      ],
      [
       698414.0,
       5486827.6
      ]
     ]
    ]
   },
   "properties": {
    "grundstueck": "S05",
    "nr": 4,
    "klasse": "hecke",
    "hoehe_geschaetzt_m": 3.32,
    "hoehe_quelle": "Laser 2025, 99. Perzentil über Bodenpunkten (automatisch, nur Konsistenz)",
    "umriss_methode": "Eckpunkte von Hand",
    "sicher": false,
    "notiz": "niedrige Hecke an der Straße, Laser ~1,5 m",
    "split": "dev",
    "zone": "Siedlung"
   }
  },
  {
   "type": "Feature",
   "geometry": {
    "type": "Polygon",
    "coordinates": [
     [
      [
       699021.0613435208,
       5486561.126614574
      ],
      [
       699025.3839295764,
       5486559.553321915
      ],
      [
       699027.5386564793,
       5486565.473385425
      ],
      [
       699023.2160704237,
       5486567.046678085
      ],
      [
       699021.0613435208,
       5486561.126614574
      ]
     ]
    ]
   },
   "properties": {
    "grundstueck": "S06",
    "nr": 0,
    "klasse": "carport_garage",
    "hoehe_geschaetzt_m": 6.46,
    "hoehe_quelle": "Laser 2025, 99. Perzentil über Bodenpunkten (automatisch, nur Konsistenz)",
    "umriss_methode": "Rechteck von Hand",
    "sicher": false,
    "notiz": "nur im Laser 2025 (~3 m, Einzelecho); im DOP 2023 dort Pflaster – Neubau nach 2023",
    "split": "dev",
    "zone": "Siedlung"
   }
  },
  {
   "type": "Feature",
   "geometry": {
    "type": "Polygon",
    "coordinates": [
     [
      [
       699006.0,
       5486580.0
      ],
      [
       699007.0,
       5486579.3
      ],
      [
       699009.0,
       5486579.5
      ],
      [
       699009.6,
       5486581.2
      ],
      [
       699008.8,
       5486582.6
      ],
      [
       699006.8,
       5486582.6
      ],
      [
       699006.0,
       5486581.5
      ],
      [
       699006.0,
       5486580.0
      ]
     ]
    ]
   },
   "properties": {
    "grundstueck": "S06",
    "nr": 1,
    "klasse": "strauch",
    "hoehe_geschaetzt_m": 2.52,
    "hoehe_quelle": "Laser 2025, 99. Perzentil über Bodenpunkten (automatisch, nur Konsistenz)",
    "umriss_methode": "Eckpunkte von Hand",
    "sicher": true,
    "notiz": "dichter Strauch, Einzelechos",
    "split": "dev",
    "zone": "Siedlung"
   }
  },
  {
   "type": "Feature",
   "geometry": {
    "type": "Polygon",
    "coordinates": [
     [
      [
       699021.0,
       5486587.0
      ],
      [
       699023.5,
       5486587.0
      ],
      [
       699023.6,
       5486590.5
      ],
      [
       699021.0,
       5486590.5
      ],
      [
       699021.0,
       5486587.0
      ]
     ]
    ]
   },
   "properties": {
    "grundstueck": "S06",
    "nr": 2,
    "klasse": "strauch",
    "hoehe_geschaetzt_m": 2.6,
    "hoehe_quelle": "Laser 2025, 99. Perzentil über Bodenpunkten (automatisch, nur Konsistenz)",
    "umriss_methode": "Eckpunkte von Hand",
    "sicher": true,
    "notiz": "Strauch nördlich des Hauses",
    "split": "dev",
    "zone": "Siedlung"
   }
  },
  {
   "type": "Feature",
   "geometry": {
    "type": "Polygon",
    "coordinates": [
     [
      [
       699013.0,
       5486589.0
      ],
      [
       699017.0,
       5486589.0
      ],
      [
       699017.0,
       5486592.5
      ],
      [
       699013.0,
       5486592.5
      ],
      [
       699013.0,
       5486589.0
      ]
     ]
    ]
   },
   "properties": {
    "grundstueck": "S06",
    "nr": 3,
    "klasse": "strauch",
    "hoehe_geschaetzt_m": 4.72,
    "hoehe_quelle": "Laser 2025, 99. Perzentil über Bodenpunkten (automatisch, nur Konsistenz)",
    "umriss_methode": "Eckpunkte von Hand",
    "sicher": false,
    "notiz": "Strauchgruppe",
    "split": "dev",
    "zone": "Siedlung"
   }
  },
  {
   "type": "Feature",
   "geometry": {
    "type": "Polygon",
    "coordinates": [
     [
      [
       699008.5,
       5486575.5
      ],
      [
       699011.0,
       5486571.0
      ],
      [
       699019.5,
       5486568.5
      ],
      [
       699020.5,
       5486571.5
      ],
      [
       699017.0,
       5486575.0
      ],
      [
       699012.0,
       5486578.0
      ],
      [
       699008.5,
       5486575.5
      ]
     ]
    ]
   },
   "properties": {
    "grundstueck": "S06",
    "nr": 4,
    "klasse": "terrasse",
    "hoehe_geschaetzt_m": null,
    "hoehe_quelle": null,
    "umriss_methode": "Eckpunkte von Hand",
    "sicher": true,
    "notiz": "Terrasse/Hof südwestlich des Hauses, grob",
    "split": "dev",
    "zone": "Siedlung"
   }
  },
  {
   "type": "Feature",
   "geometry": {
    "type": "Polygon",
    "coordinates": [
     [
      [
       698640.0362510164,
       5487724.124512996
      ],
      [
       698643.7950214996,
       5487725.49259357
      ],
      [
       698642.5637489837,
       5487728.875487004
      ],
      [
       698638.8049785005,
       5487727.50740643
      ],
      [
       698640.0362510164,
       5487724.124512996
      ]
     ]
    ]
   },
   "properties": {
    "grundstueck": "S07",
    "nr": 0,
    "klasse": "gartenhaus",
    "hoehe_geschaetzt_m": 3.07,
    "hoehe_quelle": "Laser 2025, 99. Perzentil über Bodenpunkten (automatisch, nur Konsistenz)",
    "umriss_methode": "Rechteck von Hand",
    "sicher": true,
    "notiz": "Gartenhaus/Pergola mit hellem Dach, im Laser mit Vegetation verschmolzen",
    "split": "test",
    "zone": "Siedlung"
   }
  },
  {
   "type": "Feature",
   "geometry": {
    "type": "Polygon",
    "coordinates": [
     [
      [
       698635.3,
       5487727.5
      ],
      [
       698640.0,
       5487727.5
      ],
      [
       698640.0,
       5487733.0
      ],
      [
       698635.3,
       5487733.0
      ],
      [
       698635.3,
       5487727.5
      ]
     ]
    ]
   },
   "properties": {
    "grundstueck": "S07",
    "nr": 1,
    "klasse": "baum",
    "hoehe_geschaetzt_m": 4.13,
    "hoehe_quelle": "Laser 2025, 99. Perzentil über Bodenpunkten (automatisch, nur Konsistenz)",
    "umriss_methode": "Eckpunkte von Hand",
    "sicher": false,
    "notiz": "Nadelgehölz ~4 m (Einzelechos), Art unsicher",
    "split": "test",
    "zone": "Siedlung"
   }
  },
  {
   "type": "Feature",
   "geometry": {
    "type": "Polygon",
    "coordinates": [
     [
      [
       698623.0,
       5487714.5
      ],
      [
       698627.5,
       5487708.0
      ],
      [
       698628.3,
       5487708.6
      ],
      [
       698623.8,
       5487715.2
      ],
      [
       698623.0,
       5487714.5
      ]
     ]
    ]
   },
   "properties": {
    "grundstueck": "S07",
    "nr": 2,
    "klasse": "hecke",
    "hoehe_geschaetzt_m": 2.9,
    "hoehe_quelle": "Laser 2025, 99. Perzentil über Bodenpunkten (automatisch, nur Konsistenz)",
    "umriss_methode": "Eckpunkte von Hand",
    "sicher": false,
    "notiz": "Hecke an der Westgrenze",
    "split": "test",
    "zone": "Siedlung"
   }
  },
  {
   "type": "Feature",
   "geometry": {
    "type": "Polygon",
    "coordinates": [
     [
      [
       698624.0,
       5487706.6
      ],
      [
       698631.5,
       5487702.8
      ],
      [
       698631.9,
       5487703.8
      ],
      [
       698624.4,
       5487707.6
      ],
      [
       698624.0,
       5487706.6
      ]
     ]
    ]
   },
   "properties": {
    "grundstueck": "S07",
    "nr": 3,
    "klasse": "hecke",
    "hoehe_geschaetzt_m": 2.37,
    "hoehe_quelle": "Laser 2025, 99. Perzentil über Bodenpunkten (automatisch, nur Konsistenz)",
    "umriss_methode": "Eckpunkte von Hand",
    "sicher": false,
    "notiz": "Hecke im Vorgarten",
    "split": "test",
    "zone": "Siedlung"
   }
  },
  {
   "type": "Feature",
   "geometry": {
    "type": "Polygon",
    "coordinates": [
     [
      [
       698653.8,
       5487695.5
      ],
      [
       698656.0,
       5487695.5
      ],
      [
       698656.0,
       5487697.8
      ],
      [
       698653.8,
       5487697.8
      ],
      [
       698653.8,
       5487695.5
      ]
     ]
    ]
   },
   "properties": {
    "grundstueck": "S07",
    "nr": 4,
    "klasse": "strauch",
    "hoehe_geschaetzt_m": 3.21,
    "hoehe_quelle": "Laser 2025, 99. Perzentil über Bodenpunkten (automatisch, nur Konsistenz)",
    "umriss_methode": "Eckpunkte von Hand",
    "sicher": true,
    "notiz": "kleiner Nadelbaum/Strauch",
    "split": "test",
    "zone": "Siedlung"
   }
  },
  {
   "type": "Feature",
   "geometry": {
    "type": "Polygon",
    "coordinates": [
     [
      [
       698655.5,
       5487698.0
      ],
      [
       698657.6,
       5487698.0
      ],
      [
       698657.6,
       5487700.6
      ],
      [
       698655.5,
       5487700.6
      ],
      [
       698655.5,
       5487698.0
      ]
     ]
    ]
   },
   "properties": {
    "grundstueck": "S07",
    "nr": 5,
    "klasse": "strauch",
    "hoehe_geschaetzt_m": 4.5,
    "hoehe_quelle": "Laser 2025, 99. Perzentil über Bodenpunkten (automatisch, nur Konsistenz)",
    "umriss_methode": "Eckpunkte von Hand",
    "sicher": true,
    "notiz": "kleiner Nadelbaum/Strauch",
    "split": "test",
    "zone": "Siedlung"
   }
  },
  {
   "type": "Feature",
   "geometry": {
    "type": "Polygon",
    "coordinates": [
     [
      [
       698645.0,
       5487716.0
      ],
      [
       698651.5,
       5487714.0
      ],
      [
       698652.5,
       5487701.0
      ],
      [
       698648.0,
       5487700.5
      ],
      [
       698646.0,
       5487707.0
      ],
      [
       698645.0,
       5487716.0
      ]
     ]
    ]
   },
   "properties": {
    "grundstueck": "S07",
    "nr": 6,
    "klasse": "terrasse",
    "hoehe_geschaetzt_m": null,
    "hoehe_quelle": null,
    "umriss_methode": "Eckpunkte von Hand",
    "sicher": true,
    "notiz": "Zufahrt, grob",
    "split": "test",
    "zone": "Siedlung"
   }
  },
  {
   "type": "Feature",
   "geometry": {
    "type": "Polygon",
    "coordinates": [
     [
      [
       698516.4241669751,
       5486661.897372056
      ],
      [
       698518.6758330249,
       5486660.597372056
      ],
      [
       698519.7758330249,
       5486662.502627945
      ],
      [
       698517.524166975,
       5486663.802627944
      ],
      [
       698516.4241669751,
       5486661.897372056
      ]
     ]
    ]
   },
   "properties": {
    "grundstueck": "S08",
    "nr": 0,
    "klasse": "gartenhaus",
    "hoehe_geschaetzt_m": 2.13,
    "hoehe_quelle": "Laser 2025, 99. Perzentil über Bodenpunkten (automatisch, nur Konsistenz)",
    "umriss_methode": "Rechteck von Hand",
    "sicher": false,
    "notiz": "kleiner weißer Schuppen/Gewächshaus im DOP 2023, im Laser 2025 nicht klar",
    "split": "dev",
    "zone": "Siedlung"
   }
  },
  {
   "type": "Feature",
   "geometry": {
    "type": "Polygon",
    "coordinates": [
     [
      [
       698518.0,
       5486664.0
      ],
      [
       698519.5,
       5486663.0
      ],
      [
       698521.5,
       5486663.5
      ],
      [
       698522.2,
       5486665.5
      ],
      [
       698521.0,
       5486667.2
      ],
      [
       698518.8,
       5486667.0
      ],
      [
       698518.0,
       5486664.0
      ]
     ]
    ]
   },
   "properties": {
    "grundstueck": "S08",
    "nr": 1,
    "klasse": "strauch",
    "hoehe_geschaetzt_m": 2.59,
    "hoehe_quelle": "Laser 2025, 99. Perzentil über Bodenpunkten (automatisch, nur Konsistenz)",
    "umriss_methode": "Eckpunkte von Hand",
    "sicher": true,
    "notiz": "runder Strauch",
    "split": "dev",
    "zone": "Siedlung"
   }
  },
  {
   "type": "Feature",
   "geometry": {
    "type": "Polygon",
    "coordinates": [
     [
      [
       698518.0,
       5486673.0
      ],
      [
       698524.5,
       5486676.5
      ],
      [
       698525.0,
       5486675.8
      ],
      [
       698518.5,
       5486672.3
      ],
      [
       698518.0,
       5486673.0
      ]
     ]
    ]
   },
   "properties": {
    "grundstueck": "S08",
    "nr": 2,
    "klasse": "hecke",
    "hoehe_geschaetzt_m": 21.53,
    "hoehe_quelle": "Laser 2025, 99. Perzentil über Bodenpunkten (automatisch, nur Konsistenz)",
    "umriss_methode": "Eckpunkte von Hand",
    "sicher": false,
    "notiz": "Gehölz an der NW-Grenze",
    "split": "dev",
    "zone": "Siedlung"
   }
  },
  {
   "type": "Feature",
   "geometry": {
    "type": "Polygon",
    "coordinates": [
     [
      [
       698699.9353085296,
       5487553.182756898
      ],
      [
       698700.3536560948,
       5487557.964491448
      ],
      [
       698697.4646914703,
       5487558.217243102
      ],
      [
       698697.0463439052,
       5487553.435508552
      ],
      [
       698699.9353085296,
       5487553.182756898
      ]
     ]
    ]
   },
   "properties": {
    "grundstueck": "S09",
    "nr": 0,
    "klasse": "gewaechshaus",
    "hoehe_geschaetzt_m": 1.94,
    "hoehe_quelle": "Laser 2025, 99. Perzentil über Bodenpunkten (automatisch, nur Konsistenz)",
    "umriss_methode": "Rechteck von Hand",
    "sicher": true,
    "notiz": "Glas mit Sprossen im DOP; Laser Mehrfachechos (Glas)",
    "split": "dev",
    "zone": "Siedlung"
   }
  },
  {
   "type": "Feature",
   "geometry": {
    "type": "Polygon",
    "coordinates": [
     [
      [
       698715.5115938295,
       5487550.435213889
      ],
      [
       698715.686091313,
       5487555.432168024
      ],
      [
       698711.8884061704,
       5487555.564786111
      ],
      [
       698711.7139086869,
       5487550.567831976
      ],
      [
       698715.5115938295,
       5487550.435213889
      ]
     ]
    ]
   },
   "properties": {
    "grundstueck": "S09",
    "nr": 1,
    "klasse": "gartenhaus",
    "hoehe_geschaetzt_m": 4.35,
    "hoehe_quelle": "Laser 2025, 99. Perzentil über Bodenpunkten (automatisch, nur Konsistenz)",
    "umriss_methode": "Rechteck von Hand",
    "sicher": true,
    "notiz": "Schuppen an der Ostgrenze, ragt evtl. über die Grenze",
    "split": "dev",
    "zone": "Siedlung"
   }
  },
  {
   "type": "Feature",
   "geometry": {
    "type": "Polygon",
    "coordinates": [
     [
      [
       698703.0,
       5487555.0
      ],
      [
       698709.0,
       5487555.0
      ],
      [
       698709.0,
       5487561.0
      ],
      [
       698703.0,
       5487561.0
      ],
      [
       698703.0,
       5487555.0
      ]
     ]
    ]
   },
   "properties": {
    "grundstueck": "S09",
    "nr": 2,
    "klasse": "strauch",
    "hoehe_geschaetzt_m": 7.03,
    "hoehe_quelle": "Laser 2025, 99. Perzentil über Bodenpunkten (automatisch, nur Konsistenz)",
    "umriss_methode": "Eckpunkte von Hand",
    "sicher": false,
    "notiz": "Strauchgruppe",
    "split": "dev",
    "zone": "Siedlung"
   }
  },
  {
   "type": "Feature",
   "geometry": {
    "type": "Polygon",
    "coordinates": [
     [
      [
       698871.0,
       5487663.4
      ],
      [
       698886.5,
       5487653.6
      ],
      [
       698885.8,
       5487652.3
      ],
      [
       698870.3,
       5487662.2
      ],
      [
       698871.0,
       5487663.4
      ]
     ]
    ]
   },
   "properties": {
    "grundstueck": "S10",
    "nr": 0,
    "klasse": "hecke",
    "hoehe_geschaetzt_m": 1.32,
    "hoehe_quelle": "Laser 2025, 99. Perzentil über Bodenpunkten (automatisch, nur Konsistenz)",
    "umriss_methode": "Eckpunkte von Hand",
    "sicher": true,
    "notiz": "Hecke an der SW-Grenze",
    "split": "dev",
    "zone": "Siedlung"
   }
  },
  {
   "type": "Feature",
   "geometry": {
    "type": "Polygon",
    "coordinates": [
     [
      [
       698871.0,
       5487662.0
      ],
      [
       698876.5,
       5487669.5
      ],
      [
       698877.5,
       5487669.0
      ],
      [
       698872.0,
       5487661.5
      ],
      [
       698871.0,
       5487662.0
      ]
     ]
    ]
   },
   "properties": {
    "grundstueck": "S10",
    "nr": 1,
    "klasse": "hecke",
    "hoehe_geschaetzt_m": 1.26,
    "hoehe_quelle": "Laser 2025, 99. Perzentil über Bodenpunkten (automatisch, nur Konsistenz)",
    "umriss_methode": "Eckpunkte von Hand",
    "sicher": true,
    "notiz": "Hecke an der NW-Grenze",
    "split": "dev",
    "zone": "Siedlung"
   }
  },
  {
   "type": "Feature",
   "geometry": {
    "type": "Polygon",
    "coordinates": [
     [
      [
       698894.5,
       5487650.0
      ],
      [
       698901.0,
       5487652.5
      ],
      [
       698901.0,
       5487654.8
      ],
      [
       698895.0,
       5487653.5
      ],
      [
       698894.5,
       5487650.0
      ]
     ]
    ]
   },
   "properties": {
    "grundstueck": "S10",
    "nr": 2,
    "klasse": "strauch",
    "hoehe_geschaetzt_m": 1.74,
    "hoehe_quelle": "Laser 2025, 99. Perzentil über Bodenpunkten (automatisch, nur Konsistenz)",
    "umriss_methode": "Eckpunkte von Hand",
    "sicher": false,
    "notiz": "Sträucher an der Straße",
    "split": "dev",
    "zone": "Siedlung"
   }
  },
  {
   "type": "Feature",
   "geometry": {
    "type": "Polygon",
    "coordinates": [
     [
      [
       698888.0,
       5487670.0
      ],
      [
       698891.0,
       5487666.0
      ],
      [
       698896.0,
       5487664.5
      ],
      [
       698901.0,
       5487665.5
      ],
      [
       698902.5,
       5487668.5
      ],
      [
       698900.5,
       5487670.5
      ],
      [
       698895.0,
       5487670.0
      ],
      [
       698888.0,
       5487670.0
      ]
     ]
    ]
   },
   "properties": {
    "grundstueck": "S10",
    "nr": 3,
    "klasse": "terrasse",
    "hoehe_geschaetzt_m": null,
    "hoehe_quelle": null,
    "umriss_methode": "Eckpunkte von Hand",
    "sicher": false,
    "notiz": "Terrasse mit Steingarten, grob",
    "split": "dev",
    "zone": "Siedlung"
   }
  },
  {
   "type": "Feature",
   "geometry": {
    "type": "Polygon",
    "coordinates": [
     [
      [
       698956.5,
       5486760.3
      ],
      [
       698979.0,
       5486750.3
      ],
      [
       698985.6,
       5486764.5
      ],
      [
       698981.0,
       5486767.5
      ],
      [
       698977.0,
       5486770.0
      ],
      [
       698970.0,
       5486770.5
      ],
      [
       698968.0,
       5486774.0
      ],
      [
       698962.5,
       5486773.0
      ],
      [
       698956.5,
       5486760.3
      ]
     ]
    ]
   },
   "properties": {
    "grundstueck": "S11",
    "nr": 0,
    "klasse": "terrasse",
    "hoehe_geschaetzt_m": null,
    "hoehe_quelle": null,
    "umriss_methode": "Eckpunkte von Hand",
    "sicher": true,
    "notiz": "gepflasterter Hof mit Stellplätzen",
    "split": "test",
    "zone": "Siedlung"
   }
  },
  {
   "type": "Feature",
   "geometry": {
    "type": "Polygon",
    "coordinates": [
     [
      [
       698970.0742898413,
       5486769.666410311
      ],
      [
       698970.8507469766,
       5486772.56418779
      ],
      [
       698968.7257101587,
       5486773.13358969
      ],
      [
       698967.9492530235,
       5486770.2358122105
      ],
      [
       698970.0742898413,
       5486769.666410311
      ]
     ]
    ]
   },
   "properties": {
    "grundstueck": "S11",
    "nr": 1,
    "klasse": "gartenhaus",
    "hoehe_geschaetzt_m": 4.19,
    "hoehe_quelle": "Laser 2025, 99. Perzentil über Bodenpunkten (automatisch, nur Konsistenz)",
    "umriss_methode": "Rechteck von Hand",
    "sicher": false,
    "notiz": "kleiner Unterstand mit hellem Dach am Haus",
    "split": "test",
    "zone": "Siedlung"
   }
  },
  {
   "type": "Feature",
   "geometry": {
    "type": "Polygon",
    "coordinates": [
     [
      [
       698978.7,
       5486750.5
      ],
      [
       698984.5,
       5486758.5
      ],
      [
       698985.3,
       5486758.0
      ],
      [
       698979.5,
       5486750.0
      ],
      [
       698978.7,
       5486750.5
      ]
     ]
    ]
   },
   "properties": {
    "grundstueck": "S11",
    "nr": 2,
    "klasse": "hecke",
    "hoehe_geschaetzt_m": 3.9,
    "hoehe_quelle": "Laser 2025, 99. Perzentil über Bodenpunkten (automatisch, nur Konsistenz)",
    "umriss_methode": "Eckpunkte von Hand",
    "sicher": true,
    "notiz": "dichte Hecke an der SO-Grenze (Einzelechos, ~2,5 m)",
    "split": "test",
    "zone": "Siedlung"
   }
  },
  {
   "type": "Feature",
   "geometry": {
    "type": "Polygon",
    "coordinates": [
     [
      [
       698959.4,
       5486761.0
      ],
      [
       698961.2,
       5486766.5
      ],
      [
       698962.0,
       5486766.2
      ],
      [
       698960.2,
       5486760.8
      ],
      [
       698959.4,
       5486761.0
      ]
     ]
    ]
   },
   "properties": {
    "grundstueck": "S11",
    "nr": 3,
    "klasse": "hecke",
    "hoehe_geschaetzt_m": 2.71,
    "hoehe_quelle": "Laser 2025, 99. Perzentil über Bodenpunkten (automatisch, nur Konsistenz)",
    "umriss_methode": "Eckpunkte von Hand",
    "sicher": false,
    "notiz": "Hecke an der Westgrenze",
    "split": "test",
    "zone": "Siedlung"
   }
  },
  {
   "type": "Feature",
   "geometry": {
    "type": "Polygon",
    "coordinates": [
     [
      [
       699976.7658958192,
       5486106.960796879
      ],
      [
       699979.7203190783,
       5486107.481741412
      ],
      [
       699979.2341041808,
       5486110.239203121
      ],
      [
       699976.2796809217,
       5486109.718258588
      ],
      [
       699976.7658958192,
       5486106.960796879
      ]
     ]
    ]
   },
   "properties": {
    "grundstueck": "S12",
    "nr": 0,
    "klasse": "gartenhaus",
    "hoehe_geschaetzt_m": 3.06,
    "hoehe_quelle": "Laser 2025, 99. Perzentil über Bodenpunkten (automatisch, nur Konsistenz)",
    "umriss_methode": "Rechteck von Hand",
    "sicher": true,
    "notiz": "dunkles Gerätehaus südöstlich des Hauses",
    "split": "test",
    "zone": "Siedlung"
   }
  },
  {
   "type": "Feature",
   "geometry": {
    "type": "Polygon",
    "coordinates": [
     [
      [
       699965.4,
       5486107.0
      ],
      [
       699967.6,
       5486107.0
      ],
      [
       699967.6,
       5486109.4
      ],
      [
       699965.4,
       5486109.4
      ],
      [
       699965.4,
       5486107.0
      ]
     ]
    ]
   },
   "properties": {
    "grundstueck": "S12",
    "nr": 1,
    "klasse": "strauch",
    "hoehe_geschaetzt_m": 2.84,
    "hoehe_quelle": "Laser 2025, 99. Perzentil über Bodenpunkten (automatisch, nur Konsistenz)",
    "umriss_methode": "Eckpunkte von Hand",
    "sicher": true,
    "notiz": "runder Strauch/Bäumchen",
    "split": "test",
    "zone": "Siedlung"
   }
  },
  {
   "type": "Feature",
   "geometry": {
    "type": "Polygon",
    "coordinates": [
     [
      [
       699959.0,
       5486106.0
      ],
      [
       699965.0,
       5486106.0
      ],
      [
       699965.0,
       5486109.0
      ],
      [
       699959.0,
       5486109.0
      ],
      [
       699959.0,
       5486106.0
      ]
     ]
    ]
   },
   "properties": {
    "grundstueck": "S12",
    "nr": 2,
    "klasse": "strauch",
    "hoehe_geschaetzt_m": 1.58,
    "hoehe_quelle": "Laser 2025, 99. Perzentil über Bodenpunkten (automatisch, nur Konsistenz)",
    "umriss_methode": "Eckpunkte von Hand",
    "sicher": false,
    "notiz": "Strauchreihe",
    "split": "test",
    "zone": "Siedlung"
   }
  },
  {
   "type": "Feature",
   "geometry": {
    "type": "Polygon",
    "coordinates": [
     [
      [
       699836.5,
       5486349.7
      ],
      [
       699836.4978318211,
       5486349.611678187
      ],
      [
       699836.4913325079,
       5486349.523569148
      ],
      [
       699836.4805177179,
       5486349.435885146
      ],
      [
       699836.4654135046,
       5486349.34883742
      ],
      [
       699836.4460562557,
       5486349.262635676
      ],
      [
       699836.4224926042,
       5486349.177487581
      ],
      [
       699836.3947793173,
       5486349.093598264
      ],
      [
       699836.3629831584,
       5486349.011169822
      ],
      [
       699836.3271807276,
       5486348.930400832
      ],
      [
       699836.2874582758,
       5486348.851485874
      ],
      [
       699836.243911498,
       5486348.774615061
      ],
      [
       699836.1966453021,
       5486348.69997358
      ],
      [
       699836.1457735567,
       5486348.627741252
      ],
      [
       699836.091418816,
       5486348.558092088
      ],
      [
       699836.0337120256,
       5486348.491193881
      ],
      [
       699835.9727922061,
       5486348.427207794
      ],
      [
       699835.9088061186,
       5486348.366287975
      ],
      [
       699835.8419079115,
       5486348.308581185
      ],
      [
       699835.7722587481,
       5486348.254226443
      ],
      [
       699835.7000264194,
       5486348.203354698
      ],
      [
       699835.6253849395,
       5486348.156088502
      ],
      [
       699835.5485141262,
       5486348.112541724
      ],
      [
       699835.4695991682,
       5486348.072819273
      ],
      [
       699835.3888301782,
       5486348.037016842
      ],
      [
       699835.3064017361,
       5486348.005220683
      ],
      [
       699835.222512419,
       5486347.977507396
      ],
      [
       699835.1373643238,
       5486347.953943744
      ],
      [
       699835.0511625796,
       5486347.934586495
      ],
      [
       699834.964114854,
       5486347.919482282
      ],
      [
       699834.8764308526,
       5486347.908667492
      ],
      [
       699834.7883218137,
       5486347.902168179
      ],
      [
       699834.7,
       5486347.9
      ],
      [
       699834.6116781862,
       5486347.902168179
      ],
      [
       699834.5235691473,
       5486347.908667492
      ],
      [
       699834.4358851459,
       5486347.919482282
      ],
      [
       699834.3488374203,
       5486347.934586495
      ],
      [
       699834.2626356761,
       5486347.953943744
      ],
      [
       699834.1774875809,
       5486347.977507396
      ],
      [
       699834.0935982638,
       5486348.005220683
      ],
      [
       699834.0111698217,
       5486348.037016842
      ],
      [
       699833.9304008317,
       5486348.072819273
      ],
      [
       699833.8514858737,
       5486348.112541724
      ],
      [
       699833.7746150604,
       5486348.156088502
      ],
      [
       699833.6999735805,
       5486348.203354698
      ],
      [
       699833.6277412518,
       5486348.254226443
      ],
      [
       699833.5580920884,
       5486348.308581185
      ],
      [
       699833.4911938813,
       5486348.366287975
      ],
      [
       699833.4272077938,
       5486348.427207794
      ],
      [
       699833.3662879743,
       5486348.491193881
      ],
      [
       699833.3085811839,
       5486348.558092088
      ],
      [
       699833.2542264432,
       5486348.627741252
      ],
      [
       699833.2033546978,
       5486348.69997358
      ],
      [
       699833.1560885019,
       5486348.774615061
      ],
      [
       699833.1125417241,
       5486348.851485874
      ],
      [
       699833.0728192723,
       5486348.930400832
      ],
      [
       699833.0370168415,
       5486349.011169822
      ],
      [
       699833.0052206826,
       5486349.093598264
      ],
      [
       699832.9775073957,
       5486349.177487581
      ],
      [
       699832.9539437442,
       5486349.262635676
      ],
      [
       699832.9345864953,
       5486349.34883742
      ],
      [
       699832.919482282,
       5486349.435885146
      ],
      [
       699832.908667492,
       5486349.523569148
      ],
      [
       699832.9021681788,
       5486349.611678187
      ],
      [
       699832.8999999999,
       5486349.7
      ],
      [
       699832.9021681788,
       5486349.788321814
      ],
      [
       699832.908667492,
       5486349.876430852
      ],
      [
       699832.919482282,
       5486349.964114854
      ],
      [
       699832.9345864953,
       5486350.05116258
      ],
      [
       699832.9539437442,
       5486350.137364324
      ],
      [
       699832.9775073957,
       5486350.222512419
      ],
      [
       699833.0052206826,
       5486350.306401736
      ],
      [
       699833.0370168415,
       5486350.388830178
      ],
      [
       699833.0728192723,
       5486350.469599169
      ],
      [
       699833.1125417241,
       5486350.548514127
      ],
      [
       699833.1560885019,
       5486350.62538494
      ],
      [
       699833.2033546978,
       5486350.70002642
      ],
      [
       699833.2542264432,
       5486350.772258748
      ],
      [
       699833.3085811839,
       5486350.841907912
      ],
      [
       699833.3662879743,
       5486350.908806119
      ],
      [
       699833.4272077938,
       5486350.972792206
      ],
      [
       699833.4911938813,
       5486351.033712026
      ],
      [
       699833.5580920884,
       5486351.091418816
      ],
      [
       699833.6277412518,
       5486351.145773557
      ],
      [
       699833.6999735805,
       5486351.196645303
      ],
      [
       699833.7746150604,
       5486351.243911498
      ],
      [
       699833.8514858737,
       5486351.287458276
      ],
      [
       699833.9304008317,
       5486351.327180727
      ],
      [
       699834.0111698217,
       5486351.362983159
      ],
      [
       699834.0935982638,
       5486351.394779317
      ],
      [
       699834.1774875809,
       5486351.422492605
      ],
      [
       699834.2626356761,
       5486351.446056256
      ],
      [
       699834.3488374203,
       5486351.465413505
      ],
      [
       699834.4358851459,
       5486351.480517718
      ],
      [
       699834.5235691473,
       5486351.491332509
      ],
      [
       699834.6116781862,
       5486351.497831821
      ],
      [
       699834.7,
       5486351.5
      ],
      [
       699834.7883218137,
       5486351.497831821
      ],
      [
       699834.8764308526,
       5486351.491332509
      ],
      [
       699834.964114854,
       5486351.480517718
      ],
      [
       699835.0511625796,
       5486351.465413505
      ],
      [
       699835.1373643238,
       5486351.446056256
      ],
      [
       699835.222512419,
       5486351.422492605
      ],
      [
       699835.3064017361,
       5486351.394779317
      ],
      [
       699835.3888301782,
       5486351.362983159
      ],
      [
       699835.4695991682,
       5486351.327180727
      ],
      [
       699835.5485141262,
       5486351.287458276
      ],
      [
       699835.6253849395,
       5486351.243911498
      ],
      [
       699835.7000264194,
       5486351.196645303
      ],
      [
       699835.7722587481,
       5486351.145773557
      ],
      [
       699835.8419079115,
       5486351.091418816
      ],
      [
       699835.9088061186,
       5486351.033712026
      ],
      [
       699835.9727922061,
       5486350.972792206
      ],
      [
       699836.0337120256,
       5486350.908806119
      ],
      [
       699836.091418816,
       5486350.841907912
      ],
      [
       699836.1457735567,
       5486350.772258748
      ],
      [
       699836.1966453021,
       5486350.70002642
      ],
      [
       699836.243911498,
       5486350.62538494
      ],
      [
       699836.2874582758,
       5486350.548514127
      ],
      [
       699836.3271807276,
       5486350.469599169
      ],
      [
       699836.3629831584,
       5486350.388830178
      ],
      [
       699836.3947793173,
       5486350.306401736
      ],
      [
       699836.4224926042,
       5486350.222512419
      ],
      [
       699836.4460562557,
       5486350.137364324
      ],
      [
       699836.4654135046,
       5486350.05116258
      ],
      [
       699836.4805177179,
       5486349.964114854
      ],
      [
       699836.4913325079,
       5486349.876430852
      ],
      [
       699836.4978318211,
       5486349.788321814
      ],
      [
       699836.5,
       5486349.7
      ]
     ]
    ]
   },
   "properties": {
    "grundstueck": "S13",
    "nr": 0,
    "klasse": "pool",
    "hoehe_geschaetzt_m": null,
    "hoehe_quelle": null,
    "umriss_methode": "Kreis von Hand",
    "sicher": true,
    "notiz": "runder Aufstellpool (dunkel, abgedeckt?), im Laser ohne Echos",
    "split": "dev",
    "zone": "Siedlung"
   }
  },
  {
   "type": "Feature",
   "geometry": {
    "type": "Polygon",
    "coordinates": [
     [
      [
       699836.702376019,
       5486339.117912547
      ],
      [
       699840.3066450139,
       5486341.641648866
      ],
      [
       699837.8976239811,
       5486345.0820874525
      ],
      [
       699834.2933549862,
       5486342.558351133
      ],
      [
       699836.702376019,
       5486339.117912547
      ]
     ]
    ]
   },
   "properties": {
    "grundstueck": "S13",
    "nr": 1,
    "klasse": "gartenhaus",
    "hoehe_geschaetzt_m": 3.06,
    "hoehe_quelle": "Laser 2025, 99. Perzentil über Bodenpunkten (automatisch, nur Konsistenz)",
    "umriss_methode": "Rechteck von Hand",
    "sicher": true,
    "notiz": "Gartenhaus mit hellem Dach, Laser ~3 m",
    "split": "dev",
    "zone": "Siedlung"
   }
  },
  {
   "type": "Feature",
   "geometry": {
    "type": "Polygon",
    "coordinates": [
     [
      [
       699828.3514428416,
       5486340.142949193
      ],
      [
       699832.2485571585,
       5486342.392949193
      ],
      [
       699830.2485571585,
       5486345.857050807
      ],
      [
       699826.3514428416,
       5486343.607050807
      ],
      [
       699828.3514428416,
       5486340.142949193
      ]
     ]
    ]
   },
   "properties": {
    "grundstueck": "S13",
    "nr": 2,
    "klasse": "gartenhaus",
    "hoehe_geschaetzt_m": 4.83,
    "hoehe_quelle": "Laser 2025, 99. Perzentil über Bodenpunkten (automatisch, nur Konsistenz)",
    "umriss_methode": "Rechteck von Hand",
    "sicher": true,
    "notiz": "Pavillon/Gartenhaus mit Walmdach an der Westgrenze",
    "split": "dev",
    "zone": "Siedlung"
   }
  },
  {
   "type": "Feature",
   "geometry": {
    "type": "Polygon",
    "coordinates": [
     [
      [
       699838.0,
       5486336.0
      ],
      [
       699842.0,
       5486333.0
      ],
      [
       699846.0,
       5486335.0
      ],
      [
       699847.0,
       5486340.0
      ],
      [
       699843.0,
       5486343.0
      ],
      [
       699839.0,
       5486341.0
      ],
      [
       699838.0,
       5486336.0
      ]
     ]
    ]
   },
   "properties": {
    "grundstueck": "S13",
    "nr": 3,
    "klasse": "baum",
    "hoehe_geschaetzt_m": 4.17,
    "hoehe_quelle": "Laser 2025, 99. Perzentil über Bodenpunkten (automatisch, nur Konsistenz)",
    "umriss_methode": "Eckpunkte von Hand",
    "sicher": true,
    "notiz": "Laubbaum (Krone im DOP 2023)",
    "split": "dev",
    "zone": "Siedlung"
   }
  },
  {
   "type": "Feature",
   "geometry": {
    "type": "Polygon",
    "coordinates": [
     [
      [
       699812.5,
       5486323.0
      ],
      [
       699817.5,
       5486320.0
      ],
      [
       699822.0,
       5486326.0
      ],
      [
       699825.0,
       5486330.0
      ],
      [
       699821.0,
       5486334.0
      ],
      [
       699818.0,
       5486338.0
      ],
      [
       699816.0,
       5486331.0
      ],
      [
       699812.5,
       5486323.0
      ]
     ]
    ]
   },
   "properties": {
    "grundstueck": "S13",
    "nr": 4,
    "klasse": "terrasse",
    "hoehe_geschaetzt_m": null,
    "hoehe_quelle": null,
    "umriss_methode": "Eckpunkte von Hand",
    "sicher": false,
    "notiz": "Zufahrt, grob",
    "split": "dev",
    "zone": "Siedlung"
   }
  },
  {
   "type": "Feature",
   "geometry": {
    "type": "Polygon",
    "coordinates": [
     [
      [
       699087.5,
       5486511.5
      ],
      [
       699091.0,
       5486511.5
      ],
      [
       699092.0,
       5486514.5
      ],
      [
       699091.0,
       5486517.0
      ],
      [
       699088.0,
       5486517.0
      ],
      [
       699087.0,
       5486514.5
      ],
      [
       699087.5,
       5486511.5
      ]
     ]
    ]
   },
   "properties": {
    "grundstueck": "S14",
    "nr": 0,
    "klasse": "baum",
    "hoehe_geschaetzt_m": 1.7,
    "hoehe_quelle": "Laser 2025, 99. Perzentil über Bodenpunkten (automatisch, nur Konsistenz)",
    "umriss_methode": "Eckpunkte von Hand",
    "sicher": false,
    "notiz": "Nadelbaum im DOP 2023 (gelblich), im Laser 2025 nicht mehr vorhanden",
    "split": "dev",
    "zone": "Siedlung"
   }
  },
  {
   "type": "Feature",
   "geometry": {
    "type": "Polygon",
    "coordinates": [
     [
      [
       699108.5,
       5486514.4
      ],
      [
       699111.2,
       5486514.4
      ],
      [
       699111.2,
       5486517.6
      ],
      [
       699108.5,
       5486517.6
      ],
      [
       699108.5,
       5486514.4
      ]
     ]
    ]
   },
   "properties": {
    "grundstueck": "S14",
    "nr": 1,
    "klasse": "strauch",
    "hoehe_geschaetzt_m": 4.25,
    "hoehe_quelle": "Laser 2025, 99. Perzentil über Bodenpunkten (automatisch, nur Konsistenz)",
    "umriss_methode": "Eckpunkte von Hand",
    "sicher": true,
    "notiz": "Strauch/Bäumchen ~3 m",
    "split": "dev",
    "zone": "Siedlung"
   }
  },
  {
   "type": "Feature",
   "geometry": {
    "type": "Polygon",
    "coordinates": [
     [
      [
       699087.05,
       5486503.2
      ],
      [
       699087.0472897765,
       5486503.089597733
      ],
      [
       699087.039165635,
       5486502.979461434
      ],
      [
       699087.0256471474,
       5486502.869856433
      ],
      [
       699087.006766881,
       5486502.761046776
      ],
      [
       699086.9825703198,
       5486502.653294595
      ],
      [
       699086.9531157555,
       5486502.546859477
      ],
      [
       699086.9184741467,
       5486502.44199783
      ],
      [
       699086.8787289482,
       5486502.338962277
      ],
      [
       699086.8339759096,
       5486502.23800104
      ],
      [
       699086.7843228448,
       5486502.139357342
      ],
      [
       699086.7298893726,
       5486502.043268826
      ],
      [
       699086.6708066277,
       5486501.9499669755
      ],
      [
       699086.6072169458,
       5486501.859676565
      ],
      [
       699086.5392735201,
       5486501.7726151105
      ],
      [
       699086.4671400321,
       5486501.688992352
      ],
      [
       699086.3909902577,
       5486501.609009743
      ],
      [
       699086.3110076485,
       5486501.532859968
      ],
      [
       699086.2273848894,
       5486501.46072648
      ],
      [
       699086.1403234352,
       5486501.392783054
      ],
      [
       699086.0500330244,
       5486501.329193372
      ],
      [
       699085.9567311745,
       5486501.270110628
      ],
      [
       699085.8606426578,
       5486501.215677155
      ],
      [
       699085.7619989603,
       5486501.166024091
      ],
      [
       699085.6610377228,
       5486501.121271052
      ],
      [
       699085.5580021702,
       5486501.081525854
      ],
      [
       699085.4531405239,
       5486501.046884245
      ],
      [
       699085.3467054048,
       5486501.017429681
      ],
      [
       699085.2389532246,
       5486500.993233119
      ],
      [
       699085.1301435676,
       5486500.974352852
      ],
      [
       699085.0205385658,
       5486500.960834365
      ],
      [
       699084.9104022672,
       5486500.952710223
      ],
      [
       699084.8,
       5486500.95
      ],
      [
       699084.6895977329,
       5486500.952710223
      ],
      [
       699084.5794614343,
       5486500.960834365
      ],
      [
       699084.4698564325,
       5486500.974352852
      ],
      [
       699084.3610467755,
       5486500.993233119
      ],
      [
       699084.2532945953,
       5486501.017429681
      ],
      [
       699084.1468594762,
       5486501.046884245
      ],
      [
       699084.0419978299,
       5486501.081525854
      ],
      [
       699083.9389622773,
       5486501.121271052
      ],
      [
       699083.8380010398,
       5486501.166024091
      ],
      [
       699083.7393573422,
       5486501.215677155
      ],
      [
       699083.6432688256,
       5486501.270110628
      ],
      [
       699083.5499669757,
       5486501.329193372
      ],
      [
       699083.4596765649,
       5486501.392783054
      ],
      [
       699083.3726151107,
       5486501.46072648
      ],
      [
       699083.2889923516,
       5486501.532859968
      ],
      [
       699083.2090097424,
       5486501.609009743
      ],
      [
       699083.132859968,
       5486501.688992352
      ],
      [
       699083.06072648,
       5486501.7726151105
      ],
      [
       699082.9927830542,
       5486501.859676565
      ],
      [
       699082.9291933724,
       5486501.9499669755
      ],
      [
       699082.8701106275,
       5486502.043268826
      ],
      [
       699082.8156771553,
       5486502.139357342
      ],
      [
       699082.7660240905,
       5486502.23800104
      ],
      [
       699082.7212710519,
       5486502.338962277
      ],
      [
       699082.6815258533,
       5486502.44199783
      ],
      [
       699082.6468842446,
       5486502.546859477
      ],
      [
       699082.6174296803,
       5486502.653294595
      ],
      [
       699082.5932331191,
       5486502.761046776
      ],
      [
       699082.5743528527,
       5486502.869856433
      ],
      [
       699082.5608343651,
       5486502.979461434
      ],
      [
       699082.5527102236,
       5486503.089597733
      ],
      [
       699082.55,
       5486503.2
      ],
      [
       699082.5527102236,
       5486503.310402268
      ],
      [
       699082.5608343651,
       5486503.420538566
      ],
      [
       699082.5743528527,
       5486503.530143567
      ],
      [
       699082.5932331191,
       5486503.638953225
      ],
      [
       699082.6174296803,
       5486503.746705405
      ],
      [
       699082.6468842446,
       5486503.853140524
      ],
      [
       699082.6815258533,
       5486503.958002171
      ],
      [
       699082.7212710519,
       5486504.061037723
      ],
      [
       699082.7660240905,
       5486504.16199896
      ],
      [
       699082.8156771553,
       5486504.260642658
      ],
      [
       699082.8701106275,
       5486504.3567311745
      ],
      [
       699082.9291933724,
       5486504.450033025
      ],
      [
       699082.9927830542,
       5486504.540323435
      ],
      [
       699083.06072648,
       5486504.62738489
      ],
      [
       699083.132859968,
       5486504.711007648
      ],
      [
       699083.2090097424,
       5486504.790990258
      ],
      [
       699083.2889923516,
       5486504.867140032
      ],
      [
       699083.3726151107,
       5486504.93927352
      ],
      [
       699083.4596765649,
       5486505.007216946
      ],
      [
       699083.5499669757,
       5486505.070806628
      ],
      [
       699083.6432688256,
       5486505.129889373
      ],
      [
       699083.7393573422,
       5486505.184322845
      ],
      [
       699083.8380010398,
       5486505.23397591
      ],
      [
       699083.9389622773,
       5486505.278728948
      ],
      [
       699084.0419978299,
       5486505.318474147
      ],
      [
       699084.1468594762,
       5486505.353115755
      ],
      [
       699084.2532945953,
       5486505.38257032
      ],
      [
       699084.3610467755,
       5486505.406766881
      ],
      [
       699084.4698564325,
       5486505.425647148
      ],
      [
       699084.5794614343,
       5486505.439165635
      ],
      [
       699084.6895977329,
       5486505.447289777
      ],
      [
       699084.8,
       5486505.45
      ],
      [
       699084.9104022672,
       5486505.447289777
      ],
      [
       699085.0205385658,
       5486505.439165635
      ],
      [
       699085.1301435676,
       5486505.425647148
      ],
      [
       699085.2389532246,
       5486505.406766881
      ],
      [
       699085.3467054048,
       5486505.38257032
      ],
      [
       699085.4531405239,
       5486505.353115755
      ],
      [
       699085.5580021702,
       5486505.318474147
      ],
      [
       699085.6610377228,
       5486505.278728948
      ],
      [
       699085.7619989603,
       5486505.23397591
      ],
      [
       699085.8606426578,
       5486505.184322845
      ],
      [
       699085.9567311745,
       5486505.129889373
      ],
      [
       699086.0500330244,
       5486505.070806628
      ],
      [
       699086.1403234352,
       5486505.007216946
      ],
      [
       699086.2273848894,
       5486504.93927352
      ],
      [
       699086.3110076485,
       5486504.867140032
      ],
      [
       699086.3909902577,
       5486504.790990258
      ],
      [
       699086.4671400321,
       5486504.711007648
      ],
      [
       699086.5392735201,
       5486504.62738489
      ],
      [
       699086.6072169458,
       5486504.540323435
      ],
      [
       699086.6708066277,
       5486504.450033025
      ],
      [
       699086.7298893726,
       5486504.3567311745
      ],
      [
       699086.7843228448,
       5486504.260642658
      ],
      [
       699086.8339759096,
       5486504.16199896
      ],
      [
       699086.8787289482,
       5486504.061037723
      ],
      [
       699086.9184741467,
       5486503.958002171
      ],
      [
       699086.9531157555,
       5486503.853140524
      ],
      [
       699086.9825703198,
       5486503.746705405
      ],
      [
       699087.006766881,
       5486503.638953225
      ],
      [
       699087.0256471474,
       5486503.530143567
      ],
      [
       699087.039165635,
       5486503.420538566
      ],
      [
       699087.0472897765,
       5486503.310402268
      ],
      [
       699087.05,
       5486503.2
      ]
     ]
    ]
   },
   "properties": {
    "grundstueck": "S14",
    "nr": 2,
    "klasse": "baum",
    "hoehe_geschaetzt_m": 5.68,
    "hoehe_quelle": "Laser 2025, 99. Perzentil über Bodenpunkten (automatisch, nur Konsistenz)",
    "umriss_methode": "Kreis von Hand",
    "sicher": true,
    "notiz": "Nadelbaum ~5 m an der Südgrenze",
    "split": "dev",
    "zone": "Siedlung"
   }
  },
  {
   "type": "Feature",
   "geometry": {
    "type": "Polygon",
    "coordinates": [
     [
      [
       699105.5,
       5486504.0
      ],
      [
       699109.0,
       5486504.0
      ],
      [
       699109.0,
       5486508.0
      ],
      [
       699105.5,
       5486508.0
      ],
      [
       699105.5,
       5486504.0
      ]
     ]
    ]
   },
   "properties": {
    "grundstueck": "S14",
    "nr": 3,
    "klasse": "strauch",
    "hoehe_geschaetzt_m": 2.5,
    "hoehe_quelle": "Laser 2025, 99. Perzentil über Bodenpunkten (automatisch, nur Konsistenz)",
    "umriss_methode": "Eckpunkte von Hand",
    "sicher": false,
    "notiz": "Sträucher an der Ostgrenze",
    "split": "dev",
    "zone": "Siedlung"
   }
  },
  {
   "type": "Feature",
   "geometry": {
    "type": "Polygon",
    "coordinates": [
     [
      [
       699256.0,
       5486333.7
      ],
      [
       699259.0,
       5486333.7
      ],
      [
       699259.0,
       5486336.3
      ],
      [
       699256.0,
       5486336.3
      ],
      [
       699256.0,
       5486333.7
      ]
     ]
    ]
   },
   "properties": {
    "grundstueck": "S15",
    "nr": 0,
    "klasse": "strauch",
    "hoehe_geschaetzt_m": 1.46,
    "hoehe_quelle": "Laser 2025, 99. Perzentil über Bodenpunkten (automatisch, nur Konsistenz)",
    "umriss_methode": "Eckpunkte von Hand",
    "sicher": false,
    "notiz": "kleiner Strauch im Vorgarten, Laser schwach",
    "split": "dev",
    "zone": "Siedlung"
   }
  },
  {
   "type": "Feature",
   "geometry": {
    "type": "Polygon",
    "coordinates": [
     [
      [
       698794.0,
       5487553.0
      ],
      [
       698800.0,
       5487553.0
      ],
      [
       698800.5,
       5487558.0
      ],
      [
       698798.0,
       5487561.5
      ],
      [
       698794.5,
       5487559.0
      ],
      [
       698794.0,
       5487553.0
      ]
     ]
    ]
   },
   "properties": {
    "grundstueck": "S16",
    "nr": 0,
    "klasse": "baum",
    "hoehe_geschaetzt_m": 5.94,
    "hoehe_quelle": "Laser 2025, 99. Perzentil über Bodenpunkten (automatisch, nur Konsistenz)",
    "umriss_methode": "Eckpunkte von Hand",
    "sicher": true,
    "notiz": "Baumgruppe in der SO-Ecke",
    "split": "test",
    "zone": "Siedlung"
   }
  },
  {
   "type": "Feature",
   "geometry": {
    "type": "Polygon",
    "coordinates": [
     [
      [
       698778.75,
       5487557.8
      ],
      [
       698778.7488556835,
       5487557.75338571
      ],
      [
       698778.7454254904,
       5487557.706883716
      ],
      [
       698778.7397176846,
       5487557.660606049
      ],
      [
       698778.7317460164,
       5487557.614664194
      ],
      [
       698778.7215296905,
       5487557.569168829
      ],
      [
       698778.709093319,
       5487557.524229556
      ],
      [
       698778.694466862,
       5487557.479954639
      ],
      [
       698778.6776855559,
       5487557.436450739
      ],
      [
       698778.6587898285,
       5487557.393822661
      ],
      [
       698778.6378252011,
       5487557.3521731
      ],
      [
       698778.6148421796,
       5487557.311602393
      ],
      [
       698778.5898961318,
       5487557.272208278
      ],
      [
       698778.5630471549,
       5487557.23408566
      ],
      [
       698778.5343599308,
       5487557.19732638
      ],
      [
       698778.5039035692,
       5487557.162018993
      ],
      [
       698778.4717514422,
       5487557.128248557
      ],
      [
       698778.4379810072,
       5487557.096096431
      ],
      [
       698778.40267362,
       5487557.06564007
      ],
      [
       698778.3659143393,
       5487557.036952845
      ],
      [
       698778.3277917214,
       5487557.010103868
      ],
      [
       698778.288397607,
       5487556.98515782
      ],
      [
       698778.2478269,
       5487556.962174798
      ],
      [
       698778.2061773388,
       5487556.941210171
      ],
      [
       698778.1635492608,
       5487556.922314444
      ],
      [
       698778.1200453608,
       5487556.905533138
      ],
      [
       698778.0757704434,
       5487556.890906681
      ],
      [
       698778.030831171,
       5487556.878470309
      ],
      [
       698777.9853358059,
       5487556.868253984
      ],
      [
       698777.9393939507,
       5487556.860282315
      ],
      [
       698777.8931162833,
       5487556.85457451
      ],
      [
       698777.8466142906,
       5487556.851144317
      ],
      [
       698777.8,
       5487556.85
      ],
      [
       698777.7533857095,
       5487556.851144317
      ],
      [
       698777.7068837167,
       5487556.85457451
      ],
      [
       698777.6606060494,
       5487556.860282315
      ],
      [
       698777.6146641942,
       5487556.868253984
      ],
      [
       698777.5691688291,
       5487556.878470309
      ],
      [
       698777.5242295567,
       5487556.890906681
      ],
      [
       698777.4799546393,
       5487556.905533138
      ],
      [
       698777.4364507393,
       5487556.922314444
      ],
      [
       698777.3938226613,
       5487556.941210171
      ],
      [
       698777.3521731001,
       5487556.962174798
      ],
      [
       698777.311602393,
       5487556.98515782
      ],
      [
       698777.2722082786,
       5487557.010103868
      ],
      [
       698777.2340856608,
       5487557.036952845
      ],
      [
       698777.1973263801,
       5487557.06564007
      ],
      [
       698777.1620189929,
       5487557.096096431
      ],
      [
       698777.1282485579,
       5487557.128248557
      ],
      [
       698777.0960964309,
       5487557.162018993
      ],
      [
       698777.0656400693,
       5487557.19732638
      ],
      [
       698777.0369528452,
       5487557.23408566
      ],
      [
       698777.0101038683,
       5487557.272208278
      ],
      [
       698776.9851578205,
       5487557.311602393
      ],
      [
       698776.962174799,
       5487557.3521731
      ],
      [
       698776.9412101716,
       5487557.393822661
      ],
      [
       698776.9223144442,
       5487557.436450739
      ],
      [
       698776.9055331381,
       5487557.479954639
      ],
      [
       698776.8909066811,
       5487557.524229556
      ],
      [
       698776.8784703095,
       5487557.569168829
      ],
      [
       698776.8682539837,
       5487557.614664194
      ],
      [
       698776.8602823155,
       5487557.660606049
      ],
      [
       698776.8545745097,
       5487557.706883716
      ],
      [
       698776.8511443166,
       5487557.75338571
      ],
      [
       698776.8500000001,
       5487557.8
      ],
      [
       698776.8511443166,
       5487557.84661429
      ],
      [
       698776.8545745097,
       5487557.893116283
      ],
      [
       698776.8602823155,
       5487557.939393951
      ],
      [
       698776.8682539837,
       5487557.985335805
      ],
      [
       698776.8784703095,
       5487558.03083117
      ],
      [
       698776.8909066811,
       5487558.075770443
      ],
      [
       698776.9055331381,
       5487558.12004536
      ],
      [
       698776.9223144442,
       5487558.16354926
      ],
      [
       698776.9412101716,
       5487558.206177339
      ],
      [
       698776.962174799,
       5487558.247826899
      ],
      [
       698776.9851578205,
       5487558.288397606
      ],
      [
       698777.0101038683,
       5487558.327791722
      ],
      [
       698777.0369528452,
       5487558.365914339
      ],
      [
       698777.0656400693,
       5487558.40267362
      ],
      [
       698777.0960964309,
       5487558.437981007
      ],
      [
       698777.1282485579,
       5487558.471751442
      ],
      [
       698777.1620189929,
       5487558.503903569
      ],
      [
       698777.1973263801,
       5487558.53435993
      ],
      [
       698777.2340856608,
       5487558.563047155
      ],
      [
       698777.2722082786,
       5487558.589896131
      ],
      [
       698777.311602393,
       5487558.614842179
      ],
      [
       698777.3521731001,
       5487558.637825201
      ],
      [
       698777.3938226613,
       5487558.658789828
      ],
      [
       698777.4364507393,
       5487558.677685556
      ],
      [
       698777.4799546393,
       5487558.694466862
      ],
      [
       698777.5242295567,
       5487558.709093318
      ],
      [
       698777.5691688291,
       5487558.721529691
      ],
      [
       698777.6146641942,
       5487558.731746016
      ],
      [
       698777.6606060494,
       5487558.739717685
      ],
      [
       698777.7068837167,
       5487558.74542549
      ],
      [
       698777.7533857095,
       5487558.748855683
      ],
      [
       698777.8,
       5487558.75
      ],
      [
       698777.8466142906,
       5487558.748855683
      ],
      [
       698777.8931162833,
       5487558.74542549
      ],
      [
       698777.9393939507,
       5487558.739717685
      ],
      [
       698777.9853358059,
       5487558.731746016
      ],
      [
       698778.030831171,
       5487558.721529691
      ],
      [
       698778.0757704434,
       5487558.709093318
      ],
      [
       698778.1200453608,
       5487558.694466862
      ],
      [
       698778.1635492608,
       5487558.677685556
      ],
      [
       698778.2061773388,
       5487558.658789828
      ],
      [
       698778.2478269,
       5487558.637825201
      ],
      [
       698778.288397607,
       5487558.614842179
      ],
      [
       698778.3277917214,
       5487558.589896131
      ],
      [
       698778.3659143393,
       5487558.563047155
      ],
      [
       698778.40267362,
       5487558.53435993
      ],
      [
       698778.4379810072,
       5487558.503903569
      ],
      [
       698778.4717514422,
       5487558.471751442
      ],
      [
       698778.5039035692,
       5487558.437981007
      ],
      [
       698778.5343599308,
       5487558.40267362
      ],
      [
       698778.5630471549,
       5487558.365914339
      ],
      [
       698778.5898961318,
       5487558.327791722
      ],
      [
       698778.6148421796,
       5487558.288397606
      ],
      [
       698778.6378252011,
       5487558.247826899
      ],
      [
       698778.6587898285,
       5487558.206177339
      ],
      [
       698778.6776855559,
       5487558.16354926
      ],
      [
       698778.694466862,
       5487558.12004536
      ],
      [
       698778.709093319,
       5487558.075770443
      ],
      [
       698778.7215296905,
       5487558.03083117
      ],
      [
       698778.7317460164,
       5487557.985335805
      ],
      [
       698778.7397176846,
       5487557.939393951
      ],
      [
       698778.7454254904,
       5487557.893116283
      ],
      [
       698778.7488556835,
       5487557.84661429
      ],
      [
       698778.75,
       5487557.8
      ]
     ]
    ]
   },
   "properties": {
    "grundstueck": "S16",
    "nr": 1,
    "klasse": "baum",
    "hoehe_geschaetzt_m": 6.56,
    "hoehe_quelle": "Laser 2025, 99. Perzentil über Bodenpunkten (automatisch, nur Konsistenz)",
    "umriss_methode": "Kreis von Hand",
    "sicher": true,
    "notiz": "kleiner Nadelbaum ~4 m",
    "split": "test",
    "zone": "Siedlung"
   }
  },
  {
   "type": "Feature",
   "geometry": {
    "type": "Polygon",
    "coordinates": [
     [
      [
       698782.5,
       5487555.8
      ],
      [
       698782.498434093,
       5487555.7362120235
      ],
      [
       698782.4937401447,
       5487555.672577717
      ],
      [
       698782.485929463,
       5487555.609250383
      ],
      [
       698782.4750208645,
       5487555.546382581
      ],
      [
       698782.4610406291,
       5487555.484125766
      ],
      [
       698782.4440224364,
       5487555.42262992
      ],
      [
       698782.4240072847,
       5487555.362043191
      ],
      [
       698782.4010433923,
       5487555.302511537
      ],
      [
       698782.375186081,
       5487555.244178378
      ],
      [
       698782.3464976436,
       5487555.187184242
      ],
      [
       698782.315047193,
       5487555.131666432
      ],
      [
       698782.2809104959,
       5487555.077758697
      ],
      [
       698782.2441697909,
       5487555.025590904
      ],
      [
       698782.2049135893,
       5487554.97528873
      ],
      [
       698782.1632364629,
       5487554.926973359
      ],
      [
       698782.1192388155,
       5487554.880761185
      ],
      [
       698782.0730266413,
       5487554.836763537
      ],
      [
       698782.0247112694,
       5487554.795086411
      ],
      [
       698781.9744090958,
       5487554.755830209
      ],
      [
       698781.9222413029,
       5487554.719089503
      ],
      [
       698781.8683335674,
       5487554.684952807
      ],
      [
       698781.8128157578,
       5487554.653502356
      ],
      [
       698781.7558216214,
       5487554.624813919
      ],
      [
       698781.697488462,
       5487554.598956607
      ],
      [
       698781.6379568094,
       5487554.575992715
      ],
      [
       698781.5773700804,
       5487554.555977563
      ],
      [
       698781.5158742338,
       5487554.538959371
      ],
      [
       698781.4536174185,
       5487554.524979135
      ],
      [
       698781.3907496168,
       5487554.514070537
      ],
      [
       698781.3274222824,
       5487554.506259855
      ],
      [
       698781.2637879766,
       5487554.501565907
      ],
      [
       698781.2,
       5487554.5
      ],
      [
       698781.1362120233,
       5487554.501565907
      ],
      [
       698781.0725777175,
       5487554.506259855
      ],
      [
       698781.0092503831,
       5487554.514070537
      ],
      [
       698780.9463825814,
       5487554.524979135
      ],
      [
       698780.8841257661,
       5487554.538959371
      ],
      [
       698780.8226299195,
       5487554.555977563
      ],
      [
       698780.7620431905,
       5487554.575992715
      ],
      [
       698780.7025115379,
       5487554.598956607
      ],
      [
       698780.6441783785,
       5487554.624813919
      ],
      [
       698780.5871842421,
       5487554.653502356
      ],
      [
       698780.5316664325,
       5487554.684952807
      ],
      [
       698780.477758697,
       5487554.719089503
      ],
      [
       698780.4255909041,
       5487554.755830209
      ],
      [
       698780.3752887305,
       5487554.795086411
      ],
      [
       698780.3269733586,
       5487554.836763537
      ],
      [
       698780.2807611844,
       5487554.880761185
      ],
      [
       698780.236763537,
       5487554.926973359
      ],
      [
       698780.1950864106,
       5487554.97528873
      ],
      [
       698780.155830209,
       5487555.025590904
      ],
      [
       698780.119089504,
       5487555.077758697
      ],
      [
       698780.0849528069,
       5487555.131666432
      ],
      [
       698780.0535023563,
       5487555.187184242
      ],
      [
       698780.0248139189,
       5487555.244178378
      ],
      [
       698779.9989566077,
       5487555.302511537
      ],
      [
       698779.9759927152,
       5487555.362043191
      ],
      [
       698779.9559775635,
       5487555.42262992
      ],
      [
       698779.9389593708,
       5487555.484125766
      ],
      [
       698779.9249791354,
       5487555.546382581
      ],
      [
       698779.914070537,
       5487555.609250383
      ],
      [
       698779.9062598553,
       5487555.672577717
      ],
      [
       698779.9015659069,
       5487555.7362120235
      ],
      [
       698779.8999999999,
       5487555.8
      ],
      [
       698779.9015659069,
       5487555.863787976
      ],
      [
       698779.9062598553,
       5487555.927422282
      ],
      [
       698779.914070537,
       5487555.990749616
      ],
      [
       698779.9249791354,
       5487556.053617419
      ],
      [
       698779.9389593708,
       5487556.115874234
      ],
      [
       698779.9559775635,
       5487556.17737008
      ],
      [
       698779.9759927152,
       5487556.237956809
      ],
      [
       698779.9989566077,
       5487556.297488462
      ],
      [
       698780.0248139189,
       5487556.355821622
      ],
      [
       698780.0535023563,
       5487556.412815758
      ],
      [
       698780.0849528069,
       5487556.4683335675
      ],
      [
       698780.119089504,
       5487556.522241303
      ],
      [
       698780.155830209,
       5487556.574409096
      ],
      [
       698780.1950864106,
       5487556.6247112695
      ],
      [
       698780.236763537,
       5487556.673026641
      ],
      [
       698780.2807611844,
       5487556.719238815
      ],
      [
       698780.3269733586,
       5487556.763236463
      ],
      [
       698780.3752887305,
       5487556.804913589
      ],
      [
       698780.4255909041,
       5487556.844169791
      ],
      [
       698780.477758697,
       5487556.880910496
      ],
      [
       698780.5316664325,
       5487556.915047193
      ],
      [
       698780.5871842421,
       5487556.946497643
      ],
      [
       698780.6441783785,
       5487556.975186081
      ],
      [
       698780.7025115379,
       5487557.001043392
      ],
      [
       698780.7620431905,
       5487557.024007285
      ],
      [
       698780.8226299195,
       5487557.044022436
      ],
      [
       698780.8841257661,
       5487557.061040629
      ],
      [
       698780.9463825814,
       5487557.075020865
      ],
      [
       698781.0092503831,
       5487557.085929463
      ],
      [
       698781.0725777175,
       5487557.093740145
      ],
      [
       698781.1362120233,
       5487557.0984340925
      ],
      [
       698781.2,
       5487557.1
      ],
      [
       698781.2637879766,
       5487557.0984340925
      ],
      [
       698781.3274222824,
       5487557.093740145
      ],
      [
       698781.3907496168,
       5487557.085929463
      ],
      [
       698781.4536174185,
       5487557.075020865
      ],
      [
       698781.5158742338,
       5487557.061040629
      ],
      [
       698781.5773700804,
       5487557.044022436
      ],
      [
       698781.6379568094,
       5487557.024007285
      ],
      [
       698781.697488462,
       5487557.001043392
      ],
      [
       698781.7558216214,
       5487556.975186081
      ],
      [
       698781.8128157578,
       5487556.946497643
      ],
      [
       698781.8683335674,
       5487556.915047193
      ],
      [
       698781.9222413029,
       5487556.880910496
      ],
      [
       698781.9744090958,
       5487556.844169791
      ],
      [
       698782.0247112694,
       5487556.804913589
      ],
      [
       698782.0730266413,
       5487556.763236463
      ],
      [
       698782.1192388155,
       5487556.719238815
      ],
      [
       698782.1632364629,
       5487556.673026641
      ],
      [
       698782.2049135893,
       5487556.6247112695
      ],
      [
       698782.2441697909,
       5487556.574409096
      ],
      [
       698782.2809104959,
       5487556.522241303
      ],
      [
       698782.315047193,
       5487556.4683335675
      ],
      [
       698782.3464976436,
       5487556.412815758
      ],
      [
       698782.375186081,
       5487556.355821622
      ],
      [
       698782.4010433923,
       5487556.297488462
      ],
      [
       698782.4240072847,
       5487556.237956809
      ],
      [
       698782.4440224364,
       5487556.17737008
      ],
      [
       698782.4610406291,
       5487556.115874234
      ],
      [
       698782.4750208645,
       5487556.053617419
      ],
      [
       698782.485929463,
       5487555.990749616
      ],
      [
       698782.4937401447,
       5487555.927422282
      ],
      [
       698782.498434093,
       5487555.863787976
      ],
      [
       698782.5,
       5487555.8
      ]
     ]
    ]
   },
   "properties": {
    "grundstueck": "S16",
    "nr": 2,
    "klasse": "baum",
    "hoehe_geschaetzt_m": 5.73,
    "hoehe_quelle": "Laser 2025, 99. Perzentil über Bodenpunkten (automatisch, nur Konsistenz)",
    "umriss_methode": "Kreis von Hand",
    "sicher": true,
    "notiz": "kleiner Nadelbaum ~4,5 m",
    "split": "test",
    "zone": "Siedlung"
   }
  },
  {
   "type": "Feature",
   "geometry": {
    "type": "Polygon",
    "coordinates": [
     [
      [
       698772.0,
       5487577.6
      ],
      [
       698800.0,
       5487575.8
      ],
      [
       698800.0,
       5487574.6
      ],
      [
       698772.0,
       5487576.4
      ],
      [
       698772.0,
       5487577.6
      ]
     ]
    ]
   },
   "properties": {
    "grundstueck": "S16",
    "nr": 3,
    "klasse": "hecke",
    "hoehe_geschaetzt_m": 2.39,
    "hoehe_quelle": "Laser 2025, 99. Perzentil über Bodenpunkten (automatisch, nur Konsistenz)",
    "umriss_methode": "Eckpunkte von Hand",
    "sicher": false,
    "notiz": "Gehölz an der Nordgrenze",
    "split": "test",
    "zone": "Siedlung"
   }
  },
  {
   "type": "Feature",
   "geometry": {
    "type": "Polygon",
    "coordinates": [
     [
      [
       698785.0,
       5487554.5
      ],
      [
       698789.0,
       5487554.5
      ],
      [
       698789.0,
       5487557.0
      ],
      [
       698785.0,
       5487557.0
      ],
      [
       698785.0,
       5487554.5
      ]
     ]
    ]
   },
   "properties": {
    "grundstueck": "S16",
    "nr": 4,
    "klasse": "strauch",
    "hoehe_geschaetzt_m": 2.75,
    "hoehe_quelle": "Laser 2025, 99. Perzentil über Bodenpunkten (automatisch, nur Konsistenz)",
    "umriss_methode": "Eckpunkte von Hand",
    "sicher": false,
    "notiz": "Sträucher",
    "split": "test",
    "zone": "Siedlung"
   }
  },
  {
   "type": "Feature",
   "geometry": {
    "type": "Polygon",
    "coordinates": [
     [
      [
       698668.7000000001,
       5487969.95
      ],
      [
       698668.7000000001,
       5487975.45
      ],
      [
       698665.9,
       5487975.45
      ],
      [
       698665.9,
       5487969.95
      ],
      [
       698668.7000000001,
       5487969.95
      ]
     ]
    ]
   },
   "properties": {
    "grundstueck": "S17",
    "nr": 0,
    "klasse": "carport_garage",
    "hoehe_geschaetzt_m": 3.14,
    "hoehe_quelle": "Laser 2025, 99. Perzentil über Bodenpunkten (automatisch, nur Konsistenz)",
    "umriss_methode": "Rechteck von Hand",
    "sicher": false,
    "notiz": "überdachter Durchgang/Carport zwischen Haus und Garagen, Laser ~3 m",
    "split": "dev",
    "zone": "Siedlung"
   }
  },
  {
   "type": "Feature",
   "geometry": {
    "type": "Polygon",
    "coordinates": [
     [
      [
       698660.25,
       5487954.6
      ],
      [
       698660.2488556835,
       5487954.553385709
      ],
      [
       698660.2454254904,
       5487954.506883716
      ],
      [
       698660.2397176846,
       5487954.460606049
      ],
      [
       698660.2317460164,
       5487954.414664194
      ],
      [
       698660.2215296905,
       5487954.369168829
      ],
      [
       698660.209093319,
       5487954.324229556
      ],
      [
       698660.194466862,
       5487954.279954639
      ],
      [
       698660.1776855559,
       5487954.236450739
      ],
      [
       698660.1587898285,
       5487954.1938226605
      ],
      [
       698660.1378252011,
       5487954.1521731
      ],
      [
       698660.1148421796,
       5487954.111602393
      ],
      [
       698660.0898961318,
       5487954.072208278
      ],
      [
       698660.0630471549,
       5487954.03408566
      ],
      [
       698660.0343599308,
       5487953.99732638
      ],
      [
       698660.0039035692,
       5487953.962018993
      ],
      [
       698659.9717514422,
       5487953.928248557
      ],
      [
       698659.9379810072,
       5487953.896096431
      ],
      [
       698659.90267362,
       5487953.865640069
      ],
      [
       698659.8659143393,
       5487953.836952845
      ],
      [
       698659.8277917214,
       5487953.810103868
      ],
      [
       698659.788397607,
       5487953.78515782
      ],
      [
       698659.7478269,
       5487953.762174798
      ],
      [
       698659.7061773388,
       5487953.741210171
      ],
      [
       698659.6635492608,
       5487953.722314443
      ],
      [
       698659.6200453608,
       5487953.705533138
      ],
      [
       698659.5757704434,
       5487953.690906681
      ],
      [
       698659.530831171,
       5487953.678470309
      ],
      [
       698659.4853358059,
       5487953.668253983
      ],
      [
       698659.4393939507,
       5487953.660282315
      ],
      [
       698659.3931162833,
       5487953.65457451
      ],
      [
       698659.3466142906,
       5487953.651144316
      ],
      [
       698659.3,
       5487953.649999999
      ],
      [
       698659.2533857095,
       5487953.651144316
      ],
      [
       698659.2068837167,
       5487953.65457451
      ],
      [
       698659.1606060494,
       5487953.660282315
      ],
      [
       698659.1146641942,
       5487953.668253983
      ],
      [
       698659.0691688291,
       5487953.678470309
      ],
      [
       698659.0242295567,
       5487953.690906681
      ],
      [
       698658.9799546393,
       5487953.705533138
      ],
      [
       698658.9364507393,
       5487953.722314443
      ],
      [
       698658.8938226613,
       5487953.741210171
      ],
      [
       698658.8521731001,
       5487953.762174798
      ],
      [
       698658.811602393,
       5487953.78515782
      ],
      [
       698658.7722082786,
       5487953.810103868
      ],
      [
       698658.7340856608,
       5487953.836952845
      ],
      [
       698658.6973263801,
       5487953.865640069
      ],
      [
       698658.6620189929,
       5487953.896096431
      ],
      [
       698658.6282485579,
       5487953.928248557
      ],
      [
       698658.5960964309,
       5487953.962018993
      ],
      [
       698658.5656400693,
       5487953.99732638
      ],
      [
       698658.5369528452,
       5487954.03408566
      ],
      [
       698658.5101038683,
       5487954.072208278
      ],
      [
       698658.4851578205,
       5487954.111602393
      ],
      [
       698658.462174799,
       5487954.1521731
      ],
      [
       698658.4412101716,
       5487954.1938226605
      ],
      [
       698658.4223144442,
       5487954.236450739
      ],
      [
       698658.4055331381,
       5487954.279954639
      ],
      [
       698658.3909066811,
       5487954.324229556
      ],
      [
       698658.3784703095,
       5487954.369168829
      ],
      [
       698658.3682539837,
       5487954.414664194
      ],
      [
       698658.3602823155,
       5487954.460606049
      ],
      [
       698658.3545745097,
       5487954.506883716
      ],
      [
       698658.3511443166,
       5487954.553385709
      ],
      [
       698658.3500000001,
       5487954.6
      ],
      [
       698658.3511443166,
       5487954.64661429
      ],
      [
       698658.3545745097,
       5487954.693116283
      ],
      [
       698658.3602823155,
       5487954.73939395
      ],
      [
       698658.3682539837,
       5487954.785335805
      ],
      [
       698658.3784703095,
       5487954.83083117
      ],
      [
       698658.3909066811,
       5487954.875770443
      ],
      [
       698658.4055331381,
       5487954.92004536
      ],
      [
       698658.4223144442,
       5487954.96354926
      ],
      [
       698658.4412101716,
       5487955.006177339
      ],
      [
       698658.462174799,
       5487955.047826899
      ],
      [
       698658.4851578205,
       5487955.088397606
      ],
      [
       698658.5101038683,
       5487955.127791721
      ],
      [
       698658.5369528452,
       5487955.165914339
      ],
      [
       698658.5656400693,
       5487955.20267362
      ],
      [
       698658.5960964309,
       5487955.2379810065
      ],
      [
       698658.6282485579,
       5487955.271751442
      ],
      [
       698658.6620189929,
       5487955.303903569
      ],
      [
       698658.6973263801,
       5487955.33435993
      ],
      [
       698658.7340856608,
       5487955.363047155
      ],
      [
       698658.7722082786,
       5487955.389896131
      ],
      [
       698658.811602393,
       5487955.414842179
      ],
      [
       698658.8521731001,
       5487955.437825201
      ],
      [
       698658.8938226613,
       5487955.458789828
      ],
      [
       698658.9364507393,
       5487955.477685556
      ],
      [
       698658.9799546393,
       5487955.494466862
      ],
      [
       698659.0242295567,
       5487955.509093318
      ],
      [
       698659.0691688291,
       5487955.52152969
      ],
      [
       698659.1146641942,
       5487955.531746016
      ],
      [
       698659.1606060494,
       5487955.5397176845
      ],
      [
       698659.2068837167,
       5487955.54542549
      ],
      [
       698659.2533857095,
       5487955.548855683
      ],
      [
       698659.3,
       5487955.55
      ],
      [
       698659.3466142906,
       5487955.548855683
      ],
      [
       698659.3931162833,
       5487955.54542549
      ],
      [
       698659.4393939507,
       5487955.5397176845
      ],
      [
       698659.4853358059,
       5487955.531746016
      ],
      [
       698659.530831171,
       5487955.52152969
      ],
      [
       698659.5757704434,
       5487955.509093318
      ],
      [
       698659.6200453608,
       5487955.494466862
      ],
      [
       698659.6635492608,
       5487955.477685556
      ],
      [
       698659.7061773388,
       5487955.458789828
      ],
      [
       698659.7478269,
       5487955.437825201
      ],
      [
       698659.788397607,
       5487955.414842179
      ],
      [
       698659.8277917214,
       5487955.389896131
      ],
      [
       698659.8659143393,
       5487955.363047155
      ],
      [
       698659.90267362,
       5487955.33435993
      ],
      [
       698659.9379810072,
       5487955.303903569
      ],
      [
       698659.9717514422,
       5487955.271751442
      ],
      [
       698660.0039035692,
       5487955.2379810065
      ],
      [
       698660.0343599308,
       5487955.20267362
      ],
      [
       698660.0630471549,
       5487955.165914339
      ],
      [
       698660.0898961318,
       5487955.127791721
      ],
      [
       698660.1148421796,
       5487955.088397606
      ],
      [
       698660.1378252011,
       5487955.047826899
      ],
      [
       698660.1587898285,
       5487955.006177339
      ],
      [
       698660.1776855559,
       5487954.96354926
      ],
      [
       698660.194466862,
       5487954.92004536
      ],
      [
       698660.209093319,
       5487954.875770443
      ],
      [
       698660.2215296905,
       5487954.83083117
      ],
      [
       698660.2317460164,
       5487954.785335805
      ],
      [
       698660.2397176846,
       5487954.73939395
      ],
      [
       698660.2454254904,
       5487954.693116283
      ],
      [
       698660.2488556835,
       5487954.64661429
      ],
      [
       698660.25,
       5487954.6
      ]
     ]
    ]
   },
   "properties": {
    "grundstueck": "S17",
    "nr": 1,
    "klasse": "baum",
    "hoehe_geschaetzt_m": 5.41,
    "hoehe_quelle": "Laser 2025, 99. Perzentil über Bodenpunkten (automatisch, nur Konsistenz)",
    "umriss_methode": "Kreis von Hand",
    "sicher": true,
    "notiz": "kleiner Nadelbaum ~4 m",
    "split": "dev",
    "zone": "Siedlung"
   }
  },
  {
   "type": "Feature",
   "geometry": {
    "type": "Polygon",
    "coordinates": [
     [
      [
       698672.0,
       5487950.0
      ],
      [
       698676.0,
       5487948.0
      ],
      [
       698680.0,
       5487950.5
      ],
      [
       698680.5,
       5487956.0
      ],
      [
       698678.5,
       5487962.0
      ],
      [
       698674.5,
       5487961.5
      ],
      [
       698672.0,
       5487955.0
      ],
      [
       698672.0,
       5487950.0
      ]
     ]
    ]
   },
   "properties": {
    "grundstueck": "S17",
    "nr": 2,
    "klasse": "baum",
    "hoehe_geschaetzt_m": 8.56,
    "hoehe_quelle": "Laser 2025, 99. Perzentil über Bodenpunkten (automatisch, nur Konsistenz)",
    "umriss_methode": "Eckpunkte von Hand",
    "sicher": true,
    "notiz": "Laubbaum an der Ostseite",
    "split": "dev",
    "zone": "Siedlung"
   }
  },
  {
   "type": "Feature",
   "geometry": {
    "type": "Polygon",
    "coordinates": [
     [
      [
       698651.8,
       5487947.0
      ],
      [
       698653.3,
       5487947.0
      ],
      [
       698653.3,
       5487971.0
      ],
      [
       698651.8,
       5487971.0
      ],
      [
       698651.8,
       5487947.0
      ]
     ]
    ]
   },
   "properties": {
    "grundstueck": "S17",
    "nr": 3,
    "klasse": "hecke",
    "hoehe_geschaetzt_m": 4.15,
    "hoehe_quelle": "Laser 2025, 99. Perzentil über Bodenpunkten (automatisch, nur Konsistenz)",
    "umriss_methode": "Eckpunkte von Hand",
    "sicher": true,
    "notiz": "Hecke an der Westgrenze",
    "split": "dev",
    "zone": "Siedlung"
   }
  },
  {
   "type": "Feature",
   "geometry": {
    "type": "Polygon",
    "coordinates": [
     [
      [
       698653.0,
       5487946.0
      ],
      [
       698675.0,
       5487947.5
      ],
      [
       698675.0,
       5487949.5
      ],
      [
       698653.0,
       5487948.5
      ],
      [
       698653.0,
       5487946.0
      ]
     ]
    ]
   },
   "properties": {
    "grundstueck": "S17",
    "nr": 4,
    "klasse": "hecke",
    "hoehe_geschaetzt_m": 8.74,
    "hoehe_quelle": "Laser 2025, 99. Perzentil über Bodenpunkten (automatisch, nur Konsistenz)",
    "umriss_methode": "Eckpunkte von Hand",
    "sicher": false,
    "notiz": "Gehölzstreifen an der Südgrenze",
    "split": "dev",
    "zone": "Siedlung"
   }
  },
  {
   "type": "Feature",
   "geometry": {
    "type": "Polygon",
    "coordinates": [
     [
      [
       699078.0,
       5486669.0
      ],
      [
       699084.0,
       5486668.5
      ],
      [
       699086.0,
       5486672.0
      ],
      [
       699084.5,
       5486677.0
      ],
      [
       699080.0,
       5486677.5
      ],
      [
       699077.5,
       5486673.0
      ],
      [
       699078.0,
       5486669.0
      ]
     ]
    ]
   },
   "properties": {
    "grundstueck": "S18",
    "nr": 0,
    "klasse": "baum",
    "hoehe_geschaetzt_m": 8.61,
    "hoehe_quelle": "Laser 2025, 99. Perzentil über Bodenpunkten (automatisch, nur Konsistenz)",
    "umriss_methode": "Eckpunkte von Hand",
    "sicher": true,
    "notiz": "großer Baum nördlich des Hauses",
    "split": "dev",
    "zone": "Siedlung"
   }
  },
  {
   "type": "Feature",
   "geometry": {
    "type": "Polygon",
    "coordinates": [
     [
      [
       699073.0,
       5486649.0
      ],
      [
       699079.5,
       5486649.0
      ],
      [
       699080.0,
       5486654.5
      ],
      [
       699074.0,
       5486655.0
      ],
      [
       699073.0,
       5486649.0
      ]
     ]
    ]
   },
   "properties": {
    "grundstueck": "S18",
    "nr": 1,
    "klasse": "baum",
    "hoehe_geschaetzt_m": 13.66,
    "hoehe_quelle": "Laser 2025, 99. Perzentil über Bodenpunkten (automatisch, nur Konsistenz)",
    "umriss_methode": "Eckpunkte von Hand",
    "sicher": true,
    "notiz": "Baum südlich des Hauses",
    "split": "dev",
    "zone": "Siedlung"
   }
  },
  {
   "type": "Feature",
   "geometry": {
    "type": "Polygon",
    "coordinates": [
     [
      [
       699083.5,
       5486642.0
      ],
      [
       699089.0,
       5486642.5
      ],
      [
       699090.0,
       5486648.0
      ],
      [
       699086.0,
       5486650.5
      ],
      [
       699083.5,
       5486648.0
      ],
      [
       699083.5,
       5486642.0
      ]
     ]
    ]
   },
   "properties": {
    "grundstueck": "S18",
    "nr": 2,
    "klasse": "baum",
    "hoehe_geschaetzt_m": 9.26,
    "hoehe_quelle": "Laser 2025, 99. Perzentil über Bodenpunkten (automatisch, nur Konsistenz)",
    "umriss_methode": "Eckpunkte von Hand",
    "sicher": true,
    "notiz": "Baum in der Ostecke",
    "split": "dev",
    "zone": "Siedlung"
   }
  },
  {
   "type": "Feature",
   "geometry": {
    "type": "Polygon",
    "coordinates": [
     [
      [
       699067.5,
       5486653.0
      ],
      [
       699074.0,
       5486653.0
      ],
      [
       699074.5,
       5486660.5
      ],
      [
       699068.0,
       5486661.0
      ],
      [
       699067.5,
       5486653.0
      ]
     ]
    ]
   },
   "properties": {
    "grundstueck": "S18",
    "nr": 3,
    "klasse": "baum",
    "hoehe_geschaetzt_m": 6.96,
    "hoehe_quelle": "Laser 2025, 99. Perzentil über Bodenpunkten (automatisch, nur Konsistenz)",
    "umriss_methode": "Eckpunkte von Hand",
    "sicher": true,
    "notiz": "Baum westlich des Hauses ~5 m",
    "split": "dev",
    "zone": "Siedlung"
   }
  },
  {
   "type": "Feature",
   "geometry": {
    "type": "Polygon",
    "coordinates": [
     [
      [
       699060.0,
       5486642.0
      ],
      [
       699070.0,
       5486642.0
      ],
      [
       699070.0,
       5486648.0
      ],
      [
       699061.0,
       5486648.0
      ],
      [
       699060.0,
       5486642.0
      ]
     ]
    ]
   },
   "properties": {
    "grundstueck": "S18",
    "nr": 4,
    "klasse": "strauch",
    "hoehe_geschaetzt_m": 7.22,
    "hoehe_quelle": "Laser 2025, 99. Perzentil über Bodenpunkten (automatisch, nur Konsistenz)",
    "umriss_methode": "Eckpunkte von Hand",
    "sicher": false,
    "notiz": "Gehölzgruppe in der SW-Ecke",
    "split": "dev",
    "zone": "Siedlung"
   }
  },
  {
   "type": "Feature",
   "geometry": {
    "type": "Polygon",
    "coordinates": [
     [
      [
       699091.5,
       5486650.0
      ],
      [
       699098.0,
       5486661.0
      ],
      [
       699099.0,
       5486660.4
      ],
      [
       699092.5,
       5486649.4
      ],
      [
       699091.5,
       5486650.0
      ]
     ]
    ]
   },
   "properties": {
    "grundstueck": "S18",
    "nr": 5,
    "klasse": "hecke",
    "hoehe_geschaetzt_m": 1.24,
    "hoehe_quelle": "Laser 2025, 99. Perzentil über Bodenpunkten (automatisch, nur Konsistenz)",
    "umriss_methode": "Eckpunkte von Hand",
    "sicher": true,
    "notiz": "Hecke an der Ostgrenze",
    "split": "dev",
    "zone": "Siedlung"
   }
  },
  {
   "type": "Feature",
   "geometry": {
    "type": "Polygon",
    "coordinates": [
     [
      [
       699090.5,
       5486671.3
      ],
      [
       699090.4985545476,
       5486671.241118791
      ],
      [
       699090.4942216721,
       5486671.182379431
      ],
      [
       699090.487011812,
       5486671.12392343
      ],
      [
       699090.4769423365,
       5486671.065891613
      ],
      [
       699090.4640375039,
       5486671.008423784
      ],
      [
       699090.4483284029,
       5486670.951658387
      ],
      [
       699090.4298528782,
       5486670.895732176
      ],
      [
       699090.408655439,
       5486670.840779881
      ],
      [
       699090.3847871518,
       5486670.786933888
      ],
      [
       699090.3583055172,
       5486670.734323916
      ],
      [
       699090.329274332,
       5486670.683076707
      ],
      [
       699090.2977635348,
       5486670.633315721
      ],
      [
       699090.2638490378,
       5486670.585160835
      ],
      [
       699090.2276125441,
       5486670.538728059
      ],
      [
       699090.1891413504,
       5486670.494129254
      ],
      [
       699090.1485281375,
       5486670.451471862
      ],
      [
       699090.1058707458,
       5486670.41085865
      ],
      [
       699090.061271941,
       5486670.372387456
      ],
      [
       699090.0148391655,
       5486670.336150962
      ],
      [
       699089.9666842796,
       5486670.302236465
      ],
      [
       699089.916923293,
       5486670.2707256675
      ],
      [
       699089.8656760842,
       5486670.241694483
      ],
      [
       699089.8130661121,
       5486670.215212848
      ],
      [
       699089.7592201189,
       5486670.191344561
      ],
      [
       699089.7042678241,
       5486670.170147122
      ],
      [
       699089.6483416128,
       5486670.151671597
      ],
      [
       699089.5915762159,
       5486670.135962496
      ],
      [
       699089.5341083865,
       5486670.123057663
      ],
      [
       699089.4760765694,
       5486670.112988188
      ],
      [
       699089.4176205684,
       5486670.105778328
      ],
      [
       699089.3588812093,
       5486670.101445452
      ],
      [
       699089.3,
       5486670.1
      ],
      [
       699089.2411187908,
       5486670.101445452
      ],
      [
       699089.1823794317,
       5486670.105778328
      ],
      [
       699089.1239234307,
       5486670.112988188
      ],
      [
       699089.0658916136,
       5486670.123057663
      ],
      [
       699089.0084237842,
       5486670.135962496
      ],
      [
       699088.9516583873,
       5486670.151671597
      ],
      [
       699088.895732176,
       5486670.170147122
      ],
      [
       699088.8407798812,
       5486670.191344561
      ],
      [
       699088.786933888,
       5486670.215212848
      ],
      [
       699088.7343239159,
       5486670.241694483
      ],
      [
       699088.6830767071,
       5486670.2707256675
      ],
      [
       699088.6333157205,
       5486670.302236465
      ],
      [
       699088.5851608346,
       5486670.336150962
      ],
      [
       699088.538728059,
       5486670.372387456
      ],
      [
       699088.4941292542,
       5486670.41085865
      ],
      [
       699088.4514718626,
       5486670.451471862
      ],
      [
       699088.4108586496,
       5486670.494129254
      ],
      [
       699088.372387456,
       5486670.538728059
      ],
      [
       699088.3361509623,
       5486670.585160835
      ],
      [
       699088.3022364653,
       5486670.633315721
      ],
      [
       699088.2707256681,
       5486670.683076707
      ],
      [
       699088.2416944829,
       5486670.734323916
      ],
      [
       699088.2152128483,
       5486670.786933888
      ],
      [
       699088.191344561,
       5486670.840779881
      ],
      [
       699088.1701471219,
       5486670.895732176
      ],
      [
       699088.1516715972,
       5486670.951658387
      ],
      [
       699088.1359624962,
       5486671.008423784
      ],
      [
       699088.1230576636,
       5486671.065891613
      ],
      [
       699088.112988188,
       5486671.12392343
      ],
      [
       699088.105778328,
       5486671.182379431
      ],
      [
       699088.1014454525,
       5486671.241118791
      ],
      [
       699088.1000000001,
       5486671.3
      ],
      [
       699088.1014454525,
       5486671.358881209
      ],
      [
       699088.105778328,
       5486671.417620569
      ],
      [
       699088.112988188,
       5486671.476076569
      ],
      [
       699088.1230576636,
       5486671.534108386
      ],
      [
       699088.1359624962,
       5486671.591576216
      ],
      [
       699088.1516715972,
       5486671.648341613
      ],
      [
       699088.1701471219,
       5486671.704267824
      ],
      [
       699088.191344561,
       5486671.759220119
      ],
      [
       699088.2152128483,
       5486671.813066112
      ],
      [
       699088.2416944829,
       5486671.865676084
      ],
      [
       699088.2707256681,
       5486671.916923293
      ],
      [
       699088.3022364653,
       5486671.966684279
      ],
      [
       699088.3361509623,
       5486672.014839165
      ],
      [
       699088.372387456,
       5486672.06127194
      ],
      [
       699088.4108586496,
       5486672.105870746
      ],
      [
       699088.4514718626,
       5486672.148528137
      ],
      [
       699088.4941292542,
       5486672.18914135
      ],
      [
       699088.538728059,
       5486672.227612544
      ],
      [
       699088.5851608346,
       5486672.263849038
      ],
      [
       699088.6333157205,
       5486672.297763535
      ],
      [
       699088.6830767071,
       5486672.329274332
      ],
      [
       699088.7343239159,
       5486672.358305517
      ],
      [
       699088.786933888,
       5486672.384787152
      ],
      [
       699088.8407798812,
       5486672.408655439
      ],
      [
       699088.895732176,
       5486672.429852878
      ],
      [
       699088.9516583873,
       5486672.448328403
      ],
      [
       699089.0084237842,
       5486672.464037504
      ],
      [
       699089.0658916136,
       5486672.476942336
      ],
      [
       699089.1239234307,
       5486672.487011812
      ],
      [
       699089.1823794317,
       5486672.4942216715
      ],
      [
       699089.2411187908,
       5486672.498554547
      ],
      [
       699089.3,
       5486672.5
      ],
      [
       699089.3588812093,
       5486672.498554547
      ],
      [
       699089.4176205684,
       5486672.4942216715
      ],
      [
       699089.4760765694,
       5486672.487011812
      ],
      [
       699089.5341083865,
       5486672.476942336
      ],
      [
       699089.5915762159,
       5486672.464037504
      ],
      [
       699089.6483416128,
       5486672.448328403
      ],
      [
       699089.7042678241,
       5486672.429852878
      ],
      [
       699089.7592201189,
       5486672.408655439
      ],
      [
       699089.8130661121,
       5486672.384787152
      ],
      [
       699089.8656760842,
       5486672.358305517
      ],
      [
       699089.916923293,
       5486672.329274332
      ],
      [
       699089.9666842796,
       5486672.297763535
      ],
      [
       699090.0148391655,
       5486672.263849038
      ],
      [
       699090.061271941,
       5486672.227612544
      ],
      [
       699090.1058707458,
       5486672.18914135
      ],
      [
       699090.1485281375,
       5486672.148528137
      ],
      [
       699090.1891413504,
       5486672.105870746
      ],
      [
       699090.2276125441,
       5486672.06127194
      ],
      [
       699090.2638490378,
       5486672.014839165
      ],
      [
       699090.2977635348,
       5486671.966684279
      ],
      [
       699090.329274332,
       5486671.916923293
      ],
      [
       699090.3583055172,
       5486671.865676084
      ],
      [
       699090.3847871518,
       5486671.813066112
      ],
      [
       699090.408655439,
       5486671.759220119
      ],
      [
       699090.4298528782,
       5486671.704267824
      ],
      [
       699090.4483284029,
       5486671.648341613
      ],
      [
       699090.4640375039,
       5486671.591576216
      ],
      [
       699090.4769423365,
       5486671.534108386
      ],
      [
       699090.487011812,
       5486671.476076569
      ],
      [
       699090.4942216721,
       5486671.417620569
      ],
      [
       699090.4985545476,
       5486671.358881209
      ],
      [
       699090.5,
       5486671.3
      ]
     ]
    ]
   },
   "properties": {
    "grundstueck": "S18",
    "nr": 6,
    "klasse": "strauch",
    "hoehe_geschaetzt_m": 2.07,
    "hoehe_quelle": "Laser 2025, 99. Perzentil über Bodenpunkten (automatisch, nur Konsistenz)",
    "umriss_methode": "Kreis von Hand",
    "sicher": true,
    "notiz": "Strauch",
    "split": "dev",
    "zone": "Siedlung"
   }
  },
  {
   "type": "Feature",
   "geometry": {
    "type": "Polygon",
    "coordinates": [
     [
      [
       698814.5,
       5486111.100000001
      ],
      [
       698817.5,
       5486111.100000001
      ],
      [
       698817.5,
       5486114.3
      ],
      [
       698814.5,
       5486114.3
      ],
      [
       698814.5,
       5486111.100000001
      ]
     ]
    ]
   },
   "properties": {
    "grundstueck": "S19",
    "nr": 0,
    "klasse": "gartenhaus",
    "hoehe_geschaetzt_m": null,
    "hoehe_quelle": null,
    "umriss_methode": "Rechteck von Hand",
    "sicher": false,
    "notiz": "weißes Zelt/Spitzdach-Pavillon im DOP 2023, im Laser 2025 nicht vorhanden",
    "split": "dev",
    "zone": "Siedlung"
   }
  },
  {
   "type": "Feature",
   "geometry": {
    "type": "Polygon",
    "coordinates": [
     [
      [
       698792.0,
       5486099.0
      ],
      [
       698799.0,
       5486098.0
      ],
      [
       698802.5,
       5486100.0
      ],
      [
       698802.5,
       5486106.0
      ],
      [
       698798.0,
       5486109.5
      ],
      [
       698793.0,
       5486107.5
      ],
      [
       698792.0,
       5486099.0
      ]
     ]
    ]
   },
   "properties": {
    "grundstueck": "S19",
    "nr": 1,
    "klasse": "baum",
    "hoehe_geschaetzt_m": 18.12,
    "hoehe_quelle": "Laser 2025, 99. Perzentil über Bodenpunkten (automatisch, nur Konsistenz)",
    "umriss_methode": "Eckpunkte von Hand",
    "sicher": true,
    "notiz": "großer Laubbaum SW",
    "split": "dev",
    "zone": "Siedlung"
   }
  },
  {
   "type": "Feature",
   "geometry": {
    "type": "Polygon",
    "coordinates": [
     [
      [
       698817.0,
       5486113.5
      ],
      [
       698823.0,
       5486113.0
      ],
      [
       698826.0,
       5486117.0
      ],
      [
       698824.0,
       5486122.5
      ],
      [
       698818.5,
       5486122.0
      ],
      [
       698816.5,
       5486118.0
      ],
      [
       698817.0,
       5486113.5
      ]
     ]
    ]
   },
   "properties": {
    "grundstueck": "S19",
    "nr": 2,
    "klasse": "baum",
    "hoehe_geschaetzt_m": 14.73,
    "hoehe_quelle": "Laser 2025, 99. Perzentil über Bodenpunkten (automatisch, nur Konsistenz)",
    "umriss_methode": "Eckpunkte von Hand",
    "sicher": true,
    "notiz": "großer Baum in der NO-Ecke",
    "split": "dev",
    "zone": "Siedlung"
   }
  },
  {
   "type": "Feature",
   "geometry": {
    "type": "Polygon",
    "coordinates": [
     [
      [
       698799.0,
       5486095.2
      ],
      [
       698805.5,
       5486095.2
      ],
      [
       698805.5,
       5486096.0
      ],
      [
       698799.0,
       5486096.0
      ],
      [
       698799.0,
       5486095.2
      ]
     ]
    ]
   },
   "properties": {
    "grundstueck": "S19",
    "nr": 3,
    "klasse": "hecke",
    "hoehe_geschaetzt_m": 1.01,
    "hoehe_quelle": "Laser 2025, 99. Perzentil über Bodenpunkten (automatisch, nur Konsistenz)",
    "umriss_methode": "Eckpunkte von Hand",
    "sicher": false,
    "notiz": "niedrige Hecke/Zaun an der Südgrenze",
    "split": "dev",
    "zone": "Siedlung"
   }
  },
  {
   "type": "Feature",
   "geometry": {
    "type": "Polygon",
    "coordinates": [
     [
      [
       699125.5,
       5486127.3
      ],
      [
       699137.5,
       5486126.3
      ],
      [
       699137.5,
       5486123.0
      ],
      [
       699125.5,
       5486123.5
      ],
      [
       699125.5,
       5486127.3
      ]
     ]
    ]
   },
   "properties": {
    "grundstueck": "S20",
    "nr": 0,
    "klasse": "terrasse",
    "hoehe_geschaetzt_m": null,
    "hoehe_quelle": null,
    "umriss_methode": "Eckpunkte von Hand",
    "sicher": true,
    "notiz": "gepflasterte Fläche nördlich des Hauses",
    "split": "test",
    "zone": "Siedlung"
   }
  },
  {
   "type": "Feature",
   "geometry": {
    "type": "Polygon",
    "coordinates": [
     [
      [
       699122.5,
       5486102.0
      ],
      [
       699124.5,
       5486102.0
      ],
      [
       699125.0,
       5486120.0
      ],
      [
       699122.8,
       5486120.0
      ],
      [
       699122.5,
       5486102.0
      ]
     ]
    ]
   },
   "properties": {
    "grundstueck": "S20",
    "nr": 1,
    "klasse": "terrasse",
    "hoehe_geschaetzt_m": null,
    "hoehe_quelle": null,
    "umriss_methode": "Eckpunkte von Hand",
    "sicher": false,
    "notiz": "Weg westlich des Hauses",
    "split": "test",
    "zone": "Siedlung"
   }
  }
 ]
}